build-containers-common	Set up job	∩╗┐2026-06-30T06:26:42.1531309Z Current runner version: '2.335.1'
build-containers-common	Set up job	2026-06-30T06:26:42.1559700Z ##[group]Runner Image Provisioner
build-containers-common	Set up job	2026-06-30T06:26:42.1560669Z Hosted Compute Agent
build-containers-common	Set up job	2026-06-30T06:26:42.1561304Z Version: 20260611.554
build-containers-common	Set up job	2026-06-30T06:26:42.1561980Z Commit: 5e0782fdc9014723d3be820dd114dd31555c2bd1
build-containers-common	Set up job	2026-06-30T06:26:42.1562807Z Build Date: 2026-06-11T21:40:46Z
build-containers-common	Set up job	2026-06-30T06:26:42.1563621Z Worker ID: {dc5d876c-fa73-4232-a1a8-c1155f24f276}
build-containers-common	Set up job	2026-06-30T06:26:42.1564393Z Azure Region: northcentralus
build-containers-common	Set up job	2026-06-30T06:26:42.1565084Z ##[endgroup]
build-containers-common	Set up job	2026-06-30T06:26:42.1566636Z ##[group]Operating System
build-containers-common	Set up job	2026-06-30T06:26:42.1567458Z Ubuntu
build-containers-common	Set up job	2026-06-30T06:26:42.1567995Z 24.04.4
build-containers-common	Set up job	2026-06-30T06:26:42.1568500Z LTS
build-containers-common	Set up job	2026-06-30T06:26:42.1569345Z ##[endgroup]
build-containers-common	Set up job	2026-06-30T06:26:42.1569929Z ##[group]Runner Image
build-containers-common	Set up job	2026-06-30T06:26:42.1570611Z Image: ubuntu-24.04
build-containers-common	Set up job	2026-06-30T06:26:42.1571234Z Version: 20260622.220.1
build-containers-common	Set up job	2026-06-30T06:26:42.1572309Z Included Software: https://github.com/actions/runner-images/blob/ubuntu24/20260622.220/images/ubuntu/Ubuntu2404-Readme.md
build-containers-common	Set up job	2026-06-30T06:26:42.1574098Z Image Release: https://github.com/actions/runner-images/releases/tag/ubuntu24%2F20260622.220
build-containers-common	Set up job	2026-06-30T06:26:42.1575100Z ##[endgroup]
build-containers-common	Set up job	2026-06-30T06:26:42.1576375Z ##[group]GITHUB_TOKEN Permissions
build-containers-common	Set up job	2026-06-30T06:26:42.1578610Z Contents: read
build-containers-common	Set up job	2026-06-30T06:26:42.1579643Z Metadata: read
build-containers-common	Set up job	2026-06-30T06:26:42.1580232Z Packages: read
build-containers-common	Set up job	2026-06-30T06:26:42.1580958Z ##[endgroup]
build-containers-common	Set up job	2026-06-30T06:26:42.1582992Z Secret source: Actions
build-containers-common	Set up job	2026-06-30T06:26:42.1584160Z Prepare workflow directory
build-containers-common	Set up job	2026-06-30T06:26:42.1917976Z Prepare all required actions
build-containers-common	Set up job	2026-06-30T06:26:42.2018857Z Complete job name: build-containers-common
build-containers-common	Get Container Version	∩╗┐2026-06-30T06:26:42.2751504Z ##[group]Run echo "containerver=latest" >> "$GITHUB_OUTPUT"
build-containers-common	Get Container Version	2026-06-30T06:26:42.2752573Z [36;1mecho "containerver=latest" >> "$GITHUB_OUTPUT"[0m
build-containers-common	Get Container Version	2026-06-30T06:26:42.3120652Z shell: /usr/bin/bash -e {0}
build-containers-common	Get Container Version	2026-06-30T06:26:42.3121780Z ##[endgroup]
build-containers-common	Complete job	∩╗┐2026-06-30T06:26:42.3486481Z Evaluate and set job outputs
build-containers-common	Complete job	2026-06-30T06:26:42.3520151Z Set output 'containerver'
build-containers-common	Complete job	2026-06-30T06:26:42.3522469Z Cleaning up orphan processes
build-containers (ubuntu-latest, amd64)	Set up job	∩╗┐2026-06-30T06:26:47.1168006Z Current runner version: '2.335.1'
build-containers (ubuntu-latest, amd64)	Set up job	2026-06-30T06:26:47.1202292Z ##[group]Runner Image Provisioner
build-containers (ubuntu-latest, amd64)	Set up job	2026-06-30T06:26:47.1203513Z Hosted Compute Agent
build-containers (ubuntu-latest, amd64)	Set up job	2026-06-30T06:26:47.1204530Z Version: 20260611.554
build-containers (ubuntu-latest, amd64)	Set up job	2026-06-30T06:26:47.1205661Z Commit: 5e0782fdc9014723d3be820dd114dd31555c2bd1
build-containers (ubuntu-latest, amd64)	Set up job	2026-06-30T06:26:47.1206983Z Build Date: 2026-06-11T21:40:46Z
build-containers (ubuntu-latest, amd64)	Set up job	2026-06-30T06:26:47.1208033Z Worker ID: {490c639b-feee-475f-a44b-c872e1550589}
build-containers (ubuntu-latest, amd64)	Set up job	2026-06-30T06:26:47.1209068Z Azure Region: eastus2
build-containers (ubuntu-latest, amd64)	Set up job	2026-06-30T06:26:47.1210113Z ##[endgroup]
build-containers (ubuntu-latest, amd64)	Set up job	2026-06-30T06:26:47.1212167Z ##[group]Operating System
build-containers (ubuntu-latest, amd64)	Set up job	2026-06-30T06:26:47.1213235Z Ubuntu
build-containers (ubuntu-latest, amd64)	Set up job	2026-06-30T06:26:47.1214055Z 24.04.4
build-containers (ubuntu-latest, amd64)	Set up job	2026-06-30T06:26:47.1214825Z LTS
build-containers (ubuntu-latest, amd64)	Set up job	2026-06-30T06:26:47.1215906Z ##[endgroup]
build-containers (ubuntu-latest, amd64)	Set up job	2026-06-30T06:26:47.1216747Z ##[group]Runner Image
build-containers (ubuntu-latest, amd64)	Set up job	2026-06-30T06:26:47.1217655Z Image: ubuntu-24.04
build-containers (ubuntu-latest, amd64)	Set up job	2026-06-30T06:26:47.1218676Z Version: 20260622.220.1
build-containers (ubuntu-latest, amd64)	Set up job	2026-06-30T06:26:47.1220427Z Included Software: https://github.com/actions/runner-images/blob/ubuntu24/20260622.220/images/ubuntu/Ubuntu2404-Readme.md
build-containers (ubuntu-latest, amd64)	Set up job	2026-06-30T06:26:47.1223117Z Image Release: https://github.com/actions/runner-images/releases/tag/ubuntu24%2F20260622.220
build-containers (ubuntu-latest, amd64)	Set up job	2026-06-30T06:26:47.1224680Z ##[endgroup]
build-containers (ubuntu-latest, amd64)	Set up job	2026-06-30T06:26:47.1227006Z ##[group]GITHUB_TOKEN Permissions
build-containers (ubuntu-latest, amd64)	Set up job	2026-06-30T06:26:47.1230435Z Contents: read
build-containers (ubuntu-latest, amd64)	Set up job	2026-06-30T06:26:47.1231411Z Metadata: read
build-containers (ubuntu-latest, amd64)	Set up job	2026-06-30T06:26:47.1232308Z Packages: write
build-containers (ubuntu-latest, amd64)	Set up job	2026-06-30T06:26:47.1233300Z ##[endgroup]
build-containers (ubuntu-latest, amd64)	Set up job	2026-06-30T06:26:47.1236783Z Secret source: Actions
build-containers (ubuntu-latest, amd64)	Set up job	2026-06-30T06:26:47.1239145Z Prepare workflow directory
build-containers (ubuntu-latest, amd64)	Set up job	2026-06-30T06:26:47.1686829Z Prepare all required actions
build-containers (ubuntu-latest, amd64)	Set up job	2026-06-30T06:26:47.1741231Z Getting action download info
build-containers (ubuntu-latest, amd64)	Set up job	2026-06-30T06:26:47.3852494Z Download action repository 'actions/checkout@v4' (SHA:34e114876b0b11c390a56381ad16ebd13914f8d5)
build-containers (ubuntu-latest, amd64)	Set up job	2026-06-30T06:26:47.4552417Z Download action repository 'docker/setup-buildx-action@v3' (SHA:8d2750c68a42422c14e847fe6c8ac0403b4cbd6f)
build-containers (ubuntu-latest, amd64)	Set up job	2026-06-30T06:26:47.7286987Z Download action repository 'docker/login-action@v3' (SHA:c94ce9fb468520275223c153574b00df6fe4bcc9)
build-containers (ubuntu-latest, amd64)	Set up job	2026-06-30T06:26:48.1265585Z Complete job name: build-containers (ubuntu-latest, amd64)
build-containers (ubuntu-latest, amd64)	Checkout	∩╗┐2026-06-30T06:26:48.2068011Z Node 20 is being deprecated. This workflow is running with Node 24 by default. If you need to temporarily use Node 20, you can set the ACTIONS_ALLOW_USE_UNSECURE_NODE_VERSION=true environment variable. For more information see: https://github.blog/changelog/2025-09-19-deprecation-of-node-20-on-github-actions-runners/
build-containers (ubuntu-latest, amd64)	Checkout	2026-06-30T06:26:48.2078914Z ##[group]Run actions/checkout@v4
build-containers (ubuntu-latest, amd64)	Checkout	2026-06-30T06:26:48.2079810Z with:
build-containers (ubuntu-latest, amd64)	Checkout	2026-06-30T06:26:48.2080284Z   fetch-depth: 0
build-containers (ubuntu-latest, amd64)	Checkout	2026-06-30T06:26:48.2080800Z   submodules: true
build-containers (ubuntu-latest, amd64)	Checkout	2026-06-30T06:26:48.2081368Z   repository: appswifts/Swiftsai-app
build-containers (ubuntu-latest, amd64)	Checkout	2026-06-30T06:26:48.2091617Z   token: ***
build-containers (ubuntu-latest, amd64)	Checkout	2026-06-30T06:26:48.2092134Z   ssh-strict: true
build-containers (ubuntu-latest, amd64)	Checkout	2026-06-30T06:26:48.2092698Z   ssh-user: git
build-containers (ubuntu-latest, amd64)	Checkout	2026-06-30T06:26:48.2093283Z   persist-credentials: true
build-containers (ubuntu-latest, amd64)	Checkout	2026-06-30T06:26:48.2093884Z   clean: true
build-containers (ubuntu-latest, amd64)	Checkout	2026-06-30T06:26:48.2094410Z   sparse-checkout-cone-mode: true
build-containers (ubuntu-latest, amd64)	Checkout	2026-06-30T06:26:48.2095089Z   fetch-tags: false
build-containers (ubuntu-latest, amd64)	Checkout	2026-06-30T06:26:48.2095827Z   show-progress: true
build-containers (ubuntu-latest, amd64)	Checkout	2026-06-30T06:26:48.2096379Z   lfs: false
build-containers (ubuntu-latest, amd64)	Checkout	2026-06-30T06:26:48.2096916Z   set-safe-directory: true
build-containers (ubuntu-latest, amd64)	Checkout	2026-06-30T06:26:48.2097820Z ##[endgroup]
build-containers (ubuntu-latest, amd64)	Checkout	2026-06-30T06:26:48.3088143Z Syncing repository: appswifts/Swiftsai-app
build-containers (ubuntu-latest, amd64)	Checkout	2026-06-30T06:26:48.3090911Z ##[group]Getting Git version info
build-containers (ubuntu-latest, amd64)	Checkout	2026-06-30T06:26:48.3092014Z Working directory is '/home/runner/work/Swiftsai-app/Swiftsai-app'
build-containers (ubuntu-latest, amd64)	Checkout	2026-06-30T06:26:48.3093589Z [command]/usr/bin/git version
build-containers (ubuntu-latest, amd64)	Checkout	2026-06-30T06:26:48.3135959Z git version 2.54.0
build-containers (ubuntu-latest, amd64)	Checkout	2026-06-30T06:26:48.3187328Z ##[endgroup]
build-containers (ubuntu-latest, amd64)	Checkout	2026-06-30T06:26:48.3201460Z Temporarily overriding HOME='/home/runner/work/_temp/869cf2bd-5803-439e-b412-c0039b14069a' before making global git config changes
build-containers (ubuntu-latest, amd64)	Checkout	2026-06-30T06:26:48.3207060Z Adding repository directory to the temporary git global config as a safe directory
build-containers (ubuntu-latest, amd64)	Checkout	2026-06-30T06:26:48.3209542Z [command]/usr/bin/git config --global --add safe.directory /home/runner/work/Swiftsai-app/Swiftsai-app
build-containers (ubuntu-latest, amd64)	Checkout	2026-06-30T06:26:48.3251394Z Deleting the contents of '/home/runner/work/Swiftsai-app/Swiftsai-app'
build-containers (ubuntu-latest, amd64)	Checkout	2026-06-30T06:26:48.3255451Z ##[group]Initializing the repository
build-containers (ubuntu-latest, amd64)	Checkout	2026-06-30T06:26:48.3259762Z [command]/usr/bin/git init /home/runner/work/Swiftsai-app/Swiftsai-app
build-containers (ubuntu-latest, amd64)	Checkout	2026-06-30T06:26:48.3363437Z hint: Using 'master' as the name for the initial branch. This default branch name
build-containers (ubuntu-latest, amd64)	Checkout	2026-06-30T06:26:48.3365476Z hint: will change to "main" in Git 3.0. To configure the initial branch name
build-containers (ubuntu-latest, amd64)	Checkout	2026-06-30T06:26:48.3367322Z hint: to use in all of your new repositories, which will suppress this warning,
build-containers (ubuntu-latest, amd64)	Checkout	2026-06-30T06:26:48.3368906Z hint: call:
build-containers (ubuntu-latest, amd64)	Checkout	2026-06-30T06:26:48.3369560Z hint:
build-containers (ubuntu-latest, amd64)	Checkout	2026-06-30T06:26:48.3370238Z hint: 	git config --global init.defaultBranch <name>
build-containers (ubuntu-latest, amd64)	Checkout	2026-06-30T06:26:48.3371426Z hint:
build-containers (ubuntu-latest, amd64)	Checkout	2026-06-30T06:26:48.3372211Z hint: Names commonly chosen instead of 'master' are 'main', 'trunk' and
build-containers (ubuntu-latest, amd64)	Checkout	2026-06-30T06:26:48.3373841Z hint: 'development'. The just-created branch can be renamed via this command:
build-containers (ubuntu-latest, amd64)	Checkout	2026-06-30T06:26:48.3374940Z hint:
build-containers (ubuntu-latest, amd64)	Checkout	2026-06-30T06:26:48.3375526Z hint: 	git branch -m <name>
build-containers (ubuntu-latest, amd64)	Checkout	2026-06-30T06:26:48.3376129Z hint:
build-containers (ubuntu-latest, amd64)	Checkout	2026-06-30T06:26:48.3376974Z hint: Disable this message with "git config set advice.defaultBranchName false"
build-containers (ubuntu-latest, amd64)	Checkout	2026-06-30T06:26:48.3379246Z Initialized empty Git repository in /home/runner/work/Swiftsai-app/Swiftsai-app/.git/
build-containers (ubuntu-latest, amd64)	Checkout	2026-06-30T06:26:48.3382082Z [command]/usr/bin/git remote add origin https://github.com/appswifts/Swiftsai-app
build-containers (ubuntu-latest, amd64)	Checkout	2026-06-30T06:26:48.3422588Z ##[endgroup]
build-containers (ubuntu-latest, amd64)	Checkout	2026-06-30T06:26:48.3423635Z ##[group]Disabling automatic garbage collection
build-containers (ubuntu-latest, amd64)	Checkout	2026-06-30T06:26:48.3426075Z [command]/usr/bin/git config --local gc.auto 0
build-containers (ubuntu-latest, amd64)	Checkout	2026-06-30T06:26:48.3455936Z ##[endgroup]
build-containers (ubuntu-latest, amd64)	Checkout	2026-06-30T06:26:48.3456808Z ##[group]Setting up auth
build-containers (ubuntu-latest, amd64)	Checkout	2026-06-30T06:26:48.3461956Z [command]/usr/bin/git config --local --name-only --get-regexp core\.sshCommand
build-containers (ubuntu-latest, amd64)	Checkout	2026-06-30T06:26:48.3495588Z [command]/usr/bin/git submodule foreach --recursive sh -c "git config --local --name-only --get-regexp 'core\.sshCommand' && git config --local --unset-all 'core.sshCommand' || :"
build-containers (ubuntu-latest, amd64)	Checkout	2026-06-30T06:26:48.3835908Z [command]/usr/bin/git config --local --name-only --get-regexp http\.https\:\/\/github\.com\/\.extraheader
build-containers (ubuntu-latest, amd64)	Checkout	2026-06-30T06:26:48.3866955Z [command]/usr/bin/git submodule foreach --recursive sh -c "git config --local --name-only --get-regexp 'http\.https\:\/\/github\.com\/\.extraheader' && git config --local --unset-all 'http.https://github.com/.extraheader' || :"
build-containers (ubuntu-latest, amd64)	Checkout	2026-06-30T06:26:48.4096166Z [command]/usr/bin/git config --local --name-only --get-regexp ^includeIf\.gitdir:
build-containers (ubuntu-latest, amd64)	Checkout	2026-06-30T06:26:48.4128317Z [command]/usr/bin/git submodule foreach --recursive git config --local --show-origin --name-only --get-regexp remote.origin.url
build-containers (ubuntu-latest, amd64)	Checkout	2026-06-30T06:26:48.4358828Z [command]/usr/bin/git config --local http.https://github.com/.extraheader AUTHORIZATION: basic ***
build-containers (ubuntu-latest, amd64)	Checkout	2026-06-30T06:26:48.4393328Z ##[endgroup]
build-containers (ubuntu-latest, amd64)	Checkout	2026-06-30T06:26:48.4394277Z ##[group]Fetching the repository
build-containers (ubuntu-latest, amd64)	Checkout	2026-06-30T06:26:48.4403110Z [command]/usr/bin/git -c protocol.version=2 fetch --prune --no-recurse-submodules origin +refs/heads/*:refs/remotes/origin/* +refs/tags/*:refs/tags/*
build-containers (ubuntu-latest, amd64)	Checkout	2026-06-30T06:26:49.1007317Z From https://github.com/appswifts/Swiftsai-app
build-containers (ubuntu-latest, amd64)	Checkout	2026-06-30T06:26:49.1009523Z  * [new branch]      main       -> origin/main
build-containers (ubuntu-latest, amd64)	Checkout	2026-06-30T06:26:49.1053063Z [command]/usr/bin/git branch --list --remote origin/main
build-containers (ubuntu-latest, amd64)	Checkout	2026-06-30T06:26:49.1076949Z   origin/main
build-containers (ubuntu-latest, amd64)	Checkout	2026-06-30T06:26:49.1089011Z [command]/usr/bin/git rev-parse refs/remotes/origin/main
build-containers (ubuntu-latest, amd64)	Checkout	2026-06-30T06:26:49.1113781Z 025ee73617d21ebad78f456d1a78eff3ed2035f8
build-containers (ubuntu-latest, amd64)	Checkout	2026-06-30T06:26:49.1126356Z ##[endgroup]
build-containers (ubuntu-latest, amd64)	Checkout	2026-06-30T06:26:49.1128049Z ##[group]Determining the checkout info
build-containers (ubuntu-latest, amd64)	Checkout	2026-06-30T06:26:49.1129778Z ##[endgroup]
build-containers (ubuntu-latest, amd64)	Checkout	2026-06-30T06:26:49.1130873Z [command]/usr/bin/git sparse-checkout disable
build-containers (ubuntu-latest, amd64)	Checkout	2026-06-30T06:26:49.1173313Z [command]/usr/bin/git config --local --unset-all extensions.worktreeConfig
build-containers (ubuntu-latest, amd64)	Checkout	2026-06-30T06:26:49.1209525Z ##[group]Checking out the ref
build-containers (ubuntu-latest, amd64)	Checkout	2026-06-30T06:26:49.1211861Z [command]/usr/bin/git checkout --progress --force -B main refs/remotes/origin/main
build-containers (ubuntu-latest, amd64)	Checkout	2026-06-30T06:26:49.5257891Z Switched to a new branch 'main'
build-containers (ubuntu-latest, amd64)	Checkout	2026-06-30T06:26:49.5267432Z branch 'main' set up to track 'origin/main'.
build-containers (ubuntu-latest, amd64)	Checkout	2026-06-30T06:26:49.5276496Z ##[endgroup]
build-containers (ubuntu-latest, amd64)	Checkout	2026-06-30T06:26:49.5279121Z ##[group]Setting up auth for fetching submodules
build-containers (ubuntu-latest, amd64)	Checkout	2026-06-30T06:26:49.5283144Z [command]/usr/bin/git config --global http.https://github.com/.extraheader AUTHORIZATION: basic ***
build-containers (ubuntu-latest, amd64)	Checkout	2026-06-30T06:26:49.6690688Z [command]/usr/bin/git config --global --unset-all url.https://github.com/.insteadOf
build-containers (ubuntu-latest, amd64)	Checkout	2026-06-30T06:26:49.6726189Z [command]/usr/bin/git config --global --add url.https://github.com/.insteadOf git@github.com:
build-containers (ubuntu-latest, amd64)	Checkout	2026-06-30T06:26:49.6756518Z [command]/usr/bin/git config --global --add url.https://github.com/.insteadOf org-200666680@github.com:
build-containers (ubuntu-latest, amd64)	Checkout	2026-06-30T06:26:49.6786477Z ##[endgroup]
build-containers (ubuntu-latest, amd64)	Checkout	2026-06-30T06:26:49.6788470Z ##[group]Fetching submodules
build-containers (ubuntu-latest, amd64)	Checkout	2026-06-30T06:26:49.6789832Z [command]/usr/bin/git submodule sync
build-containers (ubuntu-latest, amd64)	Checkout	2026-06-30T06:26:49.7046645Z [command]/usr/bin/git -c protocol.version=2 submodule update --init --force
build-containers (ubuntu-latest, amd64)	Checkout	2026-06-30T06:26:49.7301378Z [command]/usr/bin/git submodule foreach git config --local gc.auto 0
build-containers (ubuntu-latest, amd64)	Checkout	2026-06-30T06:26:49.7560134Z ##[endgroup]
build-containers (ubuntu-latest, amd64)	Checkout	2026-06-30T06:26:49.7563569Z ##[group]Persisting credentials for submodules
build-containers (ubuntu-latest, amd64)	Checkout	2026-06-30T06:26:49.7568535Z [command]/usr/bin/git submodule foreach --recursive sh -c "git config --local --name-only --get-regexp 'url\.https\:\/\/github\.com\/\.insteadOf' && git config --local --unset-all 'url.https://github.com/.insteadOf' || :"
build-containers (ubuntu-latest, amd64)	Checkout	2026-06-30T06:26:49.7812737Z [command]/usr/bin/git submodule foreach sh -c "git config --local 'http.https://github.com/.extraheader' 'AUTHORIZATION: basic ***' && git config --local --show-origin --name-only --get-regexp remote.origin.url"
build-containers (ubuntu-latest, amd64)	Checkout	2026-06-30T06:26:49.8061726Z [command]/usr/bin/git submodule foreach git config --local --add 'url.https://github.com/.insteadOf' 'git@github.com:'
build-containers (ubuntu-latest, amd64)	Checkout	2026-06-30T06:26:49.8312228Z [command]/usr/bin/git submodule foreach git config --local --add 'url.https://github.com/.insteadOf' 'org-200666680@github.com:'
build-containers (ubuntu-latest, amd64)	Checkout	2026-06-30T06:26:49.8546280Z ##[endgroup]
build-containers (ubuntu-latest, amd64)	Checkout	2026-06-30T06:26:49.8586489Z [command]/usr/bin/git log -1 --format=%H
build-containers (ubuntu-latest, amd64)	Checkout	2026-06-30T06:26:49.8610917Z 025ee73617d21ebad78f456d1a78eff3ed2035f8
build-containers (ubuntu-latest, amd64)	Set up Docker Buildx	∩╗┐2026-06-30T06:26:49.8936059Z Node 20 is being deprecated. This workflow is running with Node 24 by default. If you need to temporarily use Node 20, you can set the ACTIONS_ALLOW_USE_UNSECURE_NODE_VERSION=true environment variable. For more information see: https://github.blog/changelog/2025-09-19-deprecation-of-node-20-on-github-actions-runners/
build-containers (ubuntu-latest, amd64)	Set up Docker Buildx	2026-06-30T06:26:49.8940696Z ##[group]Run docker/setup-buildx-action@v3
build-containers (ubuntu-latest, amd64)	Set up Docker Buildx	2026-06-30T06:26:49.8941741Z with:
build-containers (ubuntu-latest, amd64)	Set up Docker Buildx	2026-06-30T06:26:49.8942561Z   driver: docker-container
build-containers (ubuntu-latest, amd64)	Set up Docker Buildx	2026-06-30T06:26:49.8943503Z   use: true
build-containers (ubuntu-latest, amd64)	Set up Docker Buildx	2026-06-30T06:26:49.8944315Z   keep-state: false
build-containers (ubuntu-latest, amd64)	Set up Docker Buildx	2026-06-30T06:26:49.8945459Z   cache-binary: true
build-containers (ubuntu-latest, amd64)	Set up Docker Buildx	2026-06-30T06:26:49.8946417Z   cleanup: true
build-containers (ubuntu-latest, amd64)	Set up Docker Buildx	2026-06-30T06:26:49.8947279Z   install: false
build-containers (ubuntu-latest, amd64)	Set up Docker Buildx	2026-06-30T06:26:49.8948108Z ##[endgroup]
build-containers (ubuntu-latest, amd64)	Set up Docker Buildx	2026-06-30T06:26:50.1520828Z (node:2503) [DEP0040] DeprecationWarning: The `punycode` module is deprecated. Please use a userland alternative instead.
build-containers (ubuntu-latest, amd64)	Set up Docker Buildx	2026-06-30T06:26:50.1522614Z (Use `node --trace-deprecation ...` to show where the warning was created)
build-containers (ubuntu-latest, amd64)	Set up Docker Buildx	2026-06-30T06:26:50.1571071Z ##[group]Docker info
build-containers (ubuntu-latest, amd64)	Set up Docker Buildx	2026-06-30T06:26:50.1595975Z [command]/usr/bin/docker version
build-containers (ubuntu-latest, amd64)	Set up Docker Buildx	2026-06-30T06:26:50.2398367Z Client: Docker Engine - Community
build-containers (ubuntu-latest, amd64)	Set up Docker Buildx	2026-06-30T06:26:50.2398907Z  Version:           28.0.4
build-containers (ubuntu-latest, amd64)	Set up Docker Buildx	2026-06-30T06:26:50.2399311Z  API version:       1.48
build-containers (ubuntu-latest, amd64)	Set up Docker Buildx	2026-06-30T06:26:50.2399682Z  Go version:        go1.23.7
build-containers (ubuntu-latest, amd64)	Set up Docker Buildx	2026-06-30T06:26:50.2400066Z  Git commit:        b8034c0
build-containers (ubuntu-latest, amd64)	Set up Docker Buildx	2026-06-30T06:26:50.2400813Z  Built:             Tue Mar 25 15:07:16 2025
build-containers (ubuntu-latest, amd64)	Set up Docker Buildx	2026-06-30T06:26:50.2401220Z  OS/Arch:           linux/amd64
build-containers (ubuntu-latest, amd64)	Set up Docker Buildx	2026-06-30T06:26:50.2401763Z  Context:           default
build-containers (ubuntu-latest, amd64)	Set up Docker Buildx	2026-06-30T06:26:50.2402097Z 
build-containers (ubuntu-latest, amd64)	Set up Docker Buildx	2026-06-30T06:26:50.2402465Z Server: Docker Engine - Community
build-containers (ubuntu-latest, amd64)	Set up Docker Buildx	2026-06-30T06:26:50.2402860Z  Engine:
build-containers (ubuntu-latest, amd64)	Set up Docker Buildx	2026-06-30T06:26:50.2403168Z   Version:          28.0.4
build-containers (ubuntu-latest, amd64)	Set up Docker Buildx	2026-06-30T06:26:50.2403587Z   API version:      1.48 (minimum version 1.24)
build-containers (ubuntu-latest, amd64)	Set up Docker Buildx	2026-06-30T06:26:50.2404057Z   Go version:       go1.23.7
build-containers (ubuntu-latest, amd64)	Set up Docker Buildx	2026-06-30T06:26:50.2404854Z   Git commit:       6430e49
build-containers (ubuntu-latest, amd64)	Set up Docker Buildx	2026-06-30T06:26:50.2405457Z   Built:            Tue Mar 25 15:07:16 2025
build-containers (ubuntu-latest, amd64)	Set up Docker Buildx	2026-06-30T06:26:50.2405937Z   OS/Arch:          linux/amd64
build-containers (ubuntu-latest, amd64)	Set up Docker Buildx	2026-06-30T06:26:50.2406342Z   Experimental:     false
build-containers (ubuntu-latest, amd64)	Set up Docker Buildx	2026-06-30T06:26:50.2406709Z  containerd:
build-containers (ubuntu-latest, amd64)	Set up Docker Buildx	2026-06-30T06:26:50.2407195Z   Version:          v2.2.5
build-containers (ubuntu-latest, amd64)	Set up Docker Buildx	2026-06-30T06:26:50.2407742Z   GitCommit:        e53c7c1516c3b2bff98eb76f1f4117477e6f4e66
build-containers (ubuntu-latest, amd64)	Set up Docker Buildx	2026-06-30T06:26:50.2408596Z  runc:
build-containers (ubuntu-latest, amd64)	Set up Docker Buildx	2026-06-30T06:26:50.2408990Z   Version:          1.3.6
build-containers (ubuntu-latest, amd64)	Set up Docker Buildx	2026-06-30T06:26:50.2409392Z   GitCommit:        v1.3.6-0-g491b69ba
build-containers (ubuntu-latest, amd64)	Set up Docker Buildx	2026-06-30T06:26:50.2409806Z  docker-init:
build-containers (ubuntu-latest, amd64)	Set up Docker Buildx	2026-06-30T06:26:50.2410159Z   Version:          0.19.0
build-containers (ubuntu-latest, amd64)	Set up Docker Buildx	2026-06-30T06:26:50.2410546Z   GitCommit:        de40ad0
build-containers (ubuntu-latest, amd64)	Set up Docker Buildx	2026-06-30T06:26:50.2439836Z [command]/usr/bin/docker info
build-containers (ubuntu-latest, amd64)	Set up Docker Buildx	2026-06-30T06:26:50.4402589Z Client: Docker Engine - Community
build-containers (ubuntu-latest, amd64)	Set up Docker Buildx	2026-06-30T06:26:50.4403249Z  Version:    28.0.4
build-containers (ubuntu-latest, amd64)	Set up Docker Buildx	2026-06-30T06:26:50.4403521Z  Context:    default
build-containers (ubuntu-latest, amd64)	Set up Docker Buildx	2026-06-30T06:26:50.4403794Z  Debug Mode: false
build-containers (ubuntu-latest, amd64)	Set up Docker Buildx	2026-06-30T06:26:50.4404288Z  Plugins:
build-containers (ubuntu-latest, amd64)	Set up Docker Buildx	2026-06-30T06:26:50.4404710Z   buildx: Docker Buildx (Docker Inc.)
build-containers (ubuntu-latest, amd64)	Set up Docker Buildx	2026-06-30T06:26:50.4405013Z     Version:  v0.35.0
build-containers (ubuntu-latest, amd64)	Set up Docker Buildx	2026-06-30T06:26:50.4405567Z     Path:     /usr/libexec/docker/cli-plugins/docker-buildx
build-containers (ubuntu-latest, amd64)	Set up Docker Buildx	2026-06-30T06:26:50.4405933Z   compose: Docker Compose (Docker Inc.)
build-containers (ubuntu-latest, amd64)	Set up Docker Buildx	2026-06-30T06:26:50.4406231Z     Version:  v2.38.2
build-containers (ubuntu-latest, amd64)	Set up Docker Buildx	2026-06-30T06:26:50.4406533Z     Path:     /usr/libexec/docker/cli-plugins/docker-compose
build-containers (ubuntu-latest, amd64)	Set up Docker Buildx	2026-06-30T06:26:50.4406785Z 
build-containers (ubuntu-latest, amd64)	Set up Docker Buildx	2026-06-30T06:26:50.4406872Z Server:
build-containers (ubuntu-latest, amd64)	Set up Docker Buildx	2026-06-30T06:26:50.4407066Z  Containers: 0
build-containers (ubuntu-latest, amd64)	Set up Docker Buildx	2026-06-30T06:26:50.4407273Z   Running: 0
build-containers (ubuntu-latest, amd64)	Set up Docker Buildx	2026-06-30T06:26:50.4407478Z   Paused: 0
build-containers (ubuntu-latest, amd64)	Set up Docker Buildx	2026-06-30T06:26:50.4407680Z   Stopped: 0
build-containers (ubuntu-latest, amd64)	Set up Docker Buildx	2026-06-30T06:26:50.4407886Z  Images: 6
build-containers (ubuntu-latest, amd64)	Set up Docker Buildx	2026-06-30T06:26:50.4408092Z  Server Version: 28.0.4
build-containers (ubuntu-latest, amd64)	Set up Docker Buildx	2026-06-30T06:26:50.4408363Z  Storage Driver: overlay2
build-containers (ubuntu-latest, amd64)	Set up Docker Buildx	2026-06-30T06:26:50.4408616Z   Backing Filesystem: extfs
build-containers (ubuntu-latest, amd64)	Set up Docker Buildx	2026-06-30T06:26:50.4408864Z   Supports d_type: true
build-containers (ubuntu-latest, amd64)	Set up Docker Buildx	2026-06-30T06:26:50.4409098Z   Using metacopy: false
build-containers (ubuntu-latest, amd64)	Set up Docker Buildx	2026-06-30T06:26:50.4409340Z   Native Overlay Diff: false
build-containers (ubuntu-latest, amd64)	Set up Docker Buildx	2026-06-30T06:26:50.4409584Z   userxattr: false
build-containers (ubuntu-latest, amd64)	Set up Docker Buildx	2026-06-30T06:26:50.4409807Z  Logging Driver: json-file
build-containers (ubuntu-latest, amd64)	Set up Docker Buildx	2026-06-30T06:26:50.4410412Z  Cgroup Driver: systemd
build-containers (ubuntu-latest, amd64)	Set up Docker Buildx	2026-06-30T06:26:50.4410642Z  Cgroup Version: 2
build-containers (ubuntu-latest, amd64)	Set up Docker Buildx	2026-06-30T06:26:50.4410862Z  Plugins:
build-containers (ubuntu-latest, amd64)	Set up Docker Buildx	2026-06-30T06:26:50.4411064Z   Volume: local
build-containers (ubuntu-latest, amd64)	Set up Docker Buildx	2026-06-30T06:26:50.4411320Z   Network: bridge host ipvlan macvlan null overlay
build-containers (ubuntu-latest, amd64)	Set up Docker Buildx	2026-06-30T06:26:50.4411738Z   Log: awslogs fluentd gcplogs gelf journald json-file local splunk syslog
build-containers (ubuntu-latest, amd64)	Set up Docker Buildx	2026-06-30T06:26:50.4412110Z  Swarm: inactive
build-containers (ubuntu-latest, amd64)	Set up Docker Buildx	2026-06-30T06:26:50.4412346Z  Runtimes: runc io.containerd.runc.v2
build-containers (ubuntu-latest, amd64)	Set up Docker Buildx	2026-06-30T06:26:50.4412625Z  Default Runtime: runc
build-containers (ubuntu-latest, amd64)	Set up Docker Buildx	2026-06-30T06:26:50.4412857Z  Init Binary: docker-init
build-containers (ubuntu-latest, amd64)	Set up Docker Buildx	2026-06-30T06:26:50.4413172Z  containerd version: e53c7c1516c3b2bff98eb76f1f4117477e6f4e66
build-containers (ubuntu-latest, amd64)	Set up Docker Buildx	2026-06-30T06:26:50.4413524Z  runc version: v1.3.6-0-g491b69ba
build-containers (ubuntu-latest, amd64)	Set up Docker Buildx	2026-06-30T06:26:50.4413798Z  init version: de40ad0
build-containers (ubuntu-latest, amd64)	Set up Docker Buildx	2026-06-30T06:26:50.4414037Z  Security Options:
build-containers (ubuntu-latest, amd64)	Set up Docker Buildx	2026-06-30T06:26:50.4414251Z   apparmor
build-containers (ubuntu-latest, amd64)	Set up Docker Buildx	2026-06-30T06:26:50.4414472Z   seccomp
build-containers (ubuntu-latest, amd64)	Set up Docker Buildx	2026-06-30T06:26:50.4414690Z    Profile: builtin
build-containers (ubuntu-latest, amd64)	Set up Docker Buildx	2026-06-30T06:26:50.4414904Z   cgroupns
build-containers (ubuntu-latest, amd64)	Set up Docker Buildx	2026-06-30T06:26:50.4415112Z  Kernel Version: 6.17.0-1018-azure
build-containers (ubuntu-latest, amd64)	Set up Docker Buildx	2026-06-30T06:26:50.4415600Z  Operating System: Ubuntu 24.04.4 LTS
build-containers (ubuntu-latest, amd64)	Set up Docker Buildx	2026-06-30T06:26:50.4415871Z  OSType: linux
build-containers (ubuntu-latest, amd64)	Set up Docker Buildx	2026-06-30T06:26:50.4416090Z  Architecture: x86_64
build-containers (ubuntu-latest, amd64)	Set up Docker Buildx	2026-06-30T06:26:50.4416308Z  CPUs: 4
build-containers (ubuntu-latest, amd64)	Set up Docker Buildx	2026-06-30T06:26:50.4416508Z  Total Memory: 15.61GiB
build-containers (ubuntu-latest, amd64)	Set up Docker Buildx	2026-06-30T06:26:50.4416739Z  Name: runnervmmklqx
build-containers (ubuntu-latest, amd64)	Set up Docker Buildx	2026-06-30T06:26:50.4416981Z  ID: f2d2c484-93e9-43a1-aea9-ebee539c4962
build-containers (ubuntu-latest, amd64)	Set up Docker Buildx	2026-06-30T06:26:50.4417277Z  Docker Root Dir: /var/lib/docker
build-containers (ubuntu-latest, amd64)	Set up Docker Buildx	2026-06-30T06:26:50.4417537Z  Debug Mode: false
build-containers (ubuntu-latest, amd64)	Set up Docker Buildx	2026-06-30T06:26:50.4417766Z  Username: githubactions
build-containers (ubuntu-latest, amd64)	Set up Docker Buildx	2026-06-30T06:26:50.4418012Z  Experimental: false
build-containers (ubuntu-latest, amd64)	Set up Docker Buildx	2026-06-30T06:26:50.4418238Z  Insecure Registries:
build-containers (ubuntu-latest, amd64)	Set up Docker Buildx	2026-06-30T06:26:50.4423114Z   ::1/128
build-containers (ubuntu-latest, amd64)	Set up Docker Buildx	2026-06-30T06:26:50.4423362Z   127.0.0.0/8
build-containers (ubuntu-latest, amd64)	Set up Docker Buildx	2026-06-30T06:26:50.4423594Z  Live Restore Enabled: false
build-containers (ubuntu-latest, amd64)	Set up Docker Buildx	2026-06-30T06:26:50.4423768Z 
build-containers (ubuntu-latest, amd64)	Set up Docker Buildx	2026-06-30T06:26:50.4441544Z ##[endgroup]
build-containers (ubuntu-latest, amd64)	Set up Docker Buildx	2026-06-30T06:26:50.5055444Z ##[group]Buildx version
build-containers (ubuntu-latest, amd64)	Set up Docker Buildx	2026-06-30T06:26:50.5076429Z [command]/usr/bin/docker buildx version
build-containers (ubuntu-latest, amd64)	Set up Docker Buildx	2026-06-30T06:26:50.5535127Z github.com/docker/buildx v0.35.0 a319e5b15052cf6557ceb666eb8ff6e32380b782
build-containers (ubuntu-latest, amd64)	Set up Docker Buildx	2026-06-30T06:26:50.5566870Z ##[endgroup]
build-containers (ubuntu-latest, amd64)	Set up Docker Buildx	2026-06-30T06:26:50.5718808Z ##[group]Inspecting default docker context
build-containers (ubuntu-latest, amd64)	Set up Docker Buildx	2026-06-30T06:26:50.5861437Z [
build-containers (ubuntu-latest, amd64)	Set up Docker Buildx	2026-06-30T06:26:50.5861931Z   {
build-containers (ubuntu-latest, amd64)	Set up Docker Buildx	2026-06-30T06:26:50.5862218Z     "Name": "default",
build-containers (ubuntu-latest, amd64)	Set up Docker Buildx	2026-06-30T06:26:50.5862490Z     "Metadata": {},
build-containers (ubuntu-latest, amd64)	Set up Docker Buildx	2026-06-30T06:26:50.5862736Z     "Endpoints": {
build-containers (ubuntu-latest, amd64)	Set up Docker Buildx	2026-06-30T06:26:50.5862965Z       "docker": {
build-containers (ubuntu-latest, amd64)	Set up Docker Buildx	2026-06-30T06:26:50.5863223Z         "Host": "unix:///var/run/docker.sock",
build-containers (ubuntu-latest, amd64)	Set up Docker Buildx	2026-06-30T06:26:50.5863554Z         "SkipTLSVerify": false
build-containers (ubuntu-latest, amd64)	Set up Docker Buildx	2026-06-30T06:26:50.5863826Z       }
build-containers (ubuntu-latest, amd64)	Set up Docker Buildx	2026-06-30T06:26:50.5864016Z     },
build-containers (ubuntu-latest, amd64)	Set up Docker Buildx	2026-06-30T06:26:50.5864221Z     "TLSMaterial": {},
build-containers (ubuntu-latest, amd64)	Set up Docker Buildx	2026-06-30T06:26:50.5864448Z     "Storage": {
build-containers (ubuntu-latest, amd64)	Set up Docker Buildx	2026-06-30T06:26:50.5864679Z       "MetadataPath": "<IN MEMORY>",
build-containers (ubuntu-latest, amd64)	Set up Docker Buildx	2026-06-30T06:26:50.5864969Z       "TLSPath": "<IN MEMORY>"
build-containers (ubuntu-latest, amd64)	Set up Docker Buildx	2026-06-30T06:26:50.5865507Z     }
build-containers (ubuntu-latest, amd64)	Set up Docker Buildx	2026-06-30T06:26:50.5865726Z   }
build-containers (ubuntu-latest, amd64)	Set up Docker Buildx	2026-06-30T06:26:50.5865911Z ]
build-containers (ubuntu-latest, amd64)	Set up Docker Buildx	2026-06-30T06:26:50.5866528Z ##[endgroup]
build-containers (ubuntu-latest, amd64)	Set up Docker Buildx	2026-06-30T06:26:50.5866991Z ##[group]Creating a new builder instance
build-containers (ubuntu-latest, amd64)	Set up Docker Buildx	2026-06-30T06:26:50.7092842Z [command]/usr/bin/docker buildx create --name builder-23946bc6-f2e7-4d47-aee3-72bf5b5b3b51 --driver docker-container --buildkitd-flags --allow-insecure-entitlement security.insecure --allow-insecure-entitlement network.host --use
build-containers (ubuntu-latest, amd64)	Set up Docker Buildx	2026-06-30T06:26:50.7745401Z builder-23946bc6-f2e7-4d47-aee3-72bf5b5b3b51
build-containers (ubuntu-latest, amd64)	Set up Docker Buildx	2026-06-30T06:26:50.7767042Z ##[endgroup]
build-containers (ubuntu-latest, amd64)	Set up Docker Buildx	2026-06-30T06:26:50.7767981Z ##[group]Booting builder
build-containers (ubuntu-latest, amd64)	Set up Docker Buildx	2026-06-30T06:26:50.7800842Z [command]/usr/bin/docker buildx inspect --bootstrap --builder builder-23946bc6-f2e7-4d47-aee3-72bf5b5b3b51
build-containers (ubuntu-latest, amd64)	Set up Docker Buildx	2026-06-30T06:26:50.8380864Z #1 [internal] booting buildkit
build-containers (ubuntu-latest, amd64)	Set up Docker Buildx	2026-06-30T06:26:50.9888361Z #1 pulling image moby/buildkit:buildx-stable-1
build-containers (ubuntu-latest, amd64)	Set up Docker Buildx	2026-06-30T06:26:53.5483407Z #1 pulling image moby/buildkit:buildx-stable-1 2.7s done
build-containers (ubuntu-latest, amd64)	Set up Docker Buildx	2026-06-30T06:26:53.6993025Z #1 creating container buildx_buildkit_builder-23946bc6-f2e7-4d47-aee3-72bf5b5b3b510
build-containers (ubuntu-latest, amd64)	Set up Docker Buildx	2026-06-30T06:26:53.7741657Z #1 creating container buildx_buildkit_builder-23946bc6-f2e7-4d47-aee3-72bf5b5b3b510 0.2s done
build-containers (ubuntu-latest, amd64)	Set up Docker Buildx	2026-06-30T06:26:53.7761112Z #1 DONE 2.9s
build-containers (ubuntu-latest, amd64)	Set up Docker Buildx	2026-06-30T06:26:53.8068278Z Name:          builder-23946bc6-f2e7-4d47-aee3-72bf5b5b3b51
build-containers (ubuntu-latest, amd64)	Set up Docker Buildx	2026-06-30T06:26:53.8069137Z Driver:        docker-container
build-containers (ubuntu-latest, amd64)	Set up Docker Buildx	2026-06-30T06:26:53.8069599Z Last Activity: 2026-06-30 06:26:50 +0000 UTC
build-containers (ubuntu-latest, amd64)	Set up Docker Buildx	2026-06-30T06:26:53.8069966Z 
build-containers (ubuntu-latest, amd64)	Set up Docker Buildx	2026-06-30T06:26:53.8070430Z Nodes:
build-containers (ubuntu-latest, amd64)	Set up Docker Buildx	2026-06-30T06:26:53.8071116Z Name:                  builder-23946bc6-f2e7-4d47-aee3-72bf5b5b3b510
build-containers (ubuntu-latest, amd64)	Set up Docker Buildx	2026-06-30T06:26:53.8071809Z Endpoint:              unix:///var/run/docker.sock
build-containers (ubuntu-latest, amd64)	Set up Docker Buildx	2026-06-30T06:26:53.8072416Z Status:                running
build-containers (ubuntu-latest, amd64)	Set up Docker Buildx	2026-06-30T06:26:53.8073265Z BuildKit daemon flags: --allow-insecure-entitlement security.insecure --allow-insecure-entitlement network.host
build-containers (ubuntu-latest, amd64)	Set up Docker Buildx	2026-06-30T06:26:53.8073963Z BuildKit version:      v0.30.0
build-containers (ubuntu-latest, amd64)	Set up Docker Buildx	2026-06-30T06:26:53.8074371Z Platforms:             linux/amd64, linux/amd64/v2, linux/amd64/v3, linux/386
build-containers (ubuntu-latest, amd64)	Set up Docker Buildx	2026-06-30T06:26:53.8074747Z Labels:
build-containers (ubuntu-latest, amd64)	Set up Docker Buildx	2026-06-30T06:26:53.8075019Z  org.mobyproject.buildkit.worker.executor:         oci
build-containers (ubuntu-latest, amd64)	Set up Docker Buildx	2026-06-30T06:26:53.8075755Z  org.mobyproject.buildkit.worker.hostname:         514de8e32895
build-containers (ubuntu-latest, amd64)	Set up Docker Buildx	2026-06-30T06:26:53.8076366Z  org.mobyproject.buildkit.worker.network:          host
build-containers (ubuntu-latest, amd64)	Set up Docker Buildx	2026-06-30T06:26:53.8076764Z  org.mobyproject.buildkit.worker.oci.process-mode: sandbox
build-containers (ubuntu-latest, amd64)	Set up Docker Buildx	2026-06-30T06:26:53.8077167Z  org.mobyproject.buildkit.worker.selinux.enabled:  false
build-containers (ubuntu-latest, amd64)	Set up Docker Buildx	2026-06-30T06:26:53.8077576Z  org.mobyproject.buildkit.worker.snapshotter:      overlayfs
build-containers (ubuntu-latest, amd64)	Set up Docker Buildx	2026-06-30T06:26:53.8077944Z GC Policy rule#0:
build-containers (ubuntu-latest, amd64)	Set up Docker Buildx	2026-06-30T06:26:53.8078167Z  All:            false
build-containers (ubuntu-latest, amd64)	Set up Docker Buildx	2026-06-30T06:26:53.8078513Z  Filters:        type==source.local,type==exec.cachemount,type==source.git.checkout
build-containers (ubuntu-latest, amd64)	Set up Docker Buildx	2026-06-30T06:26:53.8078914Z  Keep Duration:  48h0m0s
build-containers (ubuntu-latest, amd64)	Set up Docker Buildx	2026-06-30T06:26:53.8079148Z  Max Used Space: 488.3MiB
build-containers (ubuntu-latest, amd64)	Set up Docker Buildx	2026-06-30T06:26:53.8079374Z GC Policy rule#1:
build-containers (ubuntu-latest, amd64)	Set up Docker Buildx	2026-06-30T06:26:53.8079911Z  All:            false
build-containers (ubuntu-latest, amd64)	Set up Docker Buildx	2026-06-30T06:26:53.8080121Z  Keep Duration:  1440h0m0s
build-containers (ubuntu-latest, amd64)	Set up Docker Buildx	2026-06-30T06:26:53.8080358Z  Reserved Space: 9.313GiB
build-containers (ubuntu-latest, amd64)	Set up Docker Buildx	2026-06-30T06:26:53.8080577Z  Max Used Space: 93.13GiB
build-containers (ubuntu-latest, amd64)	Set up Docker Buildx	2026-06-30T06:26:53.8080791Z  Min Free Space: 27.01GiB
build-containers (ubuntu-latest, amd64)	Set up Docker Buildx	2026-06-30T06:26:53.8081004Z GC Policy rule#2:
build-containers (ubuntu-latest, amd64)	Set up Docker Buildx	2026-06-30T06:26:53.8081216Z  All:            false
build-containers (ubuntu-latest, amd64)	Set up Docker Buildx	2026-06-30T06:26:53.8081438Z  Reserved Space: 9.313GiB
build-containers (ubuntu-latest, amd64)	Set up Docker Buildx	2026-06-30T06:26:53.8081687Z  Max Used Space: 93.13GiB
build-containers (ubuntu-latest, amd64)	Set up Docker Buildx	2026-06-30T06:26:53.8081914Z  Min Free Space: 27.01GiB
build-containers (ubuntu-latest, amd64)	Set up Docker Buildx	2026-06-30T06:26:53.8082140Z GC Policy rule#3:
build-containers (ubuntu-latest, amd64)	Set up Docker Buildx	2026-06-30T06:26:53.8082348Z  All:            true
build-containers (ubuntu-latest, amd64)	Set up Docker Buildx	2026-06-30T06:26:53.8082563Z  Reserved Space: 9.313GiB
build-containers (ubuntu-latest, amd64)	Set up Docker Buildx	2026-06-30T06:26:53.8082778Z  Max Used Space: 93.13GiB
build-containers (ubuntu-latest, amd64)	Set up Docker Buildx	2026-06-30T06:26:53.8083026Z  Min Free Space: 27.01GiB
build-containers (ubuntu-latest, amd64)	Set up Docker Buildx	2026-06-30T06:26:53.8129815Z ##[endgroup]
build-containers (ubuntu-latest, amd64)	Set up Docker Buildx	2026-06-30T06:26:53.9003763Z ##[group]Inspect builder
build-containers (ubuntu-latest, amd64)	Set up Docker Buildx	2026-06-30T06:26:53.9004302Z {
build-containers (ubuntu-latest, amd64)	Set up Docker Buildx	2026-06-30T06:26:53.9004888Z   "nodes": [
build-containers (ubuntu-latest, amd64)	Set up Docker Buildx	2026-06-30T06:26:53.9005565Z     {
build-containers (ubuntu-latest, amd64)	Set up Docker Buildx	2026-06-30T06:26:53.9006061Z       "name": "builder-23946bc6-f2e7-4d47-aee3-72bf5b5b3b510",
build-containers (ubuntu-latest, amd64)	Set up Docker Buildx	2026-06-30T06:26:53.9006583Z       "endpoint": "unix:///var/run/docker.sock",
build-containers (ubuntu-latest, amd64)	Set up Docker Buildx	2026-06-30T06:26:53.9007040Z       "status": "running",
build-containers (ubuntu-latest, amd64)	Set up Docker Buildx	2026-06-30T06:26:53.9007853Z       "buildkitd-flags": "--allow-insecure-entitlement security.insecure --allow-insecure-entitlement network.host",
build-containers (ubuntu-latest, amd64)	Set up Docker Buildx	2026-06-30T06:26:53.9008653Z       "buildkit": "v0.30.0",
build-containers (ubuntu-latest, amd64)	Set up Docker Buildx	2026-06-30T06:26:53.9009146Z       "platforms": "linux/amd64,linux/amd64/v2,linux/amd64/v3,linux/386",
build-containers (ubuntu-latest, amd64)	Set up Docker Buildx	2026-06-30T06:26:53.9009687Z       "features": {
build-containers (ubuntu-latest, amd64)	Set up Docker Buildx	2026-06-30T06:26:53.9010169Z         "Automatically load images to the Docker Engine image store": true,
build-containers (ubuntu-latest, amd64)	Set up Docker Buildx	2026-06-30T06:26:53.9010742Z         "Cache export": true,
build-containers (ubuntu-latest, amd64)	Set up Docker Buildx	2026-06-30T06:26:53.9011108Z         "Direct push": true,
build-containers (ubuntu-latest, amd64)	Set up Docker Buildx	2026-06-30T06:26:53.9011470Z         "Docker exporter": true,
build-containers (ubuntu-latest, amd64)	Set up Docker Buildx	2026-06-30T06:26:53.9011850Z         "Multi-platform build": true,
build-containers (ubuntu-latest, amd64)	Set up Docker Buildx	2026-06-30T06:26:53.9012231Z         "OCI exporter": true
build-containers (ubuntu-latest, amd64)	Set up Docker Buildx	2026-06-30T06:26:53.9012561Z       },
build-containers (ubuntu-latest, amd64)	Set up Docker Buildx	2026-06-30T06:26:53.9012839Z       "labels": {
build-containers (ubuntu-latest, amd64)	Set up Docker Buildx	2026-06-30T06:26:53.9013239Z         "org.mobyproject.buildkit.worker.executor": "oci",
build-containers (ubuntu-latest, amd64)	Set up Docker Buildx	2026-06-30T06:26:53.9014171Z         "org.mobyproject.buildkit.worker.hostname": "514de8e32895",
build-containers (ubuntu-latest, amd64)	Set up Docker Buildx	2026-06-30T06:26:53.9014792Z         "org.mobyproject.buildkit.worker.network": "host",
build-containers (ubuntu-latest, amd64)	Set up Docker Buildx	2026-06-30T06:26:53.9015643Z         "org.mobyproject.buildkit.worker.oci.process-mode": "sandbox",
build-containers (ubuntu-latest, amd64)	Set up Docker Buildx	2026-06-30T06:26:53.9016387Z         "org.mobyproject.buildkit.worker.selinux.enabled": "false",
build-containers (ubuntu-latest, amd64)	Set up Docker Buildx	2026-06-30T06:26:53.9017086Z         "org.mobyproject.buildkit.worker.snapshotter": "overlayfs"
build-containers (ubuntu-latest, amd64)	Set up Docker Buildx	2026-06-30T06:26:53.9017648Z       },
build-containers (ubuntu-latest, amd64)	Set up Docker Buildx	2026-06-30T06:26:53.9017925Z       "gcPolicy": [
build-containers (ubuntu-latest, amd64)	Set up Docker Buildx	2026-06-30T06:26:53.9018219Z         {
build-containers (ubuntu-latest, amd64)	Set up Docker Buildx	2026-06-30T06:26:53.9018494Z           "all": false,
build-containers (ubuntu-latest, amd64)	Set up Docker Buildx	2026-06-30T06:26:53.9018840Z           "filter": [
build-containers (ubuntu-latest, amd64)	Set up Docker Buildx	2026-06-30T06:26:53.9019201Z             "type==source.local",
build-containers (ubuntu-latest, amd64)	Set up Docker Buildx	2026-06-30T06:26:53.9019558Z             "type==exec.cachemount",
build-containers (ubuntu-latest, amd64)	Set up Docker Buildx	2026-06-30T06:26:53.9019855Z             "type==source.git.checkout"
build-containers (ubuntu-latest, amd64)	Set up Docker Buildx	2026-06-30T06:26:53.9020144Z           ],
build-containers (ubuntu-latest, amd64)	Set up Docker Buildx	2026-06-30T06:26:53.9020346Z           "keepDuration": "48h0m0s",
build-containers (ubuntu-latest, amd64)	Set up Docker Buildx	2026-06-30T06:26:53.9020612Z           "maxUsedSpace": "488.3MiB"
build-containers (ubuntu-latest, amd64)	Set up Docker Buildx	2026-06-30T06:26:53.9020853Z         },
build-containers (ubuntu-latest, amd64)	Set up Docker Buildx	2026-06-30T06:26:53.9021039Z         {
build-containers (ubuntu-latest, amd64)	Set up Docker Buildx	2026-06-30T06:26:53.9021227Z           "all": false,
build-containers (ubuntu-latest, amd64)	Set up Docker Buildx	2026-06-30T06:26:53.9021505Z           "keepDuration": "1440h0m0s",
build-containers (ubuntu-latest, amd64)	Set up Docker Buildx	2026-06-30T06:26:53.9021812Z           "reservedSpace": "9.313GiB",
build-containers (ubuntu-latest, amd64)	Set up Docker Buildx	2026-06-30T06:26:53.9022092Z           "maxUsedSpace": "93.13GiB",
build-containers (ubuntu-latest, amd64)	Set up Docker Buildx	2026-06-30T06:26:53.9022373Z           "minFreeSpace": "27.01GiB"
build-containers (ubuntu-latest, amd64)	Set up Docker Buildx	2026-06-30T06:26:53.9022648Z         },
build-containers (ubuntu-latest, amd64)	Set up Docker Buildx	2026-06-30T06:26:53.9022852Z         {
build-containers (ubuntu-latest, amd64)	Set up Docker Buildx	2026-06-30T06:26:53.9023064Z           "all": false,
build-containers (ubuntu-latest, amd64)	Set up Docker Buildx	2026-06-30T06:26:53.9023315Z           "reservedSpace": "9.313GiB",
build-containers (ubuntu-latest, amd64)	Set up Docker Buildx	2026-06-30T06:26:53.9023599Z           "maxUsedSpace": "93.13GiB",
build-containers (ubuntu-latest, amd64)	Set up Docker Buildx	2026-06-30T06:26:53.9023879Z           "minFreeSpace": "27.01GiB"
build-containers (ubuntu-latest, amd64)	Set up Docker Buildx	2026-06-30T06:26:53.9024120Z         },
build-containers (ubuntu-latest, amd64)	Set up Docker Buildx	2026-06-30T06:26:53.9024319Z         {
build-containers (ubuntu-latest, amd64)	Set up Docker Buildx	2026-06-30T06:26:53.9024522Z           "all": true,
build-containers (ubuntu-latest, amd64)	Set up Docker Buildx	2026-06-30T06:26:53.9024954Z           "reservedSpace": "9.313GiB",
build-containers (ubuntu-latest, amd64)	Set up Docker Buildx	2026-06-30T06:26:53.9025924Z           "maxUsedSpace": "93.13GiB",
build-containers (ubuntu-latest, amd64)	Set up Docker Buildx	2026-06-30T06:26:53.9026196Z           "minFreeSpace": "27.01GiB"
build-containers (ubuntu-latest, amd64)	Set up Docker Buildx	2026-06-30T06:26:53.9026432Z         }
build-containers (ubuntu-latest, amd64)	Set up Docker Buildx	2026-06-30T06:26:53.9026634Z       ]
build-containers (ubuntu-latest, amd64)	Set up Docker Buildx	2026-06-30T06:26:53.9026820Z     }
build-containers (ubuntu-latest, amd64)	Set up Docker Buildx	2026-06-30T06:26:53.9027013Z   ],
build-containers (ubuntu-latest, amd64)	Set up Docker Buildx	2026-06-30T06:26:53.9027271Z   "name": "builder-23946bc6-f2e7-4d47-aee3-72bf5b5b3b51",
build-containers (ubuntu-latest, amd64)	Set up Docker Buildx	2026-06-30T06:26:53.9027621Z   "driver": "docker-container",
build-containers (ubuntu-latest, amd64)	Set up Docker Buildx	2026-06-30T06:26:53.9027932Z   "lastActivity": "2026-06-30T06:26:50.000Z"
build-containers (ubuntu-latest, amd64)	Set up Docker Buildx	2026-06-30T06:26:53.9028272Z }
build-containers (ubuntu-latest, amd64)	Set up Docker Buildx	2026-06-30T06:26:53.9028724Z ##[endgroup]
build-containers (ubuntu-latest, amd64)	Set up Docker Buildx	2026-06-30T06:26:53.9029100Z ##[group]BuildKit version
build-containers (ubuntu-latest, amd64)	Set up Docker Buildx	2026-06-30T06:26:53.9029426Z builder-23946bc6-f2e7-4d47-aee3-72bf5b5b3b510: v0.30.0
build-containers (ubuntu-latest, amd64)	Set up Docker Buildx	2026-06-30T06:26:53.9029889Z ##[endgroup]
build-containers (ubuntu-latest, amd64)	Login to ghcr	∩╗┐2026-06-30T06:26:53.9173547Z Node 20 is being deprecated. This workflow is running with Node 24 by default. If you need to temporarily use Node 20, you can set the ACTIONS_ALLOW_USE_UNSECURE_NODE_VERSION=true environment variable. For more information see: https://github.blog/changelog/2025-09-19-deprecation-of-node-20-on-github-actions-runners/
build-containers (ubuntu-latest, amd64)	Login to ghcr	2026-06-30T06:26:53.9174789Z ##[group]Run docker/login-action@v3
build-containers (ubuntu-latest, amd64)	Login to ghcr	2026-06-30T06:26:53.9175052Z with:
build-containers (ubuntu-latest, amd64)	Login to ghcr	2026-06-30T06:26:53.9175536Z   registry: ghcr.io
build-containers (ubuntu-latest, amd64)	Login to ghcr	2026-06-30T06:26:53.9175790Z   username: appswifts
build-containers (ubuntu-latest, amd64)	Login to ghcr	2026-06-30T06:26:53.9179099Z   password: ***
build-containers (ubuntu-latest, amd64)	Login to ghcr	2026-06-30T06:26:53.9179330Z   logout: true
build-containers (ubuntu-latest, amd64)	Login to ghcr	2026-06-30T06:26:53.9179539Z ##[endgroup]
build-containers (ubuntu-latest, amd64)	Login to ghcr	2026-06-30T06:26:54.2185629Z Logging into ghcr.io...
build-containers (ubuntu-latest, amd64)	Login to ghcr	2026-06-30T06:26:54.2208754Z (node:2985) [DEP0040] DeprecationWarning: The `punycode` module is deprecated. Please use a userland alternative instead.
build-containers (ubuntu-latest, amd64)	Login to ghcr	2026-06-30T06:26:54.2210100Z (Use `node --trace-deprecation ...` to show where the warning was created)
build-containers (ubuntu-latest, amd64)	Login to ghcr	2026-06-30T06:26:54.4188198Z Login Succeeded!
build-containers (ubuntu-latest, amd64)	Build and Push Image	∩╗┐2026-06-30T06:26:54.4341553Z ##[group]Run docker buildx build --platform linux/amd64 \
build-containers (ubuntu-latest, amd64)	Build and Push Image	2026-06-30T06:26:54.4342042Z [36;1mdocker buildx build --platform linux/amd64 \[0m
build-containers (ubuntu-latest, amd64)	Build and Push Image	2026-06-30T06:26:54.4342414Z [36;1m  -f Dockerfile.dev \[0m
build-containers (ubuntu-latest, amd64)	Build and Push Image	2026-06-30T06:26:54.4342736Z [36;1m  -t ghcr.io/appswifts/swiftsai-app:latest \[0m
build-containers (ubuntu-latest, amd64)	Build and Push Image	2026-06-30T06:26:54.4343059Z [36;1m  --pull \[0m
build-containers (ubuntu-latest, amd64)	Build and Push Image	2026-06-30T06:26:54.4343281Z [36;1m  --no-cache \[0m
build-containers (ubuntu-latest, amd64)	Build and Push Image	2026-06-30T06:26:54.4343541Z [36;1m  --provenance=false --sbom=false \[0m
build-containers (ubuntu-latest, amd64)	Build and Push Image	2026-06-30T06:26:54.4343962Z [36;1m  --output "type=registry,name=ghcr.io/appswifts/swiftsai-app:latest" .[0m
build-containers (ubuntu-latest, amd64)	Build and Push Image	2026-06-30T06:26:54.4497660Z shell: /usr/bin/bash -e {0}
build-containers (ubuntu-latest, amd64)	Build and Push Image	2026-06-30T06:26:54.4497946Z env:
build-containers (ubuntu-latest, amd64)	Build and Push Image	2026-06-30T06:26:54.4498157Z   CONTAINERVER: latest
build-containers (ubuntu-latest, amd64)	Build and Push Image	2026-06-30T06:26:54.4498386Z ##[endgroup]
build-containers (ubuntu-latest, amd64)	Build and Push Image	2026-06-30T06:26:54.7902179Z #0 building with "builder-23946bc6-f2e7-4d47-aee3-72bf5b5b3b51" instance using docker-container driver
build-containers (ubuntu-latest, amd64)	Build and Push Image	2026-06-30T06:26:54.7902635Z 
build-containers (ubuntu-latest, amd64)	Build and Push Image	2026-06-30T06:26:54.7902796Z #1 [internal] load build definition from Dockerfile.dev
build-containers (ubuntu-latest, amd64)	Build and Push Image	2026-06-30T06:26:54.7903223Z #1 transferring dockerfile: 752B done
build-containers (ubuntu-latest, amd64)	Build and Push Image	2026-06-30T06:26:54.7903509Z #1 DONE 0.0s
build-containers (ubuntu-latest, amd64)	Build and Push Image	2026-06-30T06:26:54.7903627Z 
build-containers (ubuntu-latest, amd64)	Build and Push Image	2026-06-30T06:26:54.7903793Z #2 [auth] library/node:pull token for registry-1.docker.io
build-containers (ubuntu-latest, amd64)	Build and Push Image	2026-06-30T06:26:54.7904100Z #2 DONE 0.0s
build-containers (ubuntu-latest, amd64)	Build and Push Image	2026-06-30T06:26:54.7904217Z 
build-containers (ubuntu-latest, amd64)	Build and Push Image	2026-06-30T06:26:54.7904413Z #3 [internal] load metadata for docker.io/library/node:22.20-bookworm-slim
build-containers (ubuntu-latest, amd64)	Build and Push Image	2026-06-30T06:26:55.0654493Z #3 DONE 0.5s
build-containers (ubuntu-latest, amd64)	Build and Push Image	2026-06-30T06:26:55.1940924Z 
build-containers (ubuntu-latest, amd64)	Build and Push Image	2026-06-30T06:26:55.1942284Z #4 [internal] load .dockerignore
build-containers (ubuntu-latest, amd64)	Build and Push Image	2026-06-30T06:26:55.1943202Z #4 transferring context: 500B done
build-containers (ubuntu-latest, amd64)	Build and Push Image	2026-06-30T06:26:55.1944063Z #4 DONE 0.0s
build-containers (ubuntu-latest, amd64)	Build and Push Image	2026-06-30T06:26:55.1945685Z 
build-containers (ubuntu-latest, amd64)	Build and Push Image	2026-06-30T06:26:55.1946845Z #5 [1/9] FROM docker.io/library/node:22.20-bookworm-slim@sha256:b21fe589dfbe5cc39365d0544b9be3f1f33f55f3c86c87a76ff65a02f8f5848e
build-containers (ubuntu-latest, amd64)	Build and Push Image	2026-06-30T06:26:55.1949505Z #5 resolve docker.io/library/node:22.20-bookworm-slim@sha256:b21fe589dfbe5cc39365d0544b9be3f1f33f55f3c86c87a76ff65a02f8f5848e done
build-containers (ubuntu-latest, amd64)	Build and Push Image	2026-06-30T06:26:55.1951674Z #5 sha256:f42e85ddc713935ca5a0accf8aec281f24ed3e23d93f11df909657e9ee9a0403 443B / 443B 0.0s done
build-containers (ubuntu-latest, amd64)	Build and Push Image	2026-06-30T06:26:55.2933067Z #5 sha256:5e98ba22ffba63e671e794151a8c72b2dd2e2394a99dfdadb48375658423035c 3.31kB / 3.31kB 0.1s done
build-containers (ubuntu-latest, amd64)	Build and Push Image	2026-06-30T06:26:55.2935824Z #5 sha256:0d4168ab2bca6183681fd3571770924ab57da32eadefdb46f2208e8d8e572011 1.71MB / 1.71MB 0.1s done
build-containers (ubuntu-latest, amd64)	Build and Push Image	2026-06-30T06:26:55.2937110Z #5 sha256:f6ce3834b70636fccfd15681ae09efc245e61d942555ff1b60eff662498f71f8 3.15MB / 49.41MB 0.2s
build-containers (ubuntu-latest, amd64)	Build and Push Image	2026-06-30T06:26:55.3951419Z #5 sha256:abe1fea375429ba91b23776f15f53da4ed790fa2b779b40d20f21e69bd66de5a 28.23MB / 28.23MB 0.2s done
build-containers (ubuntu-latest, amd64)	Build and Push Image	2026-06-30T06:26:55.6429493Z #5 ...
build-containers (ubuntu-latest, amd64)	Build and Push Image	2026-06-30T06:26:55.6430250Z 
build-containers (ubuntu-latest, amd64)	Build and Push Image	2026-06-30T06:26:55.6430406Z #6 [internal] load build context
build-containers (ubuntu-latest, amd64)	Build and Push Image	2026-06-30T06:26:55.6430874Z #6 transferring context: 11.39MB 0.3s done
build-containers (ubuntu-latest, amd64)	Build and Push Image	2026-06-30T06:26:55.6431237Z #6 DONE 0.3s
build-containers (ubuntu-latest, amd64)	Build and Push Image	2026-06-30T06:26:55.6431350Z 
build-containers (ubuntu-latest, amd64)	Build and Push Image	2026-06-30T06:26:55.6431973Z #5 [1/9] FROM docker.io/library/node:22.20-bookworm-slim@sha256:b21fe589dfbe5cc39365d0544b9be3f1f33f55f3c86c87a76ff65a02f8f5848e
build-containers (ubuntu-latest, amd64)	Build and Push Image	2026-06-30T06:26:55.6432868Z #5 sha256:f6ce3834b70636fccfd15681ae09efc245e61d942555ff1b60eff662498f71f8 49.41MB / 49.41MB 0.4s done
build-containers (ubuntu-latest, amd64)	Build and Push Image	2026-06-30T06:26:55.6433498Z #5 extracting sha256:abe1fea375429ba91b23776f15f53da4ed790fa2b779b40d20f21e69bd66de5a
build-containers (ubuntu-latest, amd64)	Build and Push Image	2026-06-30T06:26:56.1408339Z #5 extracting sha256:abe1fea375429ba91b23776f15f53da4ed790fa2b779b40d20f21e69bd66de5a 0.7s done
build-containers (ubuntu-latest, amd64)	Build and Push Image	2026-06-30T06:26:56.1409050Z #5 DONE 1.1s
build-containers (ubuntu-latest, amd64)	Build and Push Image	2026-06-30T06:26:56.2964610Z 
build-containers (ubuntu-latest, amd64)	Build and Push Image	2026-06-30T06:26:56.2965894Z #5 [1/9] FROM docker.io/library/node:22.20-bookworm-slim@sha256:b21fe589dfbe5cc39365d0544b9be3f1f33f55f3c86c87a76ff65a02f8f5848e
build-containers (ubuntu-latest, amd64)	Build and Push Image	2026-06-30T06:26:56.2966907Z #5 extracting sha256:5e98ba22ffba63e671e794151a8c72b2dd2e2394a99dfdadb48375658423035c done
build-containers (ubuntu-latest, amd64)	Build and Push Image	2026-06-30T06:26:56.2967530Z #5 extracting sha256:f6ce3834b70636fccfd15681ae09efc245e61d942555ff1b60eff662498f71f8
build-containers (ubuntu-latest, amd64)	Build and Push Image	2026-06-30T06:26:57.2066211Z #5 extracting sha256:f6ce3834b70636fccfd15681ae09efc245e61d942555ff1b60eff662498f71f8 1.1s done
build-containers (ubuntu-latest, amd64)	Build and Push Image	2026-06-30T06:26:57.2067379Z #5 DONE 2.1s
build-containers (ubuntu-latest, amd64)	Build and Push Image	2026-06-30T06:26:57.3229997Z 
build-containers (ubuntu-latest, amd64)	Build and Push Image	2026-06-30T06:26:57.3231282Z #5 [1/9] FROM docker.io/library/node:22.20-bookworm-slim@sha256:b21fe589dfbe5cc39365d0544b9be3f1f33f55f3c86c87a76ff65a02f8f5848e
build-containers (ubuntu-latest, amd64)	Build and Push Image	2026-06-30T06:26:57.3232650Z #5 extracting sha256:0d4168ab2bca6183681fd3571770924ab57da32eadefdb46f2208e8d8e572011 0.0s done
build-containers (ubuntu-latest, amd64)	Build and Push Image	2026-06-30T06:26:57.3233658Z #5 extracting sha256:f42e85ddc713935ca5a0accf8aec281f24ed3e23d93f11df909657e9ee9a0403 done
build-containers (ubuntu-latest, amd64)	Build and Push Image	2026-06-30T06:26:57.3234323Z #5 DONE 2.2s
build-containers (ubuntu-latest, amd64)	Build and Push Image	2026-06-30T06:26:57.3234628Z 
build-containers (ubuntu-latest, amd64)	Build and Push Image	2026-06-30T06:26:57.3235570Z #7 [2/9] RUN apt-get update && apt-get install -y --no-install-recommends     g++     make     python3-pip     bash     nginx     zip && rm -rf /var/lib/apt/lists/*
build-containers (ubuntu-latest, amd64)	Build and Push Image	2026-06-30T06:26:57.3236715Z #7 0.079 Get:1 http://deb.debian.org/debian bookworm InRelease [151 kB]
build-containers (ubuntu-latest, amd64)	Build and Push Image	2026-06-30T06:26:57.4722777Z #7 0.096 Get:2 http://deb.debian.org/debian bookworm-updates InRelease [55.4 kB]
build-containers (ubuntu-latest, amd64)	Build and Push Image	2026-06-30T06:26:57.4725832Z #7 0.102 Get:3 http://deb.debian.org/debian-security bookworm-security InRelease [48.0 kB]
build-containers (ubuntu-latest, amd64)	Build and Push Image	2026-06-30T06:26:57.4728847Z #7 0.159 Get:4 http://deb.debian.org/debian bookworm/main amd64 Packages [8790 kB]
build-containers (ubuntu-latest, amd64)	Build and Push Image	2026-06-30T06:26:57.4730404Z #7 0.229 Get:5 http://deb.debian.org/debian bookworm-updates/main amd64 Packages [6924 B]
build-containers (ubuntu-latest, amd64)	Build and Push Image	2026-06-30T06:26:57.6534179Z #7 0.259 Get:6 http://deb.debian.org/debian-security bookworm-security/main amd64 Packages [313 kB]
build-containers (ubuntu-latest, amd64)	Build and Push Image	2026-06-30T06:26:58.2999931Z #7 1.056 Fetched 9364 kB in 1s (9447 kB/s)
build-containers (ubuntu-latest, amd64)	Build and Push Image	2026-06-30T06:26:58.7060967Z #7 1.056 Reading package lists...
build-containers (ubuntu-latest, amd64)	Build and Push Image	2026-06-30T06:26:59.1232672Z #7 1.480 Reading package lists...
build-containers (ubuntu-latest, amd64)	Build and Push Image	2026-06-30T06:26:59.3210893Z #7 1.890 Building dependency tree...
build-containers (ubuntu-latest, amd64)	Build and Push Image	2026-06-30T06:26:59.3214644Z #7 1.972 Reading state information...
build-containers (ubuntu-latest, amd64)	Build and Push Image	2026-06-30T06:26:59.3215367Z #7 2.077 The following additional packages will be installed:
build-containers (ubuntu-latest, amd64)	Build and Push Image	2026-06-30T06:26:59.3215855Z #7 2.077   binutils binutils-common binutils-x86-64-linux-gnu ca-certificates cpp
build-containers (ubuntu-latest, amd64)	Build and Push Image	2026-06-30T06:26:59.4728869Z #7 2.077   cpp-12 g++-12 gcc gcc-12 iproute2 libasan8 libatomic1 libbinutils libbpf1
build-containers (ubuntu-latest, amd64)	Build and Push Image	2026-06-30T06:26:59.4729865Z #7 2.077   libbsd0 libc-bin libc-dev-bin libc6 libc6-dev libcap2 libcap2-bin libcc1-0
build-containers (ubuntu-latest, amd64)	Build and Push Image	2026-06-30T06:26:59.4730720Z #7 2.077   libcrypt-dev libctf-nobfd0 libctf0 libelf1 libexpat1 libgcc-12-dev libgomp1
build-containers (ubuntu-latest, amd64)	Build and Push Image	2026-06-30T06:26:59.4732074Z #7 2.077   libgprofng0 libgssapi-krb5-2 libisl23 libitm1 libjansson4 libk5crypto3
build-containers (ubuntu-latest, amd64)	Build and Push Image	2026-06-30T06:26:59.4732613Z #7 2.077   libkeyutils1 libkrb5-3 libkrb5support0 liblsan0 libmnl0 libmpc3 libmpfr6
build-containers (ubuntu-latest, amd64)	Build and Push Image	2026-06-30T06:26:59.4733174Z #7 2.077   libncursesw6 libnsl-dev libnsl2 libpython3-stdlib libpython3.11-minimal
build-containers (ubuntu-latest, amd64)	Build and Push Image	2026-06-30T06:26:59.4733684Z #7 2.078   libpython3.11-stdlib libquadmath0 libreadline8 libsqlite3-0 libssl3
build-containers (ubuntu-latest, amd64)	Build and Push Image	2026-06-30T06:26:59.4734194Z #7 2.078   libstdc++-12-dev libtirpc-common libtirpc-dev libtirpc3 libtsan2 libubsan1
build-containers (ubuntu-latest, amd64)	Build and Push Image	2026-06-30T06:26:59.4734722Z #7 2.078   libxtables12 linux-libc-dev media-types nginx-common openssl python3
build-containers (ubuntu-latest, amd64)	Build and Push Image	2026-06-30T06:26:59.4735524Z #7 2.078   python3-distutils python3-lib2to3 python3-minimal python3-pkg-resources
build-containers (ubuntu-latest, amd64)	Build and Push Image	2026-06-30T06:26:59.4736036Z #7 2.078   python3-setuptools python3-wheel python3.11 python3.11-minimal
build-containers (ubuntu-latest, amd64)	Build and Push Image	2026-06-30T06:26:59.4736426Z #7 2.078   readline-common rpcsvc-proto
build-containers (ubuntu-latest, amd64)	Build and Push Image	2026-06-30T06:26:59.4736706Z #7 2.079 Suggested packages:
build-containers (ubuntu-latest, amd64)	Build and Push Image	2026-06-30T06:26:59.4737062Z #7 2.079   bash-doc binutils-doc cpp-doc gcc-12-locales cpp-12-doc g++-multilib
build-containers (ubuntu-latest, amd64)	Build and Push Image	2026-06-30T06:26:59.4737538Z #7 2.079   g++-12-multilib gcc-12-doc gcc-multilib manpages-dev autoconf automake
build-containers (ubuntu-latest, amd64)	Build and Push Image	2026-06-30T06:26:59.4738026Z #7 2.079   libtool flex bison gdb gcc-doc gcc-12-multilib iproute2-doc glibc-doc
build-containers (ubuntu-latest, amd64)	Build and Push Image	2026-06-30T06:26:59.4738506Z #7 2.079   libc-l10n locales libnss-nis libnss-nisplus krb5-doc krb5-user
build-containers (ubuntu-latest, amd64)	Build and Push Image	2026-06-30T06:26:59.4739007Z #7 2.079   libstdc++-12-doc make-doc fcgiwrap nginx-doc ssl-cert python3-doc python3-tk
build-containers (ubuntu-latest, amd64)	Build and Push Image	2026-06-30T06:26:59.4739519Z #7 2.079   python3-venv python-setuptools-doc python3.11-venv python3.11-doc
build-containers (ubuntu-latest, amd64)	Build and Push Image	2026-06-30T06:26:59.4739912Z #7 2.079   binfmt-support readline-doc
build-containers (ubuntu-latest, amd64)	Build and Push Image	2026-06-30T06:26:59.4740183Z #7 2.079 Recommended packages:
build-containers (ubuntu-latest, amd64)	Build and Push Image	2026-06-30T06:26:59.4740555Z #7 2.079   bash-completion libatm1 manpages manpages-dev libc-devtools libpam-cap
build-containers (ubuntu-latest, amd64)	Build and Push Image	2026-06-30T06:26:59.4741219Z #7 2.079   krb5-locales libgpm2 build-essential python3-dev unzip
build-containers (ubuntu-latest, amd64)	Build and Push Image	2026-06-30T06:26:59.6564789Z #7 2.413 The following NEW packages will be installed:
build-containers (ubuntu-latest, amd64)	Build and Push Image	2026-06-30T06:26:59.6565969Z #7 2.413   binutils binutils-common binutils-x86-64-linux-gnu ca-certificates cpp
build-containers (ubuntu-latest, amd64)	Build and Push Image	2026-06-30T06:26:59.7598479Z #7 2.413   cpp-12 g++ g++-12 gcc gcc-12 iproute2 libasan8 libatomic1 libbinutils
build-containers (ubuntu-latest, amd64)	Build and Push Image	2026-06-30T06:26:59.7599436Z #7 2.413   libbpf1 libbsd0 libc-dev-bin libc6-dev libcap2-bin libcc1-0 libcrypt-dev
build-containers (ubuntu-latest, amd64)	Build and Push Image	2026-06-30T06:26:59.7600289Z #7 2.413   libctf-nobfd0 libctf0 libelf1 libexpat1 libgcc-12-dev libgomp1 libgprofng0
build-containers (ubuntu-latest, amd64)	Build and Push Image	2026-06-30T06:26:59.7601133Z #7 2.413   libgssapi-krb5-2 libisl23 libitm1 libjansson4 libk5crypto3 libkeyutils1
build-containers (ubuntu-latest, amd64)	Build and Push Image	2026-06-30T06:26:59.7601950Z #7 2.413   libkrb5-3 libkrb5support0 liblsan0 libmnl0 libmpc3 libmpfr6 libncursesw6
build-containers (ubuntu-latest, amd64)	Build and Push Image	2026-06-30T06:26:59.7602541Z #7 2.413   libnsl-dev libnsl2 libpython3-stdlib libpython3.11-minimal
build-containers (ubuntu-latest, amd64)	Build and Push Image	2026-06-30T06:26:59.7603057Z #7 2.413   libpython3.11-stdlib libquadmath0 libreadline8 libsqlite3-0 libssl3
build-containers (ubuntu-latest, amd64)	Build and Push Image	2026-06-30T06:26:59.7603581Z #7 2.413   libstdc++-12-dev libtirpc-common libtirpc-dev libtirpc3 libtsan2 libubsan1
build-containers (ubuntu-latest, amd64)	Build and Push Image	2026-06-30T06:26:59.7604114Z #7 2.413   libxtables12 linux-libc-dev make media-types nginx nginx-common openssl
build-containers (ubuntu-latest, amd64)	Build and Push Image	2026-06-30T06:26:59.7604621Z #7 2.413   python3 python3-distutils python3-lib2to3 python3-minimal python3-pip
build-containers (ubuntu-latest, amd64)	Build and Push Image	2026-06-30T06:26:59.7605112Z #7 2.414   python3-pkg-resources python3-setuptools python3-wheel python3.11
build-containers (ubuntu-latest, amd64)	Build and Push Image	2026-06-30T06:26:59.7606860Z #7 2.414   python3.11-minimal readline-common rpcsvc-proto zip
build-containers (ubuntu-latest, amd64)	Build and Push Image	2026-06-30T06:26:59.7607415Z #7 2.414 The following packages will be upgraded:
build-containers (ubuntu-latest, amd64)	Build and Push Image	2026-06-30T06:26:59.7607916Z #7 2.414   bash libc-bin libc6 libcap2
build-containers (ubuntu-latest, amd64)	Build and Push Image	2026-06-30T06:26:59.7608345Z #7 2.448 4 upgraded, 76 newly installed, 0 to remove and 15 not upgraded.
build-containers (ubuntu-latest, amd64)	Build and Push Image	2026-06-30T06:26:59.7608857Z #7 2.448 Need to get 84.5 MB of archives.
build-containers (ubuntu-latest, amd64)	Build and Push Image	2026-06-30T06:26:59.7609268Z #7 2.448 After this operation, 316 MB of additional disk space will be used.
build-containers (ubuntu-latest, amd64)	Build and Push Image	2026-06-30T06:26:59.7609933Z #7 2.448 Get:1 http://deb.debian.org/debian bookworm/main amd64 bash amd64 5.2.15-2+b13 [1491 kB]
build-containers (ubuntu-latest, amd64)	Build and Push Image	2026-06-30T06:26:59.7610972Z #7 2.491 Get:2 http://deb.debian.org/debian bookworm/main amd64 libc6 amd64 2.36-9+deb12u14 [2759 kB]
build-containers (ubuntu-latest, amd64)	Build and Push Image	2026-06-30T06:26:59.7611661Z #7 2.512 Get:3 http://deb.debian.org/debian bookworm/main amd64 libc-bin amd64 2.36-9+deb12u14 [609 kB]
build-containers (ubuntu-latest, amd64)	Build and Push Image	2026-06-30T06:26:59.7612483Z #7 2.516 Get:4 http://deb.debian.org/debian-security bookworm-security/main amd64 libssl3 amd64 3.0.20-1~deb12u2 [2036 kB]
build-containers (ubuntu-latest, amd64)	Build and Push Image	2026-06-30T06:26:59.8623913Z #7 2.522 Get:5 http://deb.debian.org/debian bookworm/main amd64 libpython3.11-minimal amd64 3.11.2-6+deb12u7 [818 kB]
build-containers (ubuntu-latest, amd64)	Build and Push Image	2026-06-30T06:26:59.8626302Z #7 2.528 Get:6 http://deb.debian.org/debian bookworm/main amd64 libexpat1 amd64 2.5.0-1+deb12u2 [99.9 kB]
build-containers (ubuntu-latest, amd64)	Build and Push Image	2026-06-30T06:26:59.8627716Z #7 2.529 Get:7 http://deb.debian.org/debian bookworm/main amd64 python3.11-minimal amd64 3.11.2-6+deb12u7 [2066 kB]
build-containers (ubuntu-latest, amd64)	Build and Push Image	2026-06-30T06:26:59.8629159Z #7 2.538 Get:8 http://deb.debian.org/debian bookworm/main amd64 python3-minimal amd64 3.11.2-1+b1 [26.3 kB]
build-containers (ubuntu-latest, amd64)	Build and Push Image	2026-06-30T06:26:59.8630362Z #7 2.539 Get:9 http://deb.debian.org/debian bookworm/main amd64 media-types all 10.0.0 [26.1 kB]
build-containers (ubuntu-latest, amd64)	Build and Push Image	2026-06-30T06:26:59.8631008Z #7 2.539 Get:10 http://deb.debian.org/debian bookworm/main amd64 libncursesw6 amd64 6.4-4 [134 kB]
build-containers (ubuntu-latest, amd64)	Build and Push Image	2026-06-30T06:26:59.8631753Z #7 2.539 Get:11 http://deb.debian.org/debian-security bookworm-security/main amd64 libkrb5support0 amd64 1.20.1-2+deb12u5 [33.2 kB]
build-containers (ubuntu-latest, amd64)	Build and Push Image	2026-06-30T06:26:59.8632553Z #7 2.540 Get:12 http://deb.debian.org/debian-security bookworm-security/main amd64 libk5crypto3 amd64 1.20.1-2+deb12u5 [79.7 kB]
build-containers (ubuntu-latest, amd64)	Build and Push Image	2026-06-30T06:26:59.8633226Z #7 2.542 Get:13 http://deb.debian.org/debian bookworm/main amd64 libkeyutils1 amd64 1.6.3-2 [8808 B]
build-containers (ubuntu-latest, amd64)	Build and Push Image	2026-06-30T06:26:59.8633891Z #7 2.542 Get:14 http://deb.debian.org/debian-security bookworm-security/main amd64 libkrb5-3 amd64 1.20.1-2+deb12u5 [332 kB]
build-containers (ubuntu-latest, amd64)	Build and Push Image	2026-06-30T06:26:59.8634653Z #7 2.542 Get:15 http://deb.debian.org/debian-security bookworm-security/main amd64 libgssapi-krb5-2 amd64 1.20.1-2+deb12u5 [135 kB]
build-containers (ubuntu-latest, amd64)	Build and Push Image	2026-06-30T06:26:59.8636031Z #7 2.542 Get:16 http://deb.debian.org/debian bookworm/main amd64 libtirpc-common all 1.3.3+ds-1 [14.0 kB]
build-containers (ubuntu-latest, amd64)	Build and Push Image	2026-06-30T06:26:59.8636859Z #7 2.545 Get:17 http://deb.debian.org/debian bookworm/main amd64 libtirpc3 amd64 1.3.3+ds-1 [85.2 kB]
build-containers (ubuntu-latest, amd64)	Build and Push Image	2026-06-30T06:26:59.8637434Z #7 2.546 Get:18 http://deb.debian.org/debian bookworm/main amd64 libnsl2 amd64 1.3.0-2 [39.5 kB]
build-containers (ubuntu-latest, amd64)	Build and Push Image	2026-06-30T06:26:59.8637997Z #7 2.550 Get:19 http://deb.debian.org/debian bookworm/main amd64 readline-common all 8.2-1.3 [69.0 kB]
build-containers (ubuntu-latest, amd64)	Build and Push Image	2026-06-30T06:26:59.8638585Z #7 2.551 Get:20 http://deb.debian.org/debian bookworm/main amd64 libreadline8 amd64 8.2-1.3 [166 kB]
build-containers (ubuntu-latest, amd64)	Build and Push Image	2026-06-30T06:26:59.8639188Z #7 2.553 Get:21 http://deb.debian.org/debian bookworm/main amd64 libsqlite3-0 amd64 3.40.1-2+deb12u2 [839 kB]
build-containers (ubuntu-latest, amd64)	Build and Push Image	2026-06-30T06:26:59.8639854Z #7 2.558 Get:22 http://deb.debian.org/debian bookworm/main amd64 libpython3.11-stdlib amd64 3.11.2-6+deb12u7 [1797 kB]
build-containers (ubuntu-latest, amd64)	Build and Push Image	2026-06-30T06:26:59.8640531Z #7 2.565 Get:23 http://deb.debian.org/debian bookworm/main amd64 python3.11 amd64 3.11.2-6+deb12u7 [574 kB]
build-containers (ubuntu-latest, amd64)	Build and Push Image	2026-06-30T06:26:59.8641168Z #7 2.568 Get:24 http://deb.debian.org/debian bookworm/main amd64 libpython3-stdlib amd64 3.11.2-1+b1 [9312 B]
build-containers (ubuntu-latest, amd64)	Build and Push Image	2026-06-30T06:26:59.8641769Z #7 2.569 Get:25 http://deb.debian.org/debian bookworm/main amd64 python3 amd64 3.11.2-1+b1 [26.3 kB]
build-containers (ubuntu-latest, amd64)	Build and Push Image	2026-06-30T06:26:59.8642375Z #7 2.569 Get:26 http://deb.debian.org/debian bookworm/main amd64 libcap2 amd64 1:2.66-4+deb12u3+b1 [27.7 kB]
build-containers (ubuntu-latest, amd64)	Build and Push Image	2026-06-30T06:26:59.8642960Z #7 2.569 Get:27 http://deb.debian.org/debian bookworm/main amd64 libelf1 amd64 0.188-2.1 [174 kB]
build-containers (ubuntu-latest, amd64)	Build and Push Image	2026-06-30T06:26:59.8643542Z #7 2.570 Get:28 http://deb.debian.org/debian bookworm/main amd64 libbpf1 amd64 1:1.1.2-0+deb12u1 [145 kB]
build-containers (ubuntu-latest, amd64)	Build and Push Image	2026-06-30T06:26:59.8644114Z #7 2.571 Get:29 http://deb.debian.org/debian bookworm/main amd64 libbsd0 amd64 0.11.7-2 [117 kB]
build-containers (ubuntu-latest, amd64)	Build and Push Image	2026-06-30T06:26:59.8644650Z #7 2.572 Get:30 http://deb.debian.org/debian bookworm/main amd64 libmnl0 amd64 1.0.4-3 [12.5 kB]
build-containers (ubuntu-latest, amd64)	Build and Push Image	2026-06-30T06:26:59.8645398Z #7 2.572 Get:31 http://deb.debian.org/debian bookworm/main amd64 libxtables12 amd64 1.8.9-2 [30.8 kB]
build-containers (ubuntu-latest, amd64)	Build and Push Image	2026-06-30T06:26:59.8646186Z #7 2.573 Get:32 http://deb.debian.org/debian bookworm/main amd64 libcap2-bin amd64 1:2.66-4+deb12u3+b1 [35.2 kB]
build-containers (ubuntu-latest, amd64)	Build and Push Image	2026-06-30T06:26:59.8647002Z #7 2.577 Get:33 http://deb.debian.org/debian bookworm/main amd64 iproute2 amd64 6.1.0-3 [1046 kB]
build-containers (ubuntu-latest, amd64)	Build and Push Image	2026-06-30T06:26:59.8647664Z #7 2.583 Get:34 http://deb.debian.org/debian-security bookworm-security/main amd64 openssl amd64 3.0.20-1~deb12u2 [1439 kB]
build-containers (ubuntu-latest, amd64)	Build and Push Image	2026-06-30T06:26:59.8648370Z #7 2.593 Get:35 http://deb.debian.org/debian bookworm/main amd64 ca-certificates all 20230311+deb12u1 [155 kB]
build-containers (ubuntu-latest, amd64)	Build and Push Image	2026-06-30T06:26:59.8648996Z #7 2.595 Get:36 http://deb.debian.org/debian bookworm/main amd64 binutils-common amd64 2.40-2 [2487 kB]
build-containers (ubuntu-latest, amd64)	Build and Push Image	2026-06-30T06:26:59.8649579Z #7 2.608 Get:37 http://deb.debian.org/debian bookworm/main amd64 libbinutils amd64 2.40-2 [572 kB]
build-containers (ubuntu-latest, amd64)	Build and Push Image	2026-06-30T06:26:59.8650155Z #7 2.612 Get:38 http://deb.debian.org/debian bookworm/main amd64 libctf-nobfd0 amd64 2.40-2 [153 kB]
build-containers (ubuntu-latest, amd64)	Build and Push Image	2026-06-30T06:26:59.8650717Z #7 2.613 Get:39 http://deb.debian.org/debian bookworm/main amd64 libctf0 amd64 2.40-2 [89.8 kB]
build-containers (ubuntu-latest, amd64)	Build and Push Image	2026-06-30T06:26:59.8651268Z #7 2.614 Get:40 http://deb.debian.org/debian bookworm/main amd64 libgprofng0 amd64 2.40-2 [812 kB]
build-containers (ubuntu-latest, amd64)	Build and Push Image	2026-06-30T06:26:59.8651830Z #7 2.619 Get:41 http://deb.debian.org/debian bookworm/main amd64 libjansson4 amd64 2.14-2 [40.8 kB]
build-containers (ubuntu-latest, amd64)	Build and Push Image	2026-06-30T06:26:59.9735690Z #7 2.619 Get:42 http://deb.debian.org/debian bookworm/main amd64 binutils-x86-64-linux-gnu amd64 2.40-2 [2246 kB]
build-containers (ubuntu-latest, amd64)	Build and Push Image	2026-06-30T06:26:59.9737120Z #7 2.630 Get:43 http://deb.debian.org/debian bookworm/main amd64 binutils amd64 2.40-2 [65.0 kB]
build-containers (ubuntu-latest, amd64)	Build and Push Image	2026-06-30T06:26:59.9738000Z #7 2.631 Get:44 http://deb.debian.org/debian bookworm/main amd64 libisl23 amd64 0.25-1.1 [683 kB]
build-containers (ubuntu-latest, amd64)	Build and Push Image	2026-06-30T06:26:59.9738573Z #7 2.635 Get:45 http://deb.debian.org/debian bookworm/main amd64 libmpfr6 amd64 4.2.0-1 [701 kB]
build-containers (ubuntu-latest, amd64)	Build and Push Image	2026-06-30T06:26:59.9739399Z #7 2.638 Get:46 http://deb.debian.org/debian bookworm/main amd64 libmpc3 amd64 1.3.1-1 [51.5 kB]
build-containers (ubuntu-latest, amd64)	Build and Push Image	2026-06-30T06:26:59.9739990Z #7 2.640 Get:47 http://deb.debian.org/debian bookworm/main amd64 cpp-12 amd64 12.2.0-14+deb12u1 [9768 kB]
build-containers (ubuntu-latest, amd64)	Build and Push Image	2026-06-30T06:26:59.9740602Z #7 2.683 Get:48 http://deb.debian.org/debian bookworm/main amd64 cpp amd64 4:12.2.0-3 [6836 B]
build-containers (ubuntu-latest, amd64)	Build and Push Image	2026-06-30T06:26:59.9741208Z #7 2.683 Get:49 http://deb.debian.org/debian bookworm/main amd64 libcc1-0 amd64 12.2.0-14+deb12u1 [41.7 kB]
build-containers (ubuntu-latest, amd64)	Build and Push Image	2026-06-30T06:26:59.9741847Z #7 2.684 Get:50 http://deb.debian.org/debian bookworm/main amd64 libgomp1 amd64 12.2.0-14+deb12u1 [116 kB]
build-containers (ubuntu-latest, amd64)	Build and Push Image	2026-06-30T06:26:59.9742477Z #7 2.685 Get:51 http://deb.debian.org/debian bookworm/main amd64 libitm1 amd64 12.2.0-14+deb12u1 [26.1 kB]
build-containers (ubuntu-latest, amd64)	Build and Push Image	2026-06-30T06:26:59.9762455Z #7 2.686 Get:52 http://deb.debian.org/debian bookworm/main amd64 libatomic1 amd64 12.2.0-14+deb12u1 [9376 B]
build-containers (ubuntu-latest, amd64)	Build and Push Image	2026-06-30T06:26:59.9763436Z #7 2.686 Get:53 http://deb.debian.org/debian bookworm/main amd64 libasan8 amd64 12.2.0-14+deb12u1 [2193 kB]
build-containers (ubuntu-latest, amd64)	Build and Push Image	2026-06-30T06:26:59.9764341Z #7 2.696 Get:54 http://deb.debian.org/debian bookworm/main amd64 liblsan0 amd64 12.2.0-14+deb12u1 [969 kB]
build-containers (ubuntu-latest, amd64)	Build and Push Image	2026-06-30T06:26:59.9765396Z #7 2.701 Get:55 http://deb.debian.org/debian bookworm/main amd64 libtsan2 amd64 12.2.0-14+deb12u1 [2197 kB]
build-containers (ubuntu-latest, amd64)	Build and Push Image	2026-06-30T06:26:59.9766299Z #7 2.712 Get:56 http://deb.debian.org/debian bookworm/main amd64 libubsan1 amd64 12.2.0-14+deb12u1 [883 kB]
build-containers (ubuntu-latest, amd64)	Build and Push Image	2026-06-30T06:26:59.9767212Z #7 2.716 Get:57 http://deb.debian.org/debian bookworm/main amd64 libquadmath0 amd64 12.2.0-14+deb12u1 [145 kB]
build-containers (ubuntu-latest, amd64)	Build and Push Image	2026-06-30T06:26:59.9768214Z #7 2.718 Get:58 http://deb.debian.org/debian bookworm/main amd64 libgcc-12-dev amd64 12.2.0-14+deb12u1 [2437 kB]
build-containers (ubuntu-latest, amd64)	Build and Push Image	2026-06-30T06:26:59.9768949Z #7 2.730 Get:59 http://deb.debian.org/debian bookworm/main amd64 gcc-12 amd64 12.2.0-14+deb12u1 [19.3 MB]
build-containers (ubuntu-latest, amd64)	Build and Push Image	2026-06-30T06:27:00.0769507Z #7 2.814 Get:60 http://deb.debian.org/debian bookworm/main amd64 gcc amd64 4:12.2.0-3 [5216 B]
build-containers (ubuntu-latest, amd64)	Build and Push Image	2026-06-30T06:27:00.0770738Z #7 2.814 Get:61 http://deb.debian.org/debian bookworm/main amd64 libc-dev-bin amd64 2.36-9+deb12u14 [48.1 kB]
build-containers (ubuntu-latest, amd64)	Build and Push Image	2026-06-30T06:27:00.0772006Z #7 2.815 Get:62 http://deb.debian.org/debian-security bookworm-security/main amd64 linux-libc-dev amd64 6.1.174-1 [2272 kB]
build-containers (ubuntu-latest, amd64)	Build and Push Image	2026-06-30T06:27:00.0773137Z #7 2.820 Get:63 http://deb.debian.org/debian bookworm/main amd64 libcrypt-dev amd64 1:4.4.33-2 [118 kB]
build-containers (ubuntu-latest, amd64)	Build and Push Image	2026-06-30T06:27:00.0773801Z #7 2.821 Get:64 http://deb.debian.org/debian bookworm/main amd64 libtirpc-dev amd64 1.3.3+ds-1 [191 kB]
build-containers (ubuntu-latest, amd64)	Build and Push Image	2026-06-30T06:27:00.0774414Z #7 2.822 Get:65 http://deb.debian.org/debian bookworm/main amd64 libnsl-dev amd64 1.3.0-2 [66.4 kB]
build-containers (ubuntu-latest, amd64)	Build and Push Image	2026-06-30T06:27:00.0775477Z #7 2.823 Get:66 http://deb.debian.org/debian bookworm/main amd64 rpcsvc-proto amd64 1.4.3-1 [63.3 kB]
build-containers (ubuntu-latest, amd64)	Build and Push Image	2026-06-30T06:27:00.0776204Z #7 2.824 Get:67 http://deb.debian.org/debian bookworm/main amd64 libc6-dev amd64 2.36-9+deb12u14 [1904 kB]
build-containers (ubuntu-latest, amd64)	Build and Push Image	2026-06-30T06:27:00.0776899Z #7 2.834 Get:68 http://deb.debian.org/debian bookworm/main amd64 libstdc++-12-dev amd64 12.2.0-14+deb12u1 [2047 kB]
build-containers (ubuntu-latest, amd64)	Build and Push Image	2026-06-30T06:27:00.2399378Z #7 2.844 Get:69 http://deb.debian.org/debian bookworm/main amd64 g++-12 amd64 12.2.0-14+deb12u1 [10.7 MB]
build-containers (ubuntu-latest, amd64)	Build and Push Image	2026-06-30T06:27:00.2400650Z #7 2.887 Get:70 http://deb.debian.org/debian bookworm/main amd64 g++ amd64 4:12.2.0-3 [1356 B]
build-containers (ubuntu-latest, amd64)	Build and Push Image	2026-06-30T06:27:00.2401397Z #7 2.887 Get:71 http://deb.debian.org/debian bookworm/main amd64 make amd64 4.3-4.1 [396 kB]
build-containers (ubuntu-latest, amd64)	Build and Push Image	2026-06-30T06:27:00.2402207Z #7 2.889 Get:72 http://deb.debian.org/debian-security bookworm-security/main amd64 nginx-common all 1.22.1-9+deb12u8 [115 kB]
build-containers (ubuntu-latest, amd64)	Build and Push Image	2026-06-30T06:27:00.2403130Z #7 2.889 Get:73 http://deb.debian.org/debian-security bookworm-security/main amd64 nginx amd64 1.22.1-9+deb12u8 [529 kB]
build-containers (ubuntu-latest, amd64)	Build and Push Image	2026-06-30T06:27:00.2404009Z #7 2.890 Get:74 http://deb.debian.org/debian bookworm/main amd64 python3-lib2to3 all 3.11.2-3 [76.3 kB]
build-containers (ubuntu-latest, amd64)	Build and Push Image	2026-06-30T06:27:00.2404799Z #7 2.891 Get:75 http://deb.debian.org/debian bookworm/main amd64 python3-distutils all 3.11.2-3 [131 kB]
build-containers (ubuntu-latest, amd64)	Build and Push Image	2026-06-30T06:27:00.2406093Z #7 2.892 Get:76 http://deb.debian.org/debian bookworm/main amd64 python3-pkg-resources all 66.1.1-1+deb12u2 [297 kB]
build-containers (ubuntu-latest, amd64)	Build and Push Image	2026-06-30T06:27:00.2406922Z #7 2.893 Get:77 http://deb.debian.org/debian bookworm/main amd64 python3-setuptools all 66.1.1-1+deb12u2 [522 kB]
build-containers (ubuntu-latest, amd64)	Build and Push Image	2026-06-30T06:27:00.2407698Z #7 2.895 Get:78 http://deb.debian.org/debian bookworm/main amd64 python3-wheel all 0.38.4-2 [30.8 kB]
build-containers (ubuntu-latest, amd64)	Build and Push Image	2026-06-30T06:27:00.2408480Z #7 2.896 Get:79 http://deb.debian.org/debian bookworm/main amd64 python3-pip all 23.0.1+dfsg-1 [1325 kB]
build-containers (ubuntu-latest, amd64)	Build and Push Image	2026-06-30T06:27:00.2409208Z #7 2.901 Get:80 http://deb.debian.org/debian bookworm/main amd64 zip amd64 3.0-13 [230 kB]
build-containers (ubuntu-latest, amd64)	Build and Push Image	2026-06-30T06:27:00.2409870Z #7 2.996 debconf: delaying package configuration, since apt-utils is not installed
build-containers (ubuntu-latest, amd64)	Build and Push Image	2026-06-30T06:27:00.3850834Z #7 3.015 Fetched 84.5 MB in 0s (176 MB/s)
build-containers (ubuntu-latest, amd64)	Build and Push Image	2026-06-30T06:27:00.3852298Z #7 3.027 (Reading database ... 
build-containers (ubuntu-latest, amd64)	Build and Push Image	2026-06-30T06:27:00.3852708Z (Reading database ... 5%
build-containers (ubuntu-latest, amd64)	Build and Push Image	2026-06-30T06:27:00.3853115Z (Reading database ... 10%
build-containers (ubuntu-latest, amd64)	Build and Push Image	2026-06-30T06:27:00.3853496Z (Reading database ... 15%
build-containers (ubuntu-latest, amd64)	Build and Push Image	2026-06-30T06:27:00.3853862Z (Reading database ... 20%
build-containers (ubuntu-latest, amd64)	Build and Push Image	2026-06-30T06:27:00.3854152Z (Reading database ... 25%
build-containers (ubuntu-latest, amd64)	Build and Push Image	2026-06-30T06:27:00.3854756Z (Reading database ... 30%
build-containers (ubuntu-latest, amd64)	Build and Push Image	2026-06-30T06:27:00.3855083Z (Reading database ... 35%
build-containers (ubuntu-latest, amd64)	Build and Push Image	2026-06-30T06:27:00.3855605Z (Reading database ... 40%
build-containers (ubuntu-latest, amd64)	Build and Push Image	2026-06-30T06:27:00.3855997Z (Reading database ... 45%
build-containers (ubuntu-latest, amd64)	Build and Push Image	2026-06-30T06:27:00.3856354Z (Reading database ... 50%
build-containers (ubuntu-latest, amd64)	Build and Push Image	2026-06-30T06:27:00.3856700Z (Reading database ... 55%
build-containers (ubuntu-latest, amd64)	Build and Push Image	2026-06-30T06:27:00.3856995Z (Reading database ... 60%
build-containers (ubuntu-latest, amd64)	Build and Push Image	2026-06-30T06:27:00.3857286Z (Reading database ... 65%
build-containers (ubuntu-latest, amd64)	Build and Push Image	2026-06-30T06:27:00.3857539Z (Reading database ... 70%
build-containers (ubuntu-latest, amd64)	Build and Push Image	2026-06-30T06:27:00.3857753Z (Reading database ... 75%
build-containers (ubuntu-latest, amd64)	Build and Push Image	2026-06-30T06:27:00.3858056Z (Reading database ... 80%
build-containers (ubuntu-latest, amd64)	Build and Push Image	2026-06-30T06:27:00.3858412Z (Reading database ... 85%
build-containers (ubuntu-latest, amd64)	Build and Push Image	2026-06-30T06:27:00.3858697Z (Reading database ... 90%
build-containers (ubuntu-latest, amd64)	Build and Push Image	2026-06-30T06:27:00.3858918Z (Reading database ... 95%
build-containers (ubuntu-latest, amd64)	Build and Push Image	2026-06-30T06:27:00.3859135Z (Reading database ... 100%
build-containers (ubuntu-latest, amd64)	Build and Push Image	2026-06-30T06:27:00.3859597Z (Reading database ... 6095 files and directories currently installed.)
build-containers (ubuntu-latest, amd64)	Build and Push Image	2026-06-30T06:27:00.3860139Z #7 3.034 Preparing to unpack .../bash_5.2.15-2+b13_amd64.deb ...
build-containers (ubuntu-latest, amd64)	Build and Push Image	2026-06-30T06:27:00.3861355Z #7 3.037 update-alternatives: warning: alternative /usr/share/man/man7/bash-builtins.7.gz (part of link group builtins.7.gz) doesn't exist; removing from list of alternatives
build-containers (ubuntu-latest, amd64)	Build and Push Image	2026-06-30T06:27:00.3862417Z #7 3.038 update-alternatives: warning: /etc/alternatives/builtins.7.gz is dangling; it will be updated with best choice
build-containers (ubuntu-latest, amd64)	Build and Push Image	2026-06-30T06:27:00.3863204Z #7 3.040 Unpacking bash (5.2.15-2+b13) over (5.2.15-2+b9) ...
build-containers (ubuntu-latest, amd64)	Build and Push Image	2026-06-30T06:27:00.3863665Z #7 3.141 Setting up bash (5.2.15-2+b13) ...
build-containers (ubuntu-latest, amd64)	Build and Push Image	2026-06-30T06:27:00.5136160Z #7 3.148 update-alternatives: error: alternative path /usr/share/man/man7/bash-builtins.7.gz doesn't exist
build-containers (ubuntu-latest, amd64)	Build and Push Image	2026-06-30T06:27:00.5137692Z #7 3.167 (Reading database ... 
build-containers (ubuntu-latest, amd64)	Build and Push Image	2026-06-30T06:27:00.5138684Z (Reading database ... 5%
build-containers (ubuntu-latest, amd64)	Build and Push Image	2026-06-30T06:27:00.5139171Z (Reading database ... 10%
build-containers (ubuntu-latest, amd64)	Build and Push Image	2026-06-30T06:27:00.5139604Z (Reading database ... 15%
build-containers (ubuntu-latest, amd64)	Build and Push Image	2026-06-30T06:27:00.5140081Z (Reading database ... 20%
build-containers (ubuntu-latest, amd64)	Build and Push Image	2026-06-30T06:27:00.5140425Z (Reading database ... 25%
build-containers (ubuntu-latest, amd64)	Build and Push Image	2026-06-30T06:27:00.5140889Z (Reading database ... 30%
build-containers (ubuntu-latest, amd64)	Build and Push Image	2026-06-30T06:27:00.5141379Z (Reading database ... 35%
build-containers (ubuntu-latest, amd64)	Build and Push Image	2026-06-30T06:27:00.5141842Z (Reading database ... 40%
build-containers (ubuntu-latest, amd64)	Build and Push Image	2026-06-30T06:27:00.5142195Z (Reading database ... 45%
build-containers (ubuntu-latest, amd64)	Build and Push Image	2026-06-30T06:27:00.5142510Z (Reading database ... 50%
build-containers (ubuntu-latest, amd64)	Build and Push Image	2026-06-30T06:27:00.5142729Z (Reading database ... 55%
build-containers (ubuntu-latest, amd64)	Build and Push Image	2026-06-30T06:27:00.5142942Z (Reading database ... 60%
build-containers (ubuntu-latest, amd64)	Build and Push Image	2026-06-30T06:27:00.5143158Z (Reading database ... 65%
build-containers (ubuntu-latest, amd64)	Build and Push Image	2026-06-30T06:27:00.5143370Z (Reading database ... 70%
build-containers (ubuntu-latest, amd64)	Build and Push Image	2026-06-30T06:27:00.5143584Z (Reading database ... 75%
build-containers (ubuntu-latest, amd64)	Build and Push Image	2026-06-30T06:27:00.5143799Z (Reading database ... 80%
build-containers (ubuntu-latest, amd64)	Build and Push Image	2026-06-30T06:27:00.5144015Z (Reading database ... 85%
build-containers (ubuntu-latest, amd64)	Build and Push Image	2026-06-30T06:27:00.5144338Z (Reading database ... 90%
build-containers (ubuntu-latest, amd64)	Build and Push Image	2026-06-30T06:27:00.5144557Z (Reading database ... 95%
build-containers (ubuntu-latest, amd64)	Build and Push Image	2026-06-30T06:27:00.5144778Z (Reading database ... 100%
build-containers (ubuntu-latest, amd64)	Build and Push Image	2026-06-30T06:27:00.5145384Z (Reading database ... 6095 files and directories currently installed.)
build-containers (ubuntu-latest, amd64)	Build and Push Image	2026-06-30T06:27:00.5146258Z #7 3.173 Preparing to unpack .../libc6_2.36-9+deb12u14_amd64.deb ...
build-containers (ubuntu-latest, amd64)	Build and Push Image	2026-06-30T06:27:00.5146742Z #7 3.235 debconf: unable to initialize frontend: Dialog
build-containers (ubuntu-latest, amd64)	Build and Push Image	2026-06-30T06:27:00.5147198Z #7 3.235 debconf: (TERM is not set, so the dialog frontend is not usable.)
build-containers (ubuntu-latest, amd64)	Build and Push Image	2026-06-30T06:27:00.5147698Z #7 3.235 debconf: falling back to frontend: Readline
build-containers (ubuntu-latest, amd64)	Build and Push Image	2026-06-30T06:27:00.5148041Z #7 3.236 debconf: unable to initialize frontend: Readline
build-containers (ubuntu-latest, amd64)	Build and Push Image	2026-06-30T06:27:00.5150435Z #7 3.236 debconf: (Can't locate Term/ReadLine.pm in @INC (you may need to install the Term::ReadLine module) (@INC contains: /etc/perl /usr/local/lib/x86_64-linux-gnu/perl/5.36.0 /usr/local/share/perl/5.36.0 /usr/lib/x86_64-linux-gnu/perl5/5.36 /usr/share/perl5 /usr/lib/x86_64-linux-gnu/perl-base /usr/lib/x86_64-linux-gnu/perl/5.36 /usr/share/perl/5.36 /usr/local/lib/site_perl) at /usr/share/perl5/Debconf/FrontEnd/Readline.pm line 7.)
build-containers (ubuntu-latest, amd64)	Build and Push Image	2026-06-30T06:27:00.5153049Z #7 3.236 debconf: falling back to frontend: Teletype
build-containers (ubuntu-latest, amd64)	Build and Push Image	2026-06-30T06:27:00.5153666Z #7 3.270 Unpacking libc6:amd64 (2.36-9+deb12u14) over (2.36-9+deb12u13) ...
build-containers (ubuntu-latest, amd64)	Build and Push Image	2026-06-30T06:27:00.8230364Z #7 3.579 Setting up libc6:amd64 (2.36-9+deb12u14) ...
build-containers (ubuntu-latest, amd64)	Build and Push Image	2026-06-30T06:27:01.0378451Z #7 3.643 debconf: unable to initialize frontend: Dialog
build-containers (ubuntu-latest, amd64)	Build and Push Image	2026-06-30T06:27:01.0378983Z #7 3.643 debconf: (TERM is not set, so the dialog frontend is not usable.)
build-containers (ubuntu-latest, amd64)	Build and Push Image	2026-06-30T06:27:01.0379388Z #7 3.643 debconf: falling back to frontend: Readline
build-containers (ubuntu-latest, amd64)	Build and Push Image	2026-06-30T06:27:01.0379737Z #7 3.644 debconf: unable to initialize frontend: Readline
build-containers (ubuntu-latest, amd64)	Build and Push Image	2026-06-30T06:27:01.0381288Z #7 3.644 debconf: (Can't locate Term/ReadLine.pm in @INC (you may need to install the Term::ReadLine module) (@INC contains: /etc/perl /usr/local/lib/x86_64-linux-gnu/perl/5.36.0 /usr/local/share/perl/5.36.0 /usr/lib/x86_64-linux-gnu/perl5/5.36 /usr/share/perl5 /usr/lib/x86_64-linux-gnu/perl-base /usr/lib/x86_64-linux-gnu/perl/5.36 /usr/share/perl/5.36 /usr/local/lib/site_perl) at /usr/share/perl5/Debconf/FrontEnd/Readline.pm line 7.)
build-containers (ubuntu-latest, amd64)	Build and Push Image	2026-06-30T06:27:01.0383505Z #7 3.644 debconf: falling back to frontend: Teletype
build-containers (ubuntu-latest, amd64)	Build and Push Image	2026-06-30T06:27:02.0306233Z #7 4.685 (Reading database ... 
build-containers (ubuntu-latest, amd64)	Build and Push Image	2026-06-30T06:27:02.0307592Z (Reading database ... 5%
build-containers (ubuntu-latest, amd64)	Build and Push Image	2026-06-30T06:27:02.0307978Z (Reading database ... 10%
build-containers (ubuntu-latest, amd64)	Build and Push Image	2026-06-30T06:27:02.0308282Z (Reading database ... 15%
build-containers (ubuntu-latest, amd64)	Build and Push Image	2026-06-30T06:27:02.0308544Z (Reading database ... 20%
build-containers (ubuntu-latest, amd64)	Build and Push Image	2026-06-30T06:27:02.0308766Z (Reading database ... 25%
build-containers (ubuntu-latest, amd64)	Build and Push Image	2026-06-30T06:27:02.0308987Z (Reading database ... 30%
build-containers (ubuntu-latest, amd64)	Build and Push Image	2026-06-30T06:27:02.0309255Z (Reading database ... 35%
build-containers (ubuntu-latest, amd64)	Build and Push Image	2026-06-30T06:27:02.0309606Z (Reading database ... 40%
build-containers (ubuntu-latest, amd64)	Build and Push Image	2026-06-30T06:27:02.0309847Z (Reading database ... 45%
build-containers (ubuntu-latest, amd64)	Build and Push Image	2026-06-30T06:27:02.0310064Z (Reading database ... 50%
build-containers (ubuntu-latest, amd64)	Build and Push Image	2026-06-30T06:27:02.0310288Z (Reading database ... 55%
build-containers (ubuntu-latest, amd64)	Build and Push Image	2026-06-30T06:27:02.0310504Z (Reading database ... 60%
build-containers (ubuntu-latest, amd64)	Build and Push Image	2026-06-30T06:27:02.0310767Z (Reading database ... 65%
build-containers (ubuntu-latest, amd64)	Build and Push Image	2026-06-30T06:27:02.0311105Z (Reading database ... 70%
build-containers (ubuntu-latest, amd64)	Build and Push Image	2026-06-30T06:27:02.0311357Z (Reading database ... 75%
build-containers (ubuntu-latest, amd64)	Build and Push Image	2026-06-30T06:27:02.0311626Z (Reading database ... 80%
build-containers (ubuntu-latest, amd64)	Build and Push Image	2026-06-30T06:27:02.0311939Z (Reading database ... 85%
build-containers (ubuntu-latest, amd64)	Build and Push Image	2026-06-30T06:27:02.0312259Z (Reading database ... 90%
build-containers (ubuntu-latest, amd64)	Build and Push Image	2026-06-30T06:27:02.0312506Z (Reading database ... 95%
build-containers (ubuntu-latest, amd64)	Build and Push Image	2026-06-30T06:27:02.0312734Z (Reading database ... 100%
build-containers (ubuntu-latest, amd64)	Build and Push Image	2026-06-30T06:27:02.0313212Z (Reading database ... 6095 files and directories currently installed.)
build-containers (ubuntu-latest, amd64)	Build and Push Image	2026-06-30T06:27:02.0313817Z #7 4.692 Preparing to unpack .../libc-bin_2.36-9+deb12u14_amd64.deb ...
build-containers (ubuntu-latest, amd64)	Build and Push Image	2026-06-30T06:27:02.0314382Z #7 4.694 Unpacking libc-bin (2.36-9+deb12u14) over (2.36-9+deb12u13) ...
build-containers (ubuntu-latest, amd64)	Build and Push Image	2026-06-30T06:27:02.0314770Z #7 4.756 Setting up libc-bin (2.36-9+deb12u14) ...
build-containers (ubuntu-latest, amd64)	Build and Push Image	2026-06-30T06:27:02.0315485Z #7 4.781 Selecting previously unselected package libssl3:amd64.
build-containers (ubuntu-latest, amd64)	Build and Push Image	2026-06-30T06:27:02.0316292Z #7 4.781 (Reading database ... 
build-containers (ubuntu-latest, amd64)	Build and Push Image	2026-06-30T06:27:02.0316772Z (Reading database ... 5%
build-containers (ubuntu-latest, amd64)	Build and Push Image	2026-06-30T06:27:02.0317160Z (Reading database ... 10%
build-containers (ubuntu-latest, amd64)	Build and Push Image	2026-06-30T06:27:02.0317519Z (Reading database ... 15%
build-containers (ubuntu-latest, amd64)	Build and Push Image	2026-06-30T06:27:02.0317927Z (Reading database ... 20%
build-containers (ubuntu-latest, amd64)	Build and Push Image	2026-06-30T06:27:02.0318276Z (Reading database ... 25%
build-containers (ubuntu-latest, amd64)	Build and Push Image	2026-06-30T06:27:02.0318893Z (Reading database ... 30%
build-containers (ubuntu-latest, amd64)	Build and Push Image	2026-06-30T06:27:02.0319269Z (Reading database ... 35%
build-containers (ubuntu-latest, amd64)	Build and Push Image	2026-06-30T06:27:02.0319585Z (Reading database ... 40%
build-containers (ubuntu-latest, amd64)	Build and Push Image	2026-06-30T06:27:02.0319957Z (Reading database ... 45%
build-containers (ubuntu-latest, amd64)	Build and Push Image	2026-06-30T06:27:02.0320321Z (Reading database ... 50%
build-containers (ubuntu-latest, amd64)	Build and Push Image	2026-06-30T06:27:02.0320676Z (Reading database ... 55%
build-containers (ubuntu-latest, amd64)	Build and Push Image	2026-06-30T06:27:02.0321054Z (Reading database ... 60%
build-containers (ubuntu-latest, amd64)	Build and Push Image	2026-06-30T06:27:02.0321418Z (Reading database ... 65%
build-containers (ubuntu-latest, amd64)	Build and Push Image	2026-06-30T06:27:02.0321783Z (Reading database ... 70%
build-containers (ubuntu-latest, amd64)	Build and Push Image	2026-06-30T06:27:02.0322123Z (Reading database ... 75%
build-containers (ubuntu-latest, amd64)	Build and Push Image	2026-06-30T06:27:02.0322512Z (Reading database ... 80%
build-containers (ubuntu-latest, amd64)	Build and Push Image	2026-06-30T06:27:02.0322878Z (Reading database ... 85%
build-containers (ubuntu-latest, amd64)	Build and Push Image	2026-06-30T06:27:02.0323106Z (Reading database ... 90%
build-containers (ubuntu-latest, amd64)	Build and Push Image	2026-06-30T06:27:02.0323325Z (Reading database ... 95%
build-containers (ubuntu-latest, amd64)	Build and Push Image	2026-06-30T06:27:02.0323636Z (Reading database ... 100%
build-containers (ubuntu-latest, amd64)	Build and Push Image	2026-06-30T06:27:02.0323977Z (Reading database ... 6095 files and directories currently installed.)
build-containers (ubuntu-latest, amd64)	Build and Push Image	2026-06-30T06:27:02.0324535Z #7 4.787 Preparing to unpack .../libssl3_3.0.20-1~deb12u2_amd64.deb ...
build-containers (ubuntu-latest, amd64)	Build and Push Image	2026-06-30T06:27:02.1546165Z #7 4.789 Unpacking libssl3:amd64 (3.0.20-1~deb12u2) ...
build-containers (ubuntu-latest, amd64)	Build and Push Image	2026-06-30T06:27:02.1547681Z #7 4.911 Selecting previously unselected package libpython3.11-minimal:amd64.
build-containers (ubuntu-latest, amd64)	Build and Push Image	2026-06-30T06:27:02.3989685Z #7 4.913 Preparing to unpack .../libpython3.11-minimal_3.11.2-6+deb12u7_amd64.deb ...
build-containers (ubuntu-latest, amd64)	Build and Push Image	2026-06-30T06:27:02.3990783Z #7 4.914 Unpacking libpython3.11-minimal:amd64 (3.11.2-6+deb12u7) ...
build-containers (ubuntu-latest, amd64)	Build and Push Image	2026-06-30T06:27:02.3991869Z #7 4.984 Selecting previously unselected package libexpat1:amd64.
build-containers (ubuntu-latest, amd64)	Build and Push Image	2026-06-30T06:27:02.3992642Z #7 4.986 Preparing to unpack .../libexpat1_2.5.0-1+deb12u2_amd64.deb ...
build-containers (ubuntu-latest, amd64)	Build and Push Image	2026-06-30T06:27:02.3993256Z #7 4.987 Unpacking libexpat1:amd64 (2.5.0-1+deb12u2) ...
build-containers (ubuntu-latest, amd64)	Build and Push Image	2026-06-30T06:27:02.3993859Z #7 5.005 Selecting previously unselected package python3.11-minimal.
build-containers (ubuntu-latest, amd64)	Build and Push Image	2026-06-30T06:27:02.3994587Z #7 5.007 Preparing to unpack .../python3.11-minimal_3.11.2-6+deb12u7_amd64.deb ...
build-containers (ubuntu-latest, amd64)	Build and Push Image	2026-06-30T06:27:02.3995088Z #7 5.010 Unpacking python3.11-minimal (3.11.2-6+deb12u7) ...
build-containers (ubuntu-latest, amd64)	Build and Push Image	2026-06-30T06:27:02.3995653Z #7 5.155 Setting up libssl3:amd64 (3.0.20-1~deb12u2) ...
build-containers (ubuntu-latest, amd64)	Build and Push Image	2026-06-30T06:27:02.5569217Z #7 5.157 Setting up libpython3.11-minimal:amd64 (3.11.2-6+deb12u7) ...
build-containers (ubuntu-latest, amd64)	Build and Push Image	2026-06-30T06:27:02.5570466Z #7 5.161 Setting up libexpat1:amd64 (2.5.0-1+deb12u2) ...
build-containers (ubuntu-latest, amd64)	Build and Push Image	2026-06-30T06:27:02.5570862Z #7 5.163 Setting up python3.11-minimal (3.11.2-6+deb12u7) ...
build-containers (ubuntu-latest, amd64)	Build and Push Image	2026-06-30T06:27:02.9551278Z #7 5.712 Selecting previously unselected package python3-minimal.
build-containers (ubuntu-latest, amd64)	Build and Push Image	2026-06-30T06:27:03.0559154Z #7 5.712 (Reading database ... 
build-containers (ubuntu-latest, amd64)	Build and Push Image	2026-06-30T06:27:03.0569124Z (Reading database ... 5%
build-containers (ubuntu-latest, amd64)	Build and Push Image	2026-06-30T06:27:03.0569543Z (Reading database ... 10%
build-containers (ubuntu-latest, amd64)	Build and Push Image	2026-06-30T06:27:03.0569911Z (Reading database ... 15%
build-containers (ubuntu-latest, amd64)	Build and Push Image	2026-06-30T06:27:03.0570253Z (Reading database ... 20%
build-containers (ubuntu-latest, amd64)	Build and Push Image	2026-06-30T06:27:03.0570590Z (Reading database ... 25%
build-containers (ubuntu-latest, amd64)	Build and Push Image	2026-06-30T06:27:03.0570920Z (Reading database ... 30%
build-containers (ubuntu-latest, amd64)	Build and Push Image	2026-06-30T06:27:03.0571261Z (Reading database ... 35%
build-containers (ubuntu-latest, amd64)	Build and Push Image	2026-06-30T06:27:03.0571503Z (Reading database ... 40%
build-containers (ubuntu-latest, amd64)	Build and Push Image	2026-06-30T06:27:03.0571716Z (Reading database ... 45%
build-containers (ubuntu-latest, amd64)	Build and Push Image	2026-06-30T06:27:03.0571931Z (Reading database ... 50%
build-containers (ubuntu-latest, amd64)	Build and Push Image	2026-06-30T06:27:03.0572180Z (Reading database ... 55%
build-containers (ubuntu-latest, amd64)	Build and Push Image	2026-06-30T06:27:03.0572396Z (Reading database ... 60%
build-containers (ubuntu-latest, amd64)	Build and Push Image	2026-06-30T06:27:03.0572613Z (Reading database ... 65%
build-containers (ubuntu-latest, amd64)	Build and Push Image	2026-06-30T06:27:03.0572842Z (Reading database ... 70%
build-containers (ubuntu-latest, amd64)	Build and Push Image	2026-06-30T06:27:03.0573066Z (Reading database ... 75%
build-containers (ubuntu-latest, amd64)	Build and Push Image	2026-06-30T06:27:03.0573279Z (Reading database ... 80%
build-containers (ubuntu-latest, amd64)	Build and Push Image	2026-06-30T06:27:03.0573492Z (Reading database ... 85%
build-containers (ubuntu-latest, amd64)	Build and Push Image	2026-06-30T06:27:03.0573705Z (Reading database ... 90%
build-containers (ubuntu-latest, amd64)	Build and Push Image	2026-06-30T06:27:03.0573919Z (Reading database ... 95%
build-containers (ubuntu-latest, amd64)	Build and Push Image	2026-06-30T06:27:03.0574140Z (Reading database ... 100%
build-containers (ubuntu-latest, amd64)	Build and Push Image	2026-06-30T06:27:03.0574479Z (Reading database ... 6423 files and directories currently installed.)
build-containers (ubuntu-latest, amd64)	Build and Push Image	2026-06-30T06:27:03.0574977Z #7 5.718 Preparing to unpack .../00-python3-minimal_3.11.2-1+b1_amd64.deb ...
build-containers (ubuntu-latest, amd64)	Build and Push Image	2026-06-30T06:27:03.0575634Z #7 5.719 Unpacking python3-minimal (3.11.2-1+b1) ...
build-containers (ubuntu-latest, amd64)	Build and Push Image	2026-06-30T06:27:03.0575999Z #7 5.733 Selecting previously unselected package media-types.
build-containers (ubuntu-latest, amd64)	Build and Push Image	2026-06-30T06:27:03.0576395Z #7 5.735 Preparing to unpack .../01-media-types_10.0.0_all.deb ...
build-containers (ubuntu-latest, amd64)	Build and Push Image	2026-06-30T06:27:03.0576998Z #7 5.736 Unpacking media-types (10.0.0) ...
build-containers (ubuntu-latest, amd64)	Build and Push Image	2026-06-30T06:27:03.0577368Z #7 5.749 Selecting previously unselected package libncursesw6:amd64.
build-containers (ubuntu-latest, amd64)	Build and Push Image	2026-06-30T06:27:03.0577833Z #7 5.751 Preparing to unpack .../02-libncursesw6_6.4-4_amd64.deb ...
build-containers (ubuntu-latest, amd64)	Build and Push Image	2026-06-30T06:27:03.0578298Z #7 5.752 Unpacking libncursesw6:amd64 (6.4-4) ...
build-containers (ubuntu-latest, amd64)	Build and Push Image	2026-06-30T06:27:03.0578920Z #7 5.773 Selecting previously unselected package libkrb5support0:amd64.
build-containers (ubuntu-latest, amd64)	Build and Push Image	2026-06-30T06:27:03.0579432Z #7 5.775 Preparing to unpack .../03-libkrb5support0_1.20.1-2+deb12u5_amd64.deb ...
build-containers (ubuntu-latest, amd64)	Build and Push Image	2026-06-30T06:27:03.0579989Z #7 5.776 Unpacking libkrb5support0:amd64 (1.20.1-2+deb12u5) ...
build-containers (ubuntu-latest, amd64)	Build and Push Image	2026-06-30T06:27:03.0580420Z #7 5.790 Selecting previously unselected package libk5crypto3:amd64.
build-containers (ubuntu-latest, amd64)	Build and Push Image	2026-06-30T06:27:03.0580868Z #7 5.792 Preparing to unpack .../04-libk5crypto3_1.20.1-2+deb12u5_amd64.deb ...
build-containers (ubuntu-latest, amd64)	Build and Push Image	2026-06-30T06:27:03.0581379Z #7 5.793 Unpacking libk5crypto3:amd64 (1.20.1-2+deb12u5) ...
build-containers (ubuntu-latest, amd64)	Build and Push Image	2026-06-30T06:27:03.0581995Z #7 5.810 Selecting previously unselected package libkeyutils1:amd64.
build-containers (ubuntu-latest, amd64)	Build and Push Image	2026-06-30T06:27:03.0582690Z #7 5.812 Preparing to unpack .../05-libkeyutils1_1.6.3-2_amd64.deb ...
build-containers (ubuntu-latest, amd64)	Build and Push Image	2026-06-30T06:27:03.0583197Z #7 5.812 Unpacking libkeyutils1:amd64 (1.6.3-2) ...
build-containers (ubuntu-latest, amd64)	Build and Push Image	2026-06-30T06:27:03.1656762Z #7 5.825 Selecting previously unselected package libkrb5-3:amd64.
build-containers (ubuntu-latest, amd64)	Build and Push Image	2026-06-30T06:27:03.1657557Z #7 5.827 Preparing to unpack .../06-libkrb5-3_1.20.1-2+deb12u5_amd64.deb ...
build-containers (ubuntu-latest, amd64)	Build and Push Image	2026-06-30T06:27:03.1658203Z #7 5.827 Unpacking libkrb5-3:amd64 (1.20.1-2+deb12u5) ...
build-containers (ubuntu-latest, amd64)	Build and Push Image	2026-06-30T06:27:03.1658826Z #7 5.863 Selecting previously unselected package libgssapi-krb5-2:amd64.
build-containers (ubuntu-latest, amd64)	Build and Push Image	2026-06-30T06:27:03.1659573Z #7 5.865 Preparing to unpack .../07-libgssapi-krb5-2_1.20.1-2+deb12u5_amd64.deb ...
build-containers (ubuntu-latest, amd64)	Build and Push Image	2026-06-30T06:27:03.1660188Z #7 5.866 Unpacking libgssapi-krb5-2:amd64 (1.20.1-2+deb12u5) ...
build-containers (ubuntu-latest, amd64)	Build and Push Image	2026-06-30T06:27:03.1660611Z #7 5.886 Selecting previously unselected package libtirpc-common.
build-containers (ubuntu-latest, amd64)	Build and Push Image	2026-06-30T06:27:03.1661042Z #7 5.888 Preparing to unpack .../08-libtirpc-common_1.3.3+ds-1_all.deb ...
build-containers (ubuntu-latest, amd64)	Build and Push Image	2026-06-30T06:27:03.1661473Z #7 5.889 Unpacking libtirpc-common (1.3.3+ds-1) ...
build-containers (ubuntu-latest, amd64)	Build and Push Image	2026-06-30T06:27:03.1661842Z #7 5.902 Selecting previously unselected package libtirpc3:amd64.
build-containers (ubuntu-latest, amd64)	Build and Push Image	2026-06-30T06:27:03.1662609Z #7 5.904 Preparing to unpack .../09-libtirpc3_1.3.3+ds-1_amd64.deb ...
build-containers (ubuntu-latest, amd64)	Build and Push Image	2026-06-30T06:27:03.1663099Z #7 5.905 Unpacking libtirpc3:amd64 (1.3.3+ds-1) ...
build-containers (ubuntu-latest, amd64)	Build and Push Image	2026-06-30T06:27:03.1663755Z #7 5.922 Selecting previously unselected package libnsl2:amd64.
build-containers (ubuntu-latest, amd64)	Build and Push Image	2026-06-30T06:27:03.2773351Z #7 5.923 Preparing to unpack .../10-libnsl2_1.3.0-2_amd64.deb ...
build-containers (ubuntu-latest, amd64)	Build and Push Image	2026-06-30T06:27:03.2774131Z #7 5.924 Unpacking libnsl2:amd64 (1.3.0-2) ...
build-containers (ubuntu-latest, amd64)	Build and Push Image	2026-06-30T06:27:03.2775297Z #7 5.938 Selecting previously unselected package readline-common.
build-containers (ubuntu-latest, amd64)	Build and Push Image	2026-06-30T06:27:03.2776204Z #7 5.940 Preparing to unpack .../11-readline-common_8.2-1.3_all.deb ...
build-containers (ubuntu-latest, amd64)	Build and Push Image	2026-06-30T06:27:03.2777028Z #7 5.941 Unpacking readline-common (8.2-1.3) ...
build-containers (ubuntu-latest, amd64)	Build and Push Image	2026-06-30T06:27:03.2777839Z #7 5.956 Selecting previously unselected package libreadline8:amd64.
build-containers (ubuntu-latest, amd64)	Build and Push Image	2026-06-30T06:27:03.2778842Z #7 5.958 Preparing to unpack .../12-libreadline8_8.2-1.3_amd64.deb ...
build-containers (ubuntu-latest, amd64)	Build and Push Image	2026-06-30T06:27:03.2779542Z #7 5.959 Unpacking libreadline8:amd64 (8.2-1.3) ...
build-containers (ubuntu-latest, amd64)	Build and Push Image	2026-06-30T06:27:03.2780173Z #7 5.981 Selecting previously unselected package libsqlite3-0:amd64.
build-containers (ubuntu-latest, amd64)	Build and Push Image	2026-06-30T06:27:03.2780878Z #7 5.983 Preparing to unpack .../13-libsqlite3-0_3.40.1-2+deb12u2_amd64.deb ...
build-containers (ubuntu-latest, amd64)	Build and Push Image	2026-06-30T06:27:03.2781536Z #7 5.984 Unpacking libsqlite3-0:amd64 (3.40.1-2+deb12u2) ...
build-containers (ubuntu-latest, amd64)	Build and Push Image	2026-06-30T06:27:03.2782210Z #7 6.034 Selecting previously unselected package libpython3.11-stdlib:amd64.
build-containers (ubuntu-latest, amd64)	Build and Push Image	2026-06-30T06:27:03.4079491Z #7 6.036 Preparing to unpack .../14-libpython3.11-stdlib_3.11.2-6+deb12u7_amd64.deb ...
build-containers (ubuntu-latest, amd64)	Build and Push Image	2026-06-30T06:27:03.4080361Z #7 6.037 Unpacking libpython3.11-stdlib:amd64 (3.11.2-6+deb12u7) ...
build-containers (ubuntu-latest, amd64)	Build and Push Image	2026-06-30T06:27:03.4081001Z #7 6.164 Selecting previously unselected package python3.11.
build-containers (ubuntu-latest, amd64)	Build and Push Image	2026-06-30T06:27:03.5615126Z #7 6.167 Preparing to unpack .../15-python3.11_3.11.2-6+deb12u7_amd64.deb ...
build-containers (ubuntu-latest, amd64)	Build and Push Image	2026-06-30T06:27:03.5616781Z #7 6.167 Unpacking python3.11 (3.11.2-6+deb12u7) ...
build-containers (ubuntu-latest, amd64)	Build and Push Image	2026-06-30T06:27:03.5618169Z #7 6.190 Selecting previously unselected package libpython3-stdlib:amd64.
build-containers (ubuntu-latest, amd64)	Build and Push Image	2026-06-30T06:27:03.5619283Z #7 6.192 Preparing to unpack .../16-libpython3-stdlib_3.11.2-1+b1_amd64.deb ...
build-containers (ubuntu-latest, amd64)	Build and Push Image	2026-06-30T06:27:03.5619975Z #7 6.193 Unpacking libpython3-stdlib:amd64 (3.11.2-1+b1) ...
build-containers (ubuntu-latest, amd64)	Build and Push Image	2026-06-30T06:27:03.5620528Z #7 6.208 Setting up python3-minimal (3.11.2-1+b1) ...
build-containers (ubuntu-latest, amd64)	Build and Push Image	2026-06-30T06:27:03.5621066Z #7 6.318 Selecting previously unselected package python3.
build-containers (ubuntu-latest, amd64)	Build and Push Image	2026-06-30T06:27:03.6809285Z #7 6.318 (Reading database ... 
build-containers (ubuntu-latest, amd64)	Build and Push Image	2026-06-30T06:27:03.6809971Z (Reading database ... 5%
build-containers (ubuntu-latest, amd64)	Build and Push Image	2026-06-30T06:27:03.6810542Z (Reading database ... 10%
build-containers (ubuntu-latest, amd64)	Build and Push Image	2026-06-30T06:27:03.6810960Z (Reading database ... 15%
build-containers (ubuntu-latest, amd64)	Build and Push Image	2026-06-30T06:27:03.6811327Z (Reading database ... 20%
build-containers (ubuntu-latest, amd64)	Build and Push Image	2026-06-30T06:27:03.6811675Z (Reading database ... 25%
build-containers (ubuntu-latest, amd64)	Build and Push Image	2026-06-30T06:27:03.6812021Z (Reading database ... 30%
build-containers (ubuntu-latest, amd64)	Build and Push Image	2026-06-30T06:27:03.6812359Z (Reading database ... 35%
build-containers (ubuntu-latest, amd64)	Build and Push Image	2026-06-30T06:27:03.6812691Z (Reading database ... 40%
build-containers (ubuntu-latest, amd64)	Build and Push Image	2026-06-30T06:27:03.6813032Z (Reading database ... 45%
build-containers (ubuntu-latest, amd64)	Build and Push Image	2026-06-30T06:27:03.6813404Z (Reading database ... 50%
build-containers (ubuntu-latest, amd64)	Build and Push Image	2026-06-30T06:27:03.6813732Z (Reading database ... 55%
build-containers (ubuntu-latest, amd64)	Build and Push Image	2026-06-30T06:27:03.6814070Z (Reading database ... 60%
build-containers (ubuntu-latest, amd64)	Build and Push Image	2026-06-30T06:27:03.6814395Z (Reading database ... 65%
build-containers (ubuntu-latest, amd64)	Build and Push Image	2026-06-30T06:27:03.6814721Z (Reading database ... 70%
build-containers (ubuntu-latest, amd64)	Build and Push Image	2026-06-30T06:27:03.6815037Z (Reading database ... 75%
build-containers (ubuntu-latest, amd64)	Build and Push Image	2026-06-30T06:27:03.6815552Z (Reading database ... 80%
build-containers (ubuntu-latest, amd64)	Build and Push Image	2026-06-30T06:27:03.6815886Z (Reading database ... 85%
build-containers (ubuntu-latest, amd64)	Build and Push Image	2026-06-30T06:27:03.6816207Z (Reading database ... 90%
build-containers (ubuntu-latest, amd64)	Build and Push Image	2026-06-30T06:27:03.6816539Z (Reading database ... 95%
build-containers (ubuntu-latest, amd64)	Build and Push Image	2026-06-30T06:27:03.6816865Z (Reading database ... 100%
build-containers (ubuntu-latest, amd64)	Build and Push Image	2026-06-30T06:27:03.6817342Z (Reading database ... 6931 files and directories currently installed.)
build-containers (ubuntu-latest, amd64)	Build and Push Image	2026-06-30T06:27:03.6818016Z #7 6.325 Preparing to unpack .../python3_3.11.2-1+b1_amd64.deb ...
build-containers (ubuntu-latest, amd64)	Build and Push Image	2026-06-30T06:27:03.6818559Z #7 6.328 Unpacking python3 (3.11.2-1+b1) ...
build-containers (ubuntu-latest, amd64)	Build and Push Image	2026-06-30T06:27:03.6819106Z #7 6.345 Preparing to unpack .../libcap2_1%3a2.66-4+deb12u3+b1_amd64.deb ...
build-containers (ubuntu-latest, amd64)	Build and Push Image	2026-06-30T06:27:03.6819826Z #7 6.347 Unpacking libcap2:amd64 (1:2.66-4+deb12u3+b1) over (1:2.66-4+deb12u2) ...
build-containers (ubuntu-latest, amd64)	Build and Push Image	2026-06-30T06:27:03.6820482Z #7 6.366 Setting up libcap2:amd64 (1:2.66-4+deb12u3+b1) ...
build-containers (ubuntu-latest, amd64)	Build and Push Image	2026-06-30T06:27:03.6821350Z #7 6.382 Selecting previously unselected package libelf1:amd64.
build-containers (ubuntu-latest, amd64)	Build and Push Image	2026-06-30T06:27:03.6821859Z #7 6.382 (Reading database ... 
build-containers (ubuntu-latest, amd64)	Build and Push Image	2026-06-30T06:27:03.6822213Z (Reading database ... 5%
build-containers (ubuntu-latest, amd64)	Build and Push Image	2026-06-30T06:27:03.6822556Z (Reading database ... 10%
build-containers (ubuntu-latest, amd64)	Build and Push Image	2026-06-30T06:27:03.6822912Z (Reading database ... 15%
build-containers (ubuntu-latest, amd64)	Build and Push Image	2026-06-30T06:27:03.6823241Z (Reading database ... 20%
build-containers (ubuntu-latest, amd64)	Build and Push Image	2026-06-30T06:27:03.6823578Z (Reading database ... 25%
build-containers (ubuntu-latest, amd64)	Build and Push Image	2026-06-30T06:27:03.6823918Z (Reading database ... 30%
build-containers (ubuntu-latest, amd64)	Build and Push Image	2026-06-30T06:27:03.6824262Z (Reading database ... 35%
build-containers (ubuntu-latest, amd64)	Build and Push Image	2026-06-30T06:27:03.6824609Z (Reading database ... 40%
build-containers (ubuntu-latest, amd64)	Build and Push Image	2026-06-30T06:27:03.6824946Z (Reading database ... 45%
build-containers (ubuntu-latest, amd64)	Build and Push Image	2026-06-30T06:27:03.6825453Z (Reading database ... 50%
build-containers (ubuntu-latest, amd64)	Build and Push Image	2026-06-30T06:27:03.6825799Z (Reading database ... 55%
build-containers (ubuntu-latest, amd64)	Build and Push Image	2026-06-30T06:27:03.6826132Z (Reading database ... 60%
build-containers (ubuntu-latest, amd64)	Build and Push Image	2026-06-30T06:27:03.6826476Z (Reading database ... 65%
build-containers (ubuntu-latest, amd64)	Build and Push Image	2026-06-30T06:27:03.6826885Z (Reading database ... 70%
build-containers (ubuntu-latest, amd64)	Build and Push Image	2026-06-30T06:27:03.6827361Z (Reading database ... 75%
build-containers (ubuntu-latest, amd64)	Build and Push Image	2026-06-30T06:27:03.6827721Z (Reading database ... 80%
build-containers (ubuntu-latest, amd64)	Build and Push Image	2026-06-30T06:27:03.6827975Z (Reading database ... 85%
build-containers (ubuntu-latest, amd64)	Build and Push Image	2026-06-30T06:27:03.6828272Z (Reading database ... 90%
build-containers (ubuntu-latest, amd64)	Build and Push Image	2026-06-30T06:27:03.6828660Z (Reading database ... 95%
build-containers (ubuntu-latest, amd64)	Build and Push Image	2026-06-30T06:27:03.6829167Z (Reading database ... 100%
build-containers (ubuntu-latest, amd64)	Build and Push Image	2026-06-30T06:27:03.6829849Z (Reading database ... 6954 files and directories currently installed.)
build-containers (ubuntu-latest, amd64)	Build and Push Image	2026-06-30T06:27:03.6830558Z #7 6.387 Preparing to unpack .../00-libelf1_0.188-2.1_amd64.deb ...
build-containers (ubuntu-latest, amd64)	Build and Push Image	2026-06-30T06:27:03.6831148Z #7 6.388 Unpacking libelf1:amd64 (0.188-2.1) ...
build-containers (ubuntu-latest, amd64)	Build and Push Image	2026-06-30T06:27:03.6831603Z #7 6.413 Selecting previously unselected package libbpf1:amd64.
build-containers (ubuntu-latest, amd64)	Build and Push Image	2026-06-30T06:27:03.6832280Z #7 6.415 Preparing to unpack .../01-libbpf1_1%3a1.1.2-0+deb12u1_amd64.deb ...
build-containers (ubuntu-latest, amd64)	Build and Push Image	2026-06-30T06:27:03.6832948Z #7 6.416 Unpacking libbpf1:amd64 (1:1.1.2-0+deb12u1) ...
build-containers (ubuntu-latest, amd64)	Build and Push Image	2026-06-30T06:27:03.6833324Z #7 6.437 Selecting previously unselected package libbsd0:amd64.
build-containers (ubuntu-latest, amd64)	Build and Push Image	2026-06-30T06:27:03.8397159Z #7 6.440 Preparing to unpack .../02-libbsd0_0.11.7-2_amd64.deb ...
build-containers (ubuntu-latest, amd64)	Build and Push Image	2026-06-30T06:27:03.8398510Z #7 6.440 Unpacking libbsd0:amd64 (0.11.7-2) ...
build-containers (ubuntu-latest, amd64)	Build and Push Image	2026-06-30T06:27:03.8399805Z #7 6.459 Selecting previously unselected package libmnl0:amd64.
build-containers (ubuntu-latest, amd64)	Build and Push Image	2026-06-30T06:27:03.8400643Z #7 6.461 Preparing to unpack .../03-libmnl0_1.0.4-3_amd64.deb ...
build-containers (ubuntu-latest, amd64)	Build and Push Image	2026-06-30T06:27:03.8401282Z #7 6.462 Unpacking libmnl0:amd64 (1.0.4-3) ...
build-containers (ubuntu-latest, amd64)	Build and Push Image	2026-06-30T06:27:03.8401834Z #7 6.475 Selecting previously unselected package libxtables12:amd64.
build-containers (ubuntu-latest, amd64)	Build and Push Image	2026-06-30T06:27:03.8402479Z #7 6.476 Preparing to unpack .../04-libxtables12_1.8.9-2_amd64.deb ...
build-containers (ubuntu-latest, amd64)	Build and Push Image	2026-06-30T06:27:03.8403028Z #7 6.477 Unpacking libxtables12:amd64 (1.8.9-2) ...
build-containers (ubuntu-latest, amd64)	Build and Push Image	2026-06-30T06:27:03.8403548Z #7 6.490 Selecting previously unselected package libcap2-bin.
build-containers (ubuntu-latest, amd64)	Build and Push Image	2026-06-30T06:27:03.8404178Z #7 6.492 Preparing to unpack .../05-libcap2-bin_1%3a2.66-4+deb12u3+b1_amd64.deb ...
build-containers (ubuntu-latest, amd64)	Build and Push Image	2026-06-30T06:27:03.8404796Z #7 6.492 Unpacking libcap2-bin (1:2.66-4+deb12u3+b1) ...
build-containers (ubuntu-latest, amd64)	Build and Push Image	2026-06-30T06:27:03.8405518Z #7 6.509 Selecting previously unselected package iproute2.
build-containers (ubuntu-latest, amd64)	Build and Push Image	2026-06-30T06:27:03.8406061Z #7 6.511 Preparing to unpack .../06-iproute2_6.1.0-3_amd64.deb ...
build-containers (ubuntu-latest, amd64)	Build and Push Image	2026-06-30T06:27:03.8406543Z #7 6.512 Unpacking iproute2 (6.1.0-3) ...
build-containers (ubuntu-latest, amd64)	Build and Push Image	2026-06-30T06:27:03.8406989Z #7 6.596 Selecting previously unselected package openssl.
build-containers (ubuntu-latest, amd64)	Build and Push Image	2026-06-30T06:27:03.9591683Z #7 6.599 Preparing to unpack .../07-openssl_3.0.20-1~deb12u2_amd64.deb ...
build-containers (ubuntu-latest, amd64)	Build and Push Image	2026-06-30T06:27:03.9601261Z #7 6.599 Unpacking openssl (3.0.20-1~deb12u2) ...
build-containers (ubuntu-latest, amd64)	Build and Push Image	2026-06-30T06:27:03.9601836Z #7 6.715 Selecting previously unselected package ca-certificates.
build-containers (ubuntu-latest, amd64)	Build and Push Image	2026-06-30T06:27:04.1788846Z #7 6.718 Preparing to unpack .../08-ca-certificates_20230311+deb12u1_all.deb ...
build-containers (ubuntu-latest, amd64)	Build and Push Image	2026-06-30T06:27:04.1789398Z #7 6.719 Unpacking ca-certificates (20230311+deb12u1) ...
build-containers (ubuntu-latest, amd64)	Build and Push Image	2026-06-30T06:27:04.1789833Z #7 6.782 Selecting previously unselected package binutils-common:amd64.
build-containers (ubuntu-latest, amd64)	Build and Push Image	2026-06-30T06:27:04.1790300Z #7 6.784 Preparing to unpack .../09-binutils-common_2.40-2_amd64.deb ...
build-containers (ubuntu-latest, amd64)	Build and Push Image	2026-06-30T06:27:04.1790756Z #7 6.785 Unpacking binutils-common:amd64 (2.40-2) ...
build-containers (ubuntu-latest, amd64)	Build and Push Image	2026-06-30T06:27:04.2010280Z #7 6.957 Selecting previously unselected package libbinutils:amd64.
build-containers (ubuntu-latest, amd64)	Build and Push Image	2026-06-30T06:27:04.3639938Z #7 6.959 Preparing to unpack .../10-libbinutils_2.40-2_amd64.deb ...
build-containers (ubuntu-latest, amd64)	Build and Push Image	2026-06-30T06:27:04.3640694Z #7 6.960 Unpacking libbinutils:amd64 (2.40-2) ...
build-containers (ubuntu-latest, amd64)	Build and Push Image	2026-06-30T06:27:04.3641319Z #7 7.010 Selecting previously unselected package libctf-nobfd0:amd64.
build-containers (ubuntu-latest, amd64)	Build and Push Image	2026-06-30T06:27:04.3642047Z #7 7.011 Preparing to unpack .../11-libctf-nobfd0_2.40-2_amd64.deb ...
build-containers (ubuntu-latest, amd64)	Build and Push Image	2026-06-30T06:27:04.3642668Z #7 7.012 Unpacking libctf-nobfd0:amd64 (2.40-2) ...
build-containers (ubuntu-latest, amd64)	Build and Push Image	2026-06-30T06:27:04.3643230Z #7 7.034 Selecting previously unselected package libctf0:amd64.
build-containers (ubuntu-latest, amd64)	Build and Push Image	2026-06-30T06:27:04.3643793Z #7 7.035 Preparing to unpack .../12-libctf0_2.40-2_amd64.deb ...
build-containers (ubuntu-latest, amd64)	Build and Push Image	2026-06-30T06:27:04.3644144Z #7 7.035 Unpacking libctf0:amd64 (2.40-2) ...
build-containers (ubuntu-latest, amd64)	Build and Push Image	2026-06-30T06:27:04.3644523Z #7 7.054 Selecting previously unselected package libgprofng0:amd64.
build-containers (ubuntu-latest, amd64)	Build and Push Image	2026-06-30T06:27:04.3645015Z #7 7.055 Preparing to unpack .../13-libgprofng0_2.40-2_amd64.deb ...
build-containers (ubuntu-latest, amd64)	Build and Push Image	2026-06-30T06:27:04.3645875Z #7 7.056 Unpacking libgprofng0:amd64 (2.40-2) ...
build-containers (ubuntu-latest, amd64)	Build and Push Image	2026-06-30T06:27:04.3646268Z #7 7.120 Selecting previously unselected package libjansson4:amd64.
build-containers (ubuntu-latest, amd64)	Build and Push Image	2026-06-30T06:27:04.5323972Z #7 7.122 Preparing to unpack .../14-libjansson4_2.14-2_amd64.deb ...
build-containers (ubuntu-latest, amd64)	Build and Push Image	2026-06-30T06:27:04.5324577Z #7 7.123 Unpacking libjansson4:amd64 (2.14-2) ...
build-containers (ubuntu-latest, amd64)	Build and Push Image	2026-06-30T06:27:04.5325025Z #7 7.136 Selecting previously unselected package binutils-x86-64-linux-gnu.
build-containers (ubuntu-latest, amd64)	Build and Push Image	2026-06-30T06:27:04.5325830Z #7 7.137 Preparing to unpack .../15-binutils-x86-64-linux-gnu_2.40-2_amd64.deb ...
build-containers (ubuntu-latest, amd64)	Build and Push Image	2026-06-30T06:27:04.5326275Z #7 7.138 Unpacking binutils-x86-64-linux-gnu (2.40-2) ...
build-containers (ubuntu-latest, amd64)	Build and Push Image	2026-06-30T06:27:04.5528986Z #7 7.309 Selecting previously unselected package binutils.
build-containers (ubuntu-latest, amd64)	Build and Push Image	2026-06-30T06:27:04.6776791Z #7 7.311 Preparing to unpack .../16-binutils_2.40-2_amd64.deb ...
build-containers (ubuntu-latest, amd64)	Build and Push Image	2026-06-30T06:27:04.6777458Z #7 7.312 Unpacking binutils (2.40-2) ...
build-containers (ubuntu-latest, amd64)	Build and Push Image	2026-06-30T06:27:04.6777993Z #7 7.333 Selecting previously unselected package libisl23:amd64.
build-containers (ubuntu-latest, amd64)	Build and Push Image	2026-06-30T06:27:04.6778976Z #7 7.334 Preparing to unpack .../17-libisl23_0.25-1.1_amd64.deb ...
build-containers (ubuntu-latest, amd64)	Build and Push Image	2026-06-30T06:27:04.6779587Z #7 7.335 Unpacking libisl23:amd64 (0.25-1.1) ...
build-containers (ubuntu-latest, amd64)	Build and Push Image	2026-06-30T06:27:04.6780059Z #7 7.393 Selecting previously unselected package libmpfr6:amd64.
build-containers (ubuntu-latest, amd64)	Build and Push Image	2026-06-30T06:27:04.6780581Z #7 7.395 Preparing to unpack .../18-libmpfr6_4.2.0-1_amd64.deb ...
build-containers (ubuntu-latest, amd64)	Build and Push Image	2026-06-30T06:27:04.6780963Z #7 7.396 Unpacking libmpfr6:amd64 (4.2.0-1) ...
build-containers (ubuntu-latest, amd64)	Build and Push Image	2026-06-30T06:27:04.6781336Z #7 7.434 Selecting previously unselected package libmpc3:amd64.
build-containers (ubuntu-latest, amd64)	Build and Push Image	2026-06-30T06:27:04.8468084Z #7 7.436 Preparing to unpack .../19-libmpc3_1.3.1-1_amd64.deb ...
build-containers (ubuntu-latest, amd64)	Build and Push Image	2026-06-30T06:27:04.8468774Z #7 7.437 Unpacking libmpc3:amd64 (1.3.1-1) ...
build-containers (ubuntu-latest, amd64)	Build and Push Image	2026-06-30T06:27:04.8469322Z #7 7.451 Selecting previously unselected package cpp-12.
build-containers (ubuntu-latest, amd64)	Build and Push Image	2026-06-30T06:27:04.8469995Z #7 7.452 Preparing to unpack .../20-cpp-12_12.2.0-14+deb12u1_amd64.deb ...
build-containers (ubuntu-latest, amd64)	Build and Push Image	2026-06-30T06:27:04.8470634Z #7 7.453 Unpacking cpp-12 (12.2.0-14+deb12u1) ...
build-containers (ubuntu-latest, amd64)	Build and Push Image	2026-06-30T06:27:05.2211791Z #7 7.978 Selecting previously unselected package cpp.
build-containers (ubuntu-latest, amd64)	Build and Push Image	2026-06-30T06:27:05.4563328Z #7 7.979 Preparing to unpack .../21-cpp_4%3a12.2.0-3_amd64.deb ...
build-containers (ubuntu-latest, amd64)	Build and Push Image	2026-06-30T06:27:05.4563975Z #7 7.980 Unpacking cpp (4:12.2.0-3) ...
build-containers (ubuntu-latest, amd64)	Build and Push Image	2026-06-30T06:27:05.4564326Z #7 7.993 Selecting previously unselected package libcc1-0:amd64.
build-containers (ubuntu-latest, amd64)	Build and Push Image	2026-06-30T06:27:05.4564779Z #7 7.994 Preparing to unpack .../22-libcc1-0_12.2.0-14+deb12u1_amd64.deb ...
build-containers (ubuntu-latest, amd64)	Build and Push Image	2026-06-30T06:27:05.4565377Z #7 7.995 Unpacking libcc1-0:amd64 (12.2.0-14+deb12u1) ...
build-containers (ubuntu-latest, amd64)	Build and Push Image	2026-06-30T06:27:05.4565766Z #7 8.009 Selecting previously unselected package libgomp1:amd64.
build-containers (ubuntu-latest, amd64)	Build and Push Image	2026-06-30T06:27:05.4566187Z #7 8.010 Preparing to unpack .../23-libgomp1_12.2.0-14+deb12u1_amd64.deb ...
build-containers (ubuntu-latest, amd64)	Build and Push Image	2026-06-30T06:27:05.4566578Z #7 8.011 Unpacking libgomp1:amd64 (12.2.0-14+deb12u1) ...
build-containers (ubuntu-latest, amd64)	Build and Push Image	2026-06-30T06:27:05.4566936Z #7 8.030 Selecting previously unselected package libitm1:amd64.
build-containers (ubuntu-latest, amd64)	Build and Push Image	2026-06-30T06:27:05.4567353Z #7 8.031 Preparing to unpack .../24-libitm1_12.2.0-14+deb12u1_amd64.deb ...
build-containers (ubuntu-latest, amd64)	Build and Push Image	2026-06-30T06:27:05.4567760Z #7 8.032 Unpacking libitm1:amd64 (12.2.0-14+deb12u1) ...
build-containers (ubuntu-latest, amd64)	Build and Push Image	2026-06-30T06:27:05.4568141Z #7 8.046 Selecting previously unselected package libatomic1:amd64.
build-containers (ubuntu-latest, amd64)	Build and Push Image	2026-06-30T06:27:05.4568841Z #7 8.047 Preparing to unpack .../25-libatomic1_12.2.0-14+deb12u1_amd64.deb ...
build-containers (ubuntu-latest, amd64)	Build and Push Image	2026-06-30T06:27:05.4569285Z #7 8.048 Unpacking libatomic1:amd64 (12.2.0-14+deb12u1) ...
build-containers (ubuntu-latest, amd64)	Build and Push Image	2026-06-30T06:27:05.4569672Z #7 8.060 Selecting previously unselected package libasan8:amd64.
build-containers (ubuntu-latest, amd64)	Build and Push Image	2026-06-30T06:27:05.4570078Z #7 8.061 Preparing to unpack .../26-libasan8_12.2.0-14+deb12u1_amd64.deb ...
build-containers (ubuntu-latest, amd64)	Build and Push Image	2026-06-30T06:27:05.4570460Z #7 8.062 Unpacking libasan8:amd64 (12.2.0-14+deb12u1) ...
build-containers (ubuntu-latest, amd64)	Build and Push Image	2026-06-30T06:27:05.4596873Z #7 8.216 Selecting previously unselected package liblsan0:amd64.
build-containers (ubuntu-latest, amd64)	Build and Push Image	2026-06-30T06:27:05.6914413Z #7 8.218 Preparing to unpack .../27-liblsan0_12.2.0-14+deb12u1_amd64.deb ...
build-containers (ubuntu-latest, amd64)	Build and Push Image	2026-06-30T06:27:05.6915321Z #7 8.219 Unpacking liblsan0:amd64 (12.2.0-14+deb12u1) ...
build-containers (ubuntu-latest, amd64)	Build and Push Image	2026-06-30T06:27:05.6916165Z #7 8.295 Selecting previously unselected package libtsan2:amd64.
build-containers (ubuntu-latest, amd64)	Build and Push Image	2026-06-30T06:27:05.6916943Z #7 8.296 Preparing to unpack .../28-libtsan2_12.2.0-14+deb12u1_amd64.deb ...
build-containers (ubuntu-latest, amd64)	Build and Push Image	2026-06-30T06:27:05.6917781Z #7 8.297 Unpacking libtsan2:amd64 (12.2.0-14+deb12u1) ...
build-containers (ubuntu-latest, amd64)	Build and Push Image	2026-06-30T06:27:05.6973768Z #7 8.454 Selecting previously unselected package libubsan1:amd64.
build-containers (ubuntu-latest, amd64)	Build and Push Image	2026-06-30T06:27:05.9443511Z #7 8.455 Preparing to unpack .../29-libubsan1_12.2.0-14+deb12u1_amd64.deb ...
build-containers (ubuntu-latest, amd64)	Build and Push Image	2026-06-30T06:27:05.9444215Z #7 8.456 Unpacking libubsan1:amd64 (12.2.0-14+deb12u1) ...
build-containers (ubuntu-latest, amd64)	Build and Push Image	2026-06-30T06:27:05.9444777Z #7 8.527 Selecting previously unselected package libquadmath0:amd64.
build-containers (ubuntu-latest, amd64)	Build and Push Image	2026-06-30T06:27:05.9445592Z #7 8.528 Preparing to unpack .../30-libquadmath0_12.2.0-14+deb12u1_amd64.deb ...
build-containers (ubuntu-latest, amd64)	Build and Push Image	2026-06-30T06:27:05.9446195Z #7 8.529 Unpacking libquadmath0:amd64 (12.2.0-14+deb12u1) ...
build-containers (ubuntu-latest, amd64)	Build and Push Image	2026-06-30T06:27:05.9446753Z #7 8.549 Selecting previously unselected package libgcc-12-dev:amd64.
build-containers (ubuntu-latest, amd64)	Build and Push Image	2026-06-30T06:27:05.9447376Z #7 8.550 Preparing to unpack .../31-libgcc-12-dev_12.2.0-14+deb12u1_amd64.deb ...
build-containers (ubuntu-latest, amd64)	Build and Push Image	2026-06-30T06:27:05.9448306Z #7 8.551 Unpacking libgcc-12-dev:amd64 (12.2.0-14+deb12u1) ...
build-containers (ubuntu-latest, amd64)	Build and Push Image	2026-06-30T06:27:05.9448813Z #7 8.701 Selecting previously unselected package gcc-12.
build-containers (ubuntu-latest, amd64)	Build and Push Image	2026-06-30T06:27:06.0973577Z #7 8.702 Preparing to unpack .../32-gcc-12_12.2.0-14+deb12u1_amd64.deb ...
build-containers (ubuntu-latest, amd64)	Build and Push Image	2026-06-30T06:27:06.0975743Z #7 8.703 Unpacking gcc-12 (12.2.0-14+deb12u1) ...
build-containers (ubuntu-latest, amd64)	Build and Push Image	2026-06-30T06:27:06.5818613Z #7 9.338 Selecting previously unselected package gcc.
build-containers (ubuntu-latest, amd64)	Build and Push Image	2026-06-30T06:27:06.7678136Z #7 9.340 Preparing to unpack .../33-gcc_4%3a12.2.0-3_amd64.deb ...
build-containers (ubuntu-latest, amd64)	Build and Push Image	2026-06-30T06:27:06.7678607Z #7 9.341 Unpacking gcc (4:12.2.0-3) ...
build-containers (ubuntu-latest, amd64)	Build and Push Image	2026-06-30T06:27:06.7678955Z #7 9.355 Selecting previously unselected package libc-dev-bin.
build-containers (ubuntu-latest, amd64)	Build and Push Image	2026-06-30T06:27:06.7679405Z #7 9.356 Preparing to unpack .../34-libc-dev-bin_2.36-9+deb12u14_amd64.deb ...
build-containers (ubuntu-latest, amd64)	Build and Push Image	2026-06-30T06:27:06.7679820Z #7 9.357 Unpacking libc-dev-bin (2.36-9+deb12u14) ...
build-containers (ubuntu-latest, amd64)	Build and Push Image	2026-06-30T06:27:06.7680312Z #7 9.372 Selecting previously unselected package linux-libc-dev:amd64.
build-containers (ubuntu-latest, amd64)	Build and Push Image	2026-06-30T06:27:06.7680861Z #7 9.373 Preparing to unpack .../35-linux-libc-dev_6.1.174-1_amd64.deb ...
build-containers (ubuntu-latest, amd64)	Build and Push Image	2026-06-30T06:27:06.7681410Z #7 9.374 Unpacking linux-libc-dev:amd64 (6.1.174-1) ...
build-containers (ubuntu-latest, amd64)	Build and Push Image	2026-06-30T06:27:06.7762862Z #7 9.533 Selecting previously unselected package libcrypt-dev:amd64.
build-containers (ubuntu-latest, amd64)	Build and Push Image	2026-06-30T06:27:07.0180339Z #7 9.535 Preparing to unpack .../36-libcrypt-dev_1%3a4.4.33-2_amd64.deb ...
build-containers (ubuntu-latest, amd64)	Build and Push Image	2026-06-30T06:27:07.0181395Z #7 9.540 Unpacking libcrypt-dev:amd64 (1:4.4.33-2) ...
build-containers (ubuntu-latest, amd64)	Build and Push Image	2026-06-30T06:27:07.0182312Z #7 9.559 Selecting previously unselected package libtirpc-dev:amd64.
build-containers (ubuntu-latest, amd64)	Build and Push Image	2026-06-30T06:27:07.0183057Z #7 9.561 Preparing to unpack .../37-libtirpc-dev_1.3.3+ds-1_amd64.deb ...
build-containers (ubuntu-latest, amd64)	Build and Push Image	2026-06-30T06:27:07.0183678Z #7 9.561 Unpacking libtirpc-dev:amd64 (1.3.3+ds-1) ...
build-containers (ubuntu-latest, amd64)	Build and Push Image	2026-06-30T06:27:07.0184272Z #7 9.588 Selecting previously unselected package libnsl-dev:amd64.
build-containers (ubuntu-latest, amd64)	Build and Push Image	2026-06-30T06:27:07.0184929Z #7 9.589 Preparing to unpack .../38-libnsl-dev_1.3.0-2_amd64.deb ...
build-containers (ubuntu-latest, amd64)	Build and Push Image	2026-06-30T06:27:07.0185627Z #7 9.590 Unpacking libnsl-dev:amd64 (1.3.0-2) ...
build-containers (ubuntu-latest, amd64)	Build and Push Image	2026-06-30T06:27:07.0186215Z #7 9.605 Selecting previously unselected package rpcsvc-proto.
build-containers (ubuntu-latest, amd64)	Build and Push Image	2026-06-30T06:27:07.0186859Z #7 9.607 Preparing to unpack .../39-rpcsvc-proto_1.4.3-1_amd64.deb ...
build-containers (ubuntu-latest, amd64)	Build and Push Image	2026-06-30T06:27:07.0187530Z #7 9.608 Unpacking rpcsvc-proto (1.4.3-1) ...
build-containers (ubuntu-latest, amd64)	Build and Push Image	2026-06-30T06:27:07.0187897Z #7 9.626 Selecting previously unselected package libc6-dev:amd64.
build-containers (ubuntu-latest, amd64)	Build and Push Image	2026-06-30T06:27:07.0188347Z #7 9.627 Preparing to unpack .../40-libc6-dev_2.36-9+deb12u14_amd64.deb ...
build-containers (ubuntu-latest, amd64)	Build and Push Image	2026-06-30T06:27:07.0188754Z #7 9.628 Unpacking libc6-dev:amd64 (2.36-9+deb12u14) ...
build-containers (ubuntu-latest, amd64)	Build and Push Image	2026-06-30T06:27:07.0189146Z #7 9.774 Selecting previously unselected package libstdc++-12-dev:amd64.
build-containers (ubuntu-latest, amd64)	Build and Push Image	2026-06-30T06:27:07.1712676Z #7 9.776 Preparing to unpack .../41-libstdc++-12-dev_12.2.0-14+deb12u1_amd64.deb ...
build-containers (ubuntu-latest, amd64)	Build and Push Image	2026-06-30T06:27:07.1713266Z #7 9.777 Unpacking libstdc++-12-dev:amd64 (12.2.0-14+deb12u1) ...
build-containers (ubuntu-latest, amd64)	Build and Push Image	2026-06-30T06:27:07.1966284Z #7 9.952 Selecting previously unselected package g++-12.
build-containers (ubuntu-latest, amd64)	Build and Push Image	2026-06-30T06:27:07.3488878Z #7 9.954 Preparing to unpack .../42-g++-12_12.2.0-14+deb12u1_amd64.deb ...
build-containers (ubuntu-latest, amd64)	Build and Push Image	2026-06-30T06:27:07.3489659Z #7 9.955 Unpacking g++-12 (12.2.0-14+deb12u1) ...
build-containers (ubuntu-latest, amd64)	Build and Push Image	2026-06-30T06:27:07.7403224Z #7 10.50 Selecting previously unselected package g++.
build-containers (ubuntu-latest, amd64)	Build and Push Image	2026-06-30T06:27:07.8736632Z #7 10.50 Preparing to unpack .../43-g++_4%3a12.2.0-3_amd64.deb ...
build-containers (ubuntu-latest, amd64)	Build and Push Image	2026-06-30T06:27:07.8738262Z #7 10.50 Unpacking g++ (4:12.2.0-3) ...
build-containers (ubuntu-latest, amd64)	Build and Push Image	2026-06-30T06:27:07.8739032Z #7 10.51 Selecting previously unselected package make.
build-containers (ubuntu-latest, amd64)	Build and Push Image	2026-06-30T06:27:07.8739791Z #7 10.51 Preparing to unpack .../44-make_4.3-4.1_amd64.deb ...
build-containers (ubuntu-latest, amd64)	Build and Push Image	2026-06-30T06:27:07.8740459Z #7 10.51 Unpacking make (4.3-4.1) ...
build-containers (ubuntu-latest, amd64)	Build and Push Image	2026-06-30T06:27:07.8741078Z #7 10.55 Selecting previously unselected package nginx-common.
build-containers (ubuntu-latest, amd64)	Build and Push Image	2026-06-30T06:27:07.8741868Z #7 10.56 Preparing to unpack .../45-nginx-common_1.22.1-9+deb12u8_all.deb ...
build-containers (ubuntu-latest, amd64)	Build and Push Image	2026-06-30T06:27:07.8742620Z #7 10.56 Unpacking nginx-common (1.22.1-9+deb12u8) ...
build-containers (ubuntu-latest, amd64)	Build and Push Image	2026-06-30T06:27:07.8743262Z #7 10.58 Selecting previously unselected package nginx.
build-containers (ubuntu-latest, amd64)	Build and Push Image	2026-06-30T06:27:07.8743964Z #7 10.58 Preparing to unpack .../46-nginx_1.22.1-9+deb12u8_amd64.deb ...
build-containers (ubuntu-latest, amd64)	Build and Push Image	2026-06-30T06:27:07.8744962Z #7 10.58 Unpacking nginx (1.22.1-9+deb12u8) ...
build-containers (ubuntu-latest, amd64)	Build and Push Image	2026-06-30T06:27:07.8746052Z #7 10.63 Selecting previously unselected package python3-lib2to3.
build-containers (ubuntu-latest, amd64)	Build and Push Image	2026-06-30T06:27:08.0078038Z #7 10.63 Preparing to unpack .../47-python3-lib2to3_3.11.2-3_all.deb ...
build-containers (ubuntu-latest, amd64)	Build and Push Image	2026-06-30T06:27:08.0079321Z #7 10.63 Unpacking python3-lib2to3 (3.11.2-3) ...
build-containers (ubuntu-latest, amd64)	Build and Push Image	2026-06-30T06:27:08.0080343Z #7 10.66 Selecting previously unselected package python3-distutils.
build-containers (ubuntu-latest, amd64)	Build and Push Image	2026-06-30T06:27:08.0081335Z #7 10.66 Preparing to unpack .../48-python3-distutils_3.11.2-3_all.deb ...
build-containers (ubuntu-latest, amd64)	Build and Push Image	2026-06-30T06:27:08.0081963Z #7 10.66 Unpacking python3-distutils (3.11.2-3) ...
build-containers (ubuntu-latest, amd64)	Build and Push Image	2026-06-30T06:27:08.0082525Z #7 10.68 Selecting previously unselected package python3-pkg-resources.
build-containers (ubuntu-latest, amd64)	Build and Push Image	2026-06-30T06:27:08.0083247Z #7 10.68 Preparing to unpack .../49-python3-pkg-resources_66.1.1-1+deb12u2_all.deb ...
build-containers (ubuntu-latest, amd64)	Build and Push Image	2026-06-30T06:27:08.0083900Z #7 10.68 Unpacking python3-pkg-resources (66.1.1-1+deb12u2) ...
build-containers (ubuntu-latest, amd64)	Build and Push Image	2026-06-30T06:27:08.0084485Z #7 10.71 Selecting previously unselected package python3-setuptools.
build-containers (ubuntu-latest, amd64)	Build and Push Image	2026-06-30T06:27:08.0085398Z #7 10.72 Preparing to unpack .../50-python3-setuptools_66.1.1-1+deb12u2_all.deb ...
build-containers (ubuntu-latest, amd64)	Build and Push Image	2026-06-30T06:27:08.0086029Z #7 10.72 Unpacking python3-setuptools (66.1.1-1+deb12u2) ...
build-containers (ubuntu-latest, amd64)	Build and Push Image	2026-06-30T06:27:08.0086562Z #7 10.76 Selecting previously unselected package python3-wheel.
build-containers (ubuntu-latest, amd64)	Build and Push Image	2026-06-30T06:27:08.1377694Z #7 10.77 Preparing to unpack .../51-python3-wheel_0.38.4-2_all.deb ...
build-containers (ubuntu-latest, amd64)	Build and Push Image	2026-06-30T06:27:08.1378904Z #7 10.77 Unpacking python3-wheel (0.38.4-2) ...
build-containers (ubuntu-latest, amd64)	Build and Push Image	2026-06-30T06:27:08.1379428Z #7 10.78 Selecting previously unselected package python3-pip.
build-containers (ubuntu-latest, amd64)	Build and Push Image	2026-06-30T06:27:08.1380028Z #7 10.79 Preparing to unpack .../52-python3-pip_23.0.1+dfsg-1_all.deb ...
build-containers (ubuntu-latest, amd64)	Build and Push Image	2026-06-30T06:27:08.1380578Z #7 10.79 Unpacking python3-pip (23.0.1+dfsg-1) ...
build-containers (ubuntu-latest, amd64)	Build and Push Image	2026-06-30T06:27:08.1381051Z #7 10.89 Selecting previously unselected package zip.
build-containers (ubuntu-latest, amd64)	Build and Push Image	2026-06-30T06:27:08.2589667Z #7 10.90 Preparing to unpack .../53-zip_3.0-13_amd64.deb ...
build-containers (ubuntu-latest, amd64)	Build and Push Image	2026-06-30T06:27:08.2590304Z #7 10.90 Unpacking zip (3.0-13) ...
build-containers (ubuntu-latest, amd64)	Build and Push Image	2026-06-30T06:27:08.2590822Z #7 10.93 Setting up media-types (10.0.0) ...
build-containers (ubuntu-latest, amd64)	Build and Push Image	2026-06-30T06:27:08.2591305Z #7 10.93 Setting up libkeyutils1:amd64 (1.6.3-2) ...
build-containers (ubuntu-latest, amd64)	Build and Push Image	2026-06-30T06:27:08.2592084Z #7 10.93 Setting up libtirpc-common (1.3.3+ds-1) ...
build-containers (ubuntu-latest, amd64)	Build and Push Image	2026-06-30T06:27:08.2592438Z #7 10.94 Setting up libsqlite3-0:amd64 (3.40.1-2+deb12u2) ...
build-containers (ubuntu-latest, amd64)	Build and Push Image	2026-06-30T06:27:08.2592905Z #7 10.94 Setting up binutils-common:amd64 (2.40-2) ...
build-containers (ubuntu-latest, amd64)	Build and Push Image	2026-06-30T06:27:08.2593260Z #7 10.94 Setting up linux-libc-dev:amd64 (6.1.174-1) ...
build-containers (ubuntu-latest, amd64)	Build and Push Image	2026-06-30T06:27:08.2593693Z #7 10.94 Setting up libctf-nobfd0:amd64 (2.40-2) ...
build-containers (ubuntu-latest, amd64)	Build and Push Image	2026-06-30T06:27:08.2594015Z #7 10.95 Setting up nginx-common (1.22.1-9+deb12u8) ...
build-containers (ubuntu-latest, amd64)	Build and Push Image	2026-06-30T06:27:08.2594453Z #7 11.02 debconf: unable to initialize frontend: Dialog
build-containers (ubuntu-latest, amd64)	Build and Push Image	2026-06-30T06:27:08.2594838Z #7 11.02 debconf: (TERM is not set, so the dialog frontend is not usable.)
build-containers (ubuntu-latest, amd64)	Build and Push Image	2026-06-30T06:27:08.2595473Z #7 11.02 debconf: falling back to frontend: Readline
build-containers (ubuntu-latest, amd64)	Build and Push Image	2026-06-30T06:27:08.3879014Z #7 11.02 debconf: unable to initialize frontend: Readline
build-containers (ubuntu-latest, amd64)	Build and Push Image	2026-06-30T06:27:08.3882555Z #7 11.02 debconf: (Can't locate Term/ReadLine.pm in @INC (you may need to install the Term::ReadLine module) (@INC contains: /etc/perl /usr/local/lib/x86_64-linux-gnu/perl/5.36.0 /usr/local/share/perl/5.36.0 /usr/lib/x86_64-linux-gnu/perl5/5.36 /usr/share/perl5 /usr/lib/x86_64-linux-gnu/perl-base /usr/lib/x86_64-linux-gnu/perl/5.36 /usr/share/perl/5.36 /usr/local/lib/site_perl) at /usr/share/perl5/Debconf/FrontEnd/Readline.pm line 7.)
build-containers (ubuntu-latest, amd64)	Build and Push Image	2026-06-30T06:27:08.3884141Z #7 11.02 debconf: falling back to frontend: Teletype
build-containers (ubuntu-latest, amd64)	Build and Push Image	2026-06-30T06:27:08.3884491Z #7 11.14 Setting up libgomp1:amd64 (12.2.0-14+deb12u1) ...
build-containers (ubuntu-latest, amd64)	Build and Push Image	2026-06-30T06:27:08.5288739Z #7 11.15 Setting up libjansson4:amd64 (2.14-2) ...
build-containers (ubuntu-latest, amd64)	Build and Push Image	2026-06-30T06:27:08.5289476Z #7 11.15 Setting up libkrb5support0:amd64 (1.20.1-2+deb12u5) ...
build-containers (ubuntu-latest, amd64)	Build and Push Image	2026-06-30T06:27:08.5290135Z #7 11.15 Setting up libcap2-bin (1:2.66-4+deb12u3+b1) ...
build-containers (ubuntu-latest, amd64)	Build and Push Image	2026-06-30T06:27:08.5290631Z #7 11.15 Setting up zip (3.0-13) ...
build-containers (ubuntu-latest, amd64)	Build and Push Image	2026-06-30T06:27:08.5291079Z #7 11.15 Setting up rpcsvc-proto (1.4.3-1) ...
build-containers (ubuntu-latest, amd64)	Build and Push Image	2026-06-30T06:27:08.5291863Z #7 11.16 Setting up make (4.3-4.1) ...
build-containers (ubuntu-latest, amd64)	Build and Push Image	2026-06-30T06:27:08.5292291Z #7 11.16 Setting up libmpfr6:amd64 (4.2.0-1) ...
build-containers (ubuntu-latest, amd64)	Build and Push Image	2026-06-30T06:27:08.5292823Z #7 11.16 Setting up libquadmath0:amd64 (12.2.0-14+deb12u1) ...
build-containers (ubuntu-latest, amd64)	Build and Push Image	2026-06-30T06:27:08.5293344Z #7 11.16 Setting up libmpc3:amd64 (1.3.1-1) ...
build-containers (ubuntu-latest, amd64)	Build and Push Image	2026-06-30T06:27:08.5293790Z #7 11.16 Setting up libmnl0:amd64 (1.0.4-3) ...
build-containers (ubuntu-latest, amd64)	Build and Push Image	2026-06-30T06:27:08.5294304Z #7 11.17 Setting up libatomic1:amd64 (12.2.0-14+deb12u1) ...
build-containers (ubuntu-latest, amd64)	Build and Push Image	2026-06-30T06:27:08.5294836Z #7 11.17 Setting up libncursesw6:amd64 (6.4-4) ...
build-containers (ubuntu-latest, amd64)	Build and Push Image	2026-06-30T06:27:08.5295780Z #7 11.17 Setting up libk5crypto3:amd64 (1.20.1-2+deb12u5) ...
build-containers (ubuntu-latest, amd64)	Build and Push Image	2026-06-30T06:27:08.5296346Z #7 11.17 Setting up libxtables12:amd64 (1.8.9-2) ...
build-containers (ubuntu-latest, amd64)	Build and Push Image	2026-06-30T06:27:08.5296882Z #7 11.18 Setting up libubsan1:amd64 (12.2.0-14+deb12u1) ...
build-containers (ubuntu-latest, amd64)	Build and Push Image	2026-06-30T06:27:08.5297432Z #7 11.18 Setting up libcrypt-dev:amd64 (1:4.4.33-2) ...
build-containers (ubuntu-latest, amd64)	Build and Push Image	2026-06-30T06:27:08.5297949Z #7 11.18 Setting up libasan8:amd64 (12.2.0-14+deb12u1) ...
build-containers (ubuntu-latest, amd64)	Build and Push Image	2026-06-30T06:27:08.5298470Z #7 11.19 Setting up libkrb5-3:amd64 (1.20.1-2+deb12u5) ...
build-containers (ubuntu-latest, amd64)	Build and Push Image	2026-06-30T06:27:08.5299102Z #7 11.19 Setting up libtsan2:amd64 (12.2.0-14+deb12u1) ...
build-containers (ubuntu-latest, amd64)	Build and Push Image	2026-06-30T06:27:08.5299641Z #7 11.19 Setting up libbinutils:amd64 (2.40-2) ...
build-containers (ubuntu-latest, amd64)	Build and Push Image	2026-06-30T06:27:08.5300115Z #7 11.19 Setting up libisl23:amd64 (0.25-1.1) ...
build-containers (ubuntu-latest, amd64)	Build and Push Image	2026-06-30T06:27:08.5300609Z #7 11.19 Setting up libc-dev-bin (2.36-9+deb12u14) ...
build-containers (ubuntu-latest, amd64)	Build and Push Image	2026-06-30T06:27:08.5301106Z #7 11.20 Setting up openssl (3.0.20-1~deb12u2) ...
build-containers (ubuntu-latest, amd64)	Build and Push Image	2026-06-30T06:27:08.5301568Z #7 11.20 Setting up libbsd0:amd64 (0.11.7-2) ...
build-containers (ubuntu-latest, amd64)	Build and Push Image	2026-06-30T06:27:08.5302026Z #7 11.20 Setting up libelf1:amd64 (0.188-2.1) ...
build-containers (ubuntu-latest, amd64)	Build and Push Image	2026-06-30T06:27:08.5302493Z #7 11.20 Setting up readline-common (8.2-1.3) ...
build-containers (ubuntu-latest, amd64)	Build and Push Image	2026-06-30T06:27:08.5302955Z #7 11.21 Setting up libcc1-0:amd64 (12.2.0-14+deb12u1) ...
build-containers (ubuntu-latest, amd64)	Build and Push Image	2026-06-30T06:27:08.5303284Z #7 11.21 Setting up libbpf1:amd64 (1:1.1.2-0+deb12u1) ...
build-containers (ubuntu-latest, amd64)	Build and Push Image	2026-06-30T06:27:08.5303616Z #7 11.21 Setting up liblsan0:amd64 (12.2.0-14+deb12u1) ...
build-containers (ubuntu-latest, amd64)	Build and Push Image	2026-06-30T06:27:08.5304054Z #7 11.21 Setting up libitm1:amd64 (12.2.0-14+deb12u1) ...
build-containers (ubuntu-latest, amd64)	Build and Push Image	2026-06-30T06:27:08.5304382Z #7 11.22 Setting up libctf0:amd64 (2.40-2) ...
build-containers (ubuntu-latest, amd64)	Build and Push Image	2026-06-30T06:27:08.5304921Z #7 11.22 Setting up cpp-12 (12.2.0-14+deb12u1) ...
build-containers (ubuntu-latest, amd64)	Build and Push Image	2026-06-30T06:27:08.5305464Z #7 11.22 Setting up libreadline8:amd64 (8.2-1.3) ...
build-containers (ubuntu-latest, amd64)	Build and Push Image	2026-06-30T06:27:08.5305814Z #7 11.22 Setting up ca-certificates (20230311+deb12u1) ...
build-containers (ubuntu-latest, amd64)	Build and Push Image	2026-06-30T06:27:08.5306159Z #7 11.29 debconf: unable to initialize frontend: Dialog
build-containers (ubuntu-latest, amd64)	Build and Push Image	2026-06-30T06:27:08.5306568Z #7 11.29 debconf: (TERM is not set, so the dialog frontend is not usable.)
build-containers (ubuntu-latest, amd64)	Build and Push Image	2026-06-30T06:27:08.5306952Z #7 11.29 debconf: falling back to frontend: Readline
build-containers (ubuntu-latest, amd64)	Build and Push Image	2026-06-30T06:27:08.6796525Z #7 11.29 debconf: unable to initialize frontend: Readline
build-containers (ubuntu-latest, amd64)	Build and Push Image	2026-06-30T06:27:08.6798898Z #7 11.29 debconf: (Can't locate Term/ReadLine.pm in @INC (you may need to install the Term::ReadLine module) (@INC contains: /etc/perl /usr/local/lib/x86_64-linux-gnu/perl/5.36.0 /usr/local/share/perl/5.36.0 /usr/lib/x86_64-linux-gnu/perl5/5.36 /usr/share/perl5 /usr/lib/x86_64-linux-gnu/perl-base /usr/lib/x86_64-linux-gnu/perl/5.36 /usr/share/perl/5.36 /usr/local/lib/site_perl) at /usr/share/perl5/Debconf/FrontEnd/Readline.pm line 7.)
build-containers (ubuntu-latest, amd64)	Build and Push Image	2026-06-30T06:27:08.6800722Z #7 11.29 debconf: falling back to frontend: Teletype
build-containers (ubuntu-latest, amd64)	Build and Push Image	2026-06-30T06:27:08.8934949Z #7 11.65 Updating certificates in /etc/ssl/certs...
build-containers (ubuntu-latest, amd64)	Build and Push Image	2026-06-30T06:27:09.4190228Z #7 12.18 142 added, 0 removed; done.
build-containers (ubuntu-latest, amd64)	Build and Push Image	2026-06-30T06:27:09.5372376Z #7 12.19 Setting up libgprofng0:amd64 (2.40-2) ...
build-containers (ubuntu-latest, amd64)	Build and Push Image	2026-06-30T06:27:09.5373001Z #7 12.19 Setting up libgcc-12-dev:amd64 (12.2.0-14+deb12u1) ...
build-containers (ubuntu-latest, amd64)	Build and Push Image	2026-06-30T06:27:09.5373544Z #7 12.19 Setting up libgssapi-krb5-2:amd64 (1.20.1-2+deb12u5) ...
build-containers (ubuntu-latest, amd64)	Build and Push Image	2026-06-30T06:27:09.5373895Z #7 12.20 Setting up cpp (4:12.2.0-3) ...
build-containers (ubuntu-latest, amd64)	Build and Push Image	2026-06-30T06:27:09.5374328Z #7 12.20 Setting up binutils-x86-64-linux-gnu (2.40-2) ...
build-containers (ubuntu-latest, amd64)	Build and Push Image	2026-06-30T06:27:09.5374676Z #7 12.20 Setting up libtirpc3:amd64 (1.3.3+ds-1) ...
build-containers (ubuntu-latest, amd64)	Build and Push Image	2026-06-30T06:27:09.5375339Z #7 12.21 Setting up iproute2 (6.1.0-3) ...
build-containers (ubuntu-latest, amd64)	Build and Push Image	2026-06-30T06:27:09.5375844Z #7 12.27 debconf: unable to initialize frontend: Dialog
build-containers (ubuntu-latest, amd64)	Build and Push Image	2026-06-30T06:27:09.5376776Z #7 12.27 debconf: (TERM is not set, so the dialog frontend is not usable.)
build-containers (ubuntu-latest, amd64)	Build and Push Image	2026-06-30T06:27:09.5377303Z #7 12.27 debconf: falling back to frontend: Readline
build-containers (ubuntu-latest, amd64)	Build and Push Image	2026-06-30T06:27:09.5377740Z #7 12.27 debconf: unable to initialize frontend: Readline
build-containers (ubuntu-latest, amd64)	Build and Push Image	2026-06-30T06:27:09.5379305Z #7 12.27 debconf: (Can't locate Term/ReadLine.pm in @INC (you may need to install the Term::ReadLine module) (@INC contains: /etc/perl /usr/local/lib/x86_64-linux-gnu/perl/5.36.0 /usr/local/share/perl/5.36.0 /usr/lib/x86_64-linux-gnu/perl5/5.36 /usr/share/perl5 /usr/lib/x86_64-linux-gnu/perl-base /usr/lib/x86_64-linux-gnu/perl/5.36 /usr/share/perl/5.36 /usr/local/lib/site_perl) at /usr/share/perl5/Debconf/FrontEnd/Readline.pm line 7.)
build-containers (ubuntu-latest, amd64)	Build and Push Image	2026-06-30T06:27:09.5381079Z #7 12.27 debconf: falling back to frontend: Teletype
build-containers (ubuntu-latest, amd64)	Build and Push Image	2026-06-30T06:27:09.5381392Z #7 12.29 Setting up binutils (2.40-2) ...
build-containers (ubuntu-latest, amd64)	Build and Push Image	2026-06-30T06:27:09.7391698Z #7 12.30 Setting up libtirpc-dev:amd64 (1.3.3+ds-1) ...
build-containers (ubuntu-latest, amd64)	Build and Push Image	2026-06-30T06:27:09.7392195Z #7 12.30 Setting up gcc-12 (12.2.0-14+deb12u1) ...
build-containers (ubuntu-latest, amd64)	Build and Push Image	2026-06-30T06:27:09.7392517Z #7 12.30 Setting up libnsl2:amd64 (1.3.0-2) ...
build-containers (ubuntu-latest, amd64)	Build and Push Image	2026-06-30T06:27:09.7392837Z #7 12.30 Setting up nginx (1.22.1-9+deb12u8) ...
build-containers (ubuntu-latest, amd64)	Build and Push Image	2026-06-30T06:27:09.7393182Z #7 12.33 invoke-rc.d: could not determine current runlevel
build-containers (ubuntu-latest, amd64)	Build and Push Image	2026-06-30T06:27:09.7393562Z #7 12.33 invoke-rc.d: policy-rc.d denied execution of start.
build-containers (ubuntu-latest, amd64)	Build and Push Image	2026-06-30T06:27:09.7393968Z #7 12.33 Setting up libpython3.11-stdlib:amd64 (3.11.2-6+deb12u7) ...
build-containers (ubuntu-latest, amd64)	Build and Push Image	2026-06-30T06:27:09.7394317Z #7 12.33 Setting up gcc (4:12.2.0-3) ...
build-containers (ubuntu-latest, amd64)	Build and Push Image	2026-06-30T06:27:09.7394605Z #7 12.34 Setting up libnsl-dev:amd64 (1.3.0-2) ...
build-containers (ubuntu-latest, amd64)	Build and Push Image	2026-06-30T06:27:09.7394956Z #7 12.34 Setting up libc6-dev:amd64 (2.36-9+deb12u14) ...
build-containers (ubuntu-latest, amd64)	Build and Push Image	2026-06-30T06:27:09.7395571Z #7 12.34 Setting up libpython3-stdlib:amd64 (3.11.2-1+b1) ...
build-containers (ubuntu-latest, amd64)	Build and Push Image	2026-06-30T06:27:09.7395923Z #7 12.35 Setting up python3.11 (3.11.2-6+deb12u7) ...
build-containers (ubuntu-latest, amd64)	Build and Push Image	2026-06-30T06:27:10.1656679Z #7 12.92 Setting up libstdc++-12-dev:amd64 (12.2.0-14+deb12u1) ...
build-containers (ubuntu-latest, amd64)	Build and Push Image	2026-06-30T06:27:10.3367531Z #7 12.92 Setting up python3 (3.11.2-1+b1) ...
build-containers (ubuntu-latest, amd64)	Build and Push Image	2026-06-30T06:27:10.3368199Z #7 12.93 running python rtupdate hooks for python3.11...
build-containers (ubuntu-latest, amd64)	Build and Push Image	2026-06-30T06:27:10.3369244Z #7 12.93 running python post-rtupdate hooks for python3.11...
build-containers (ubuntu-latest, amd64)	Build and Push Image	2026-06-30T06:27:10.3369830Z #7 13.00 Setting up python3-lib2to3 (3.11.2-3) ...
build-containers (ubuntu-latest, amd64)	Build and Push Image	2026-06-30T06:27:10.3370355Z #7 13.09 Setting up g++-12 (12.2.0-14+deb12u1) ...
build-containers (ubuntu-latest, amd64)	Build and Push Image	2026-06-30T06:27:10.4895867Z #7 13.10 Setting up python3-pkg-resources (66.1.1-1+deb12u2) ...
build-containers (ubuntu-latest, amd64)	Build and Push Image	2026-06-30T06:27:10.5402847Z #7 13.30 Setting up python3-distutils (3.11.2-3) ...
build-containers (ubuntu-latest, amd64)	Build and Push Image	2026-06-30T06:27:10.6428659Z #7 13.40 Setting up python3-setuptools (66.1.1-1+deb12u2) ...
build-containers (ubuntu-latest, amd64)	Build and Push Image	2026-06-30T06:27:11.0172314Z #7 13.77 Setting up python3-wheel (0.38.4-2) ...
build-containers (ubuntu-latest, amd64)	Build and Push Image	2026-06-30T06:27:11.1270912Z #7 13.88 Setting up python3-pip (23.0.1+dfsg-1) ...
build-containers (ubuntu-latest, amd64)	Build and Push Image	2026-06-30T06:27:11.9778676Z #7 14.73 Setting up g++ (4:12.2.0-3) ...
build-containers (ubuntu-latest, amd64)	Build and Push Image	2026-06-30T06:27:12.1833643Z #7 14.74 update-alternatives: using /usr/bin/g++ to provide /usr/bin/c++ (c++) in auto mode
build-containers (ubuntu-latest, amd64)	Build and Push Image	2026-06-30T06:27:12.1834487Z #7 14.74 Processing triggers for libc-bin (2.36-9+deb12u14) ...
build-containers (ubuntu-latest, amd64)	Build and Push Image	2026-06-30T06:27:12.1835565Z #7 14.75 Processing triggers for debianutils (5.7-0.5~deb12u1) ...
build-containers (ubuntu-latest, amd64)	Build and Push Image	2026-06-30T06:27:12.1836266Z #7 14.78 Processing triggers for ca-certificates (20230311+deb12u1) ...
build-containers (ubuntu-latest, amd64)	Build and Push Image	2026-06-30T06:27:12.1836820Z #7 14.79 Updating certificates in /etc/ssl/certs...
build-containers (ubuntu-latest, amd64)	Build and Push Image	2026-06-30T06:27:12.4421615Z #7 15.20 0 added, 0 removed; done.
build-containers (ubuntu-latest, amd64)	Build and Push Image	2026-06-30T06:27:12.4422917Z #7 15.20 Running hooks in /etc/ca-certificates/update.d...
build-containers (ubuntu-latest, amd64)	Build and Push Image	2026-06-30T06:27:12.5938656Z #7 15.20 done.
build-containers (ubuntu-latest, amd64)	Build and Push Image	2026-06-30T06:27:13.1265512Z #7 DONE 15.9s
build-containers (ubuntu-latest, amd64)	Build and Push Image	2026-06-30T06:27:13.2464093Z 
build-containers (ubuntu-latest, amd64)	Build and Push Image	2026-06-30T06:27:13.2466766Z #8 [3/9] RUN addgroup --system www  && adduser --system --ingroup www --home /www --shell /usr/sbin/nologin www  && mkdir -p /www  && chown -R www:www /www /var/lib/nginx
build-containers (ubuntu-latest, amd64)	Build and Push Image	2026-06-30T06:27:13.2468431Z #8 0.119 Adding group `www' (GID 101) ...
build-containers (ubuntu-latest, amd64)	Build and Push Image	2026-06-30T06:27:13.4476671Z #8 0.127 Done.
build-containers (ubuntu-latest, amd64)	Build and Push Image	2026-06-30T06:27:13.4477050Z #8 0.152 Adding system user `www' (UID 100) ...
build-containers (ubuntu-latest, amd64)	Build and Push Image	2026-06-30T06:27:13.4477777Z #8 0.152 Adding new user `www' (UID 100) with group `www' ...
build-containers (ubuntu-latest, amd64)	Build and Push Image	2026-06-30T06:27:13.4478140Z #8 0.162 Creating home directory `/www' ...
build-containers (ubuntu-latest, amd64)	Build and Push Image	2026-06-30T06:27:13.4478439Z #8 DONE 0.2s
build-containers (ubuntu-latest, amd64)	Build and Push Image	2026-06-30T06:27:13.4478549Z 
build-containers (ubuntu-latest, amd64)	Build and Push Image	2026-06-30T06:27:13.4478796Z #9 [4/9] RUN npm --no-update-notifier --no-fund --global install pnpm@10.6.1 pm2
build-containers (ubuntu-latest, amd64)	Build and Push Image	2026-06-30T06:27:16.3511885Z #9 3.054 
build-containers (ubuntu-latest, amd64)	Build and Push Image	2026-06-30T06:27:16.3512625Z #9 3.054 added 78 packages in 3s
build-containers (ubuntu-latest, amd64)	Build and Push Image	2026-06-30T06:27:16.5230756Z #9 DONE 3.2s
build-containers (ubuntu-latest, amd64)	Build and Push Image	2026-06-30T06:27:16.7299048Z 
build-containers (ubuntu-latest, amd64)	Build and Push Image	2026-06-30T06:27:16.7299596Z #10 [5/9] WORKDIR /app
build-containers (ubuntu-latest, amd64)	Build and Push Image	2026-06-30T06:27:16.7299892Z #10 DONE 0.1s
build-containers (ubuntu-latest, amd64)	Build and Push Image	2026-06-30T06:27:16.7300023Z 
build-containers (ubuntu-latest, amd64)	Build and Push Image	2026-06-30T06:27:16.7300126Z #11 [6/9] COPY . /app
build-containers (ubuntu-latest, amd64)	Build and Push Image	2026-06-30T06:27:16.7336988Z #11 DONE 0.2s
build-containers (ubuntu-latest, amd64)	Build and Push Image	2026-06-30T06:27:16.9050185Z 
build-containers (ubuntu-latest, amd64)	Build and Push Image	2026-06-30T06:27:16.9050578Z #12 [7/9] COPY var/docker/nginx.conf /etc/nginx/nginx.conf
build-containers (ubuntu-latest, amd64)	Build and Push Image	2026-06-30T06:27:16.9051298Z #12 DONE 0.0s
build-containers (ubuntu-latest, amd64)	Build and Push Image	2026-06-30T06:27:16.9051496Z 
build-containers (ubuntu-latest, amd64)	Build and Push Image	2026-06-30T06:27:16.9051706Z #13 [8/9] RUN pnpm install
build-containers (ubuntu-latest, amd64)	Build and Push Image	2026-06-30T06:27:17.2099719Z #13 0.455 Scope: all 8 workspace projects
build-containers (ubuntu-latest, amd64)	Build and Push Image	2026-06-30T06:27:17.3721819Z #13 0.618 Lockfile is up to date, resolution step is skipped
build-containers (ubuntu-latest, amd64)	Build and Push Image	2026-06-30T06:27:17.8753550Z #13 1.121 Packages: +4050
build-containers (ubuntu-latest, amd64)	Build and Push Image	2026-06-30T06:27:17.8754319Z #13 1.121 ++++++++++++++++++++++++++++++++++++++++++++++++++++++++++++++++++++++++++++++++
build-containers (ubuntu-latest, amd64)	Build and Push Image	2026-06-30T06:27:18.0726121Z #13 1.318 
build-containers (ubuntu-latest, amd64)	Build and Push Image	2026-06-30T06:27:18.0727736Z #13 1.318    Γò¡ΓöÇΓöÇΓöÇΓöÇΓöÇΓöÇΓöÇΓöÇΓöÇΓöÇΓöÇΓöÇΓöÇΓöÇΓöÇΓöÇΓöÇΓöÇΓöÇΓöÇΓöÇΓöÇΓöÇΓöÇΓöÇΓöÇΓöÇΓöÇΓöÇΓöÇΓöÇΓöÇΓöÇΓöÇΓöÇΓöÇΓöÇΓöÇΓöÇΓöÇΓöÇΓöÇΓöÇΓöÇΓöÇΓöÇΓöÇΓöÇΓöÇΓöÇΓöÇΓöÇΓöÇΓöÇΓöÇΓöÇΓöÇΓöÇΓöÇΓöÇΓöÇΓöÇΓöÇΓöÇΓöÇΓöÇΓò«
build-containers (ubuntu-latest, amd64)	Build and Push Image	2026-06-30T06:27:18.0728550Z #13 1.318    Γöé                                                                  Γöé
build-containers (ubuntu-latest, amd64)	Build and Push Image	2026-06-30T06:27:18.0729289Z #13 1.318    Γöé                Update available! 10.6.1 ΓåÆ 11.9.0.                Γöé
build-containers (ubuntu-latest, amd64)	Build and Push Image	2026-06-30T06:27:18.0736873Z #13 1.318    Γöé   Changelog: https://github.com/pnpm/pnpm/releases/tag/v11.9.0   Γöé
build-containers (ubuntu-latest, amd64)	Build and Push Image	2026-06-30T06:27:18.0737808Z #13 1.318    Γöé                Run "pnpm add -g pnpm" to update.                 Γöé
build-containers (ubuntu-latest, amd64)	Build and Push Image	2026-06-30T06:27:18.0738579Z #13 1.318    Γöé                                                                  Γöé
build-containers (ubuntu-latest, amd64)	Build and Push Image	2026-06-30T06:27:18.0744704Z #13 1.318    Γò░ΓöÇΓöÇΓöÇΓöÇΓöÇΓöÇΓöÇΓöÇΓöÇΓöÇΓöÇΓöÇΓöÇΓöÇΓöÇΓöÇΓöÇΓöÇΓöÇΓöÇΓöÇΓöÇΓöÇΓöÇΓöÇΓöÇΓöÇΓöÇΓöÇΓöÇΓöÇΓöÇΓöÇΓöÇΓöÇΓöÇΓöÇΓöÇΓöÇΓöÇΓöÇΓöÇΓöÇΓöÇΓöÇΓöÇΓöÇΓöÇΓöÇΓöÇΓöÇΓöÇΓöÇΓöÇΓöÇΓöÇΓöÇΓöÇΓöÇΓöÇΓöÇΓöÇΓöÇΓöÇΓöÇΓöÇΓò»
build-containers (ubuntu-latest, amd64)	Build and Push Image	2026-06-30T06:27:18.0745348Z #13 1.318 
build-containers (ubuntu-latest, amd64)	Build and Push Image	2026-06-30T06:27:18.2004739Z #13 1.446 Progress: resolved 0, reused 0, downloaded 1, added 0
build-containers (ubuntu-latest, amd64)	Build and Push Image	2026-06-30T06:27:19.2027013Z #13 2.448 Progress: resolved 0, reused 0, downloaded 32, added 19
build-containers (ubuntu-latest, amd64)	Build and Push Image	2026-06-30T06:27:20.2024098Z #13 3.448 Progress: resolved 0, reused 0, downloaded 61, added 52
build-containers (ubuntu-latest, amd64)	Build and Push Image	2026-06-30T06:27:21.2020376Z #13 4.447 Progress: resolved 0, reused 0, downloaded 111, added 94
build-containers (ubuntu-latest, amd64)	Build and Push Image	2026-06-30T06:27:22.2022458Z #13 5.448 Progress: resolved 0, reused 0, downloaded 149, added 148
build-containers (ubuntu-latest, amd64)	Build and Push Image	2026-06-30T06:27:23.2023952Z #13 6.448 Progress: resolved 0, reused 0, downloaded 192, added 204
build-containers (ubuntu-latest, amd64)	Build and Push Image	2026-06-30T06:27:24.2034656Z #13 7.449 Progress: resolved 0, reused 0, downloaded 249, added 251
build-containers (ubuntu-latest, amd64)	Build and Push Image	2026-06-30T06:27:25.2064194Z #13 8.451 Progress: resolved 0, reused 0, downloaded 290, added 300
build-containers (ubuntu-latest, amd64)	Build and Push Image	2026-06-30T06:27:26.2094457Z #13 9.455 Progress: resolved 0, reused 0, downloaded 326, added 335
build-containers (ubuntu-latest, amd64)	Build and Push Image	2026-06-30T06:27:27.2078879Z #13 10.45 Progress: resolved 0, reused 0, downloaded 345, added 355
build-containers (ubuntu-latest, amd64)	Build and Push Image	2026-06-30T06:27:28.2125067Z #13 11.46 Progress: resolved 0, reused 0, downloaded 378, added 395
build-containers (ubuntu-latest, amd64)	Build and Push Image	2026-06-30T06:27:29.2126066Z #13 12.46 Progress: resolved 0, reused 0, downloaded 436, added 459
build-containers (ubuntu-latest, amd64)	Build and Push Image	2026-06-30T06:27:30.2136221Z #13 13.46 Progress: resolved 0, reused 0, downloaded 516, added 542
build-containers (ubuntu-latest, amd64)	Build and Push Image	2026-06-30T06:27:31.2169274Z #13 14.46 Progress: resolved 0, reused 0, downloaded 674, added 730
build-containers (ubuntu-latest, amd64)	Build and Push Image	2026-06-30T06:27:32.2181288Z #13 15.46 Progress: resolved 0, reused 0, downloaded 741, added 815
build-containers (ubuntu-latest, amd64)	Build and Push Image	2026-06-30T06:27:33.2222635Z #13 16.47 Progress: resolved 0, reused 0, downloaded 909, added 1055
build-containers (ubuntu-latest, amd64)	Build and Push Image	2026-06-30T06:27:34.2216404Z #13 17.47 Progress: resolved 0, reused 0, downloaded 1038, added 1176
build-containers (ubuntu-latest, amd64)	Build and Push Image	2026-06-30T06:27:35.2218512Z #13 18.47 Progress: resolved 0, reused 0, downloaded 1179, added 1352
build-containers (ubuntu-latest, amd64)	Build and Push Image	2026-06-30T06:27:36.2226575Z #13 19.47 Progress: resolved 0, reused 0, downloaded 1240, added 1410
build-containers (ubuntu-latest, amd64)	Build and Push Image	2026-06-30T06:27:37.2266474Z #13 20.47 Progress: resolved 0, reused 0, downloaded 1245, added 1413
build-containers (ubuntu-latest, amd64)	Build and Push Image	2026-06-30T06:27:38.2285714Z #13 21.47 Progress: resolved 0, reused 0, downloaded 1257, added 1429
build-containers (ubuntu-latest, amd64)	Build and Push Image	2026-06-30T06:27:39.2288406Z #13 22.47 Progress: resolved 0, reused 0, downloaded 1344, added 1535
build-containers (ubuntu-latest, amd64)	Build and Push Image	2026-06-30T06:27:40.2312264Z #13 23.48 Progress: resolved 0, reused 0, downloaded 1403, added 1586
build-containers (ubuntu-latest, amd64)	Build and Push Image	2026-06-30T06:27:41.2299880Z #13 24.48 Progress: resolved 0, reused 0, downloaded 1600, added 1816
build-containers (ubuntu-latest, amd64)	Build and Push Image	2026-06-30T06:27:42.2316511Z #13 25.48 Progress: resolved 0, reused 0, downloaded 1715, added 1950
build-containers (ubuntu-latest, amd64)	Build and Push Image	2026-06-30T06:27:43.2326435Z #13 26.47 Progress: resolved 0, reused 0, downloaded 1981, added 2264
build-containers (ubuntu-latest, amd64)	Build and Push Image	2026-06-30T06:27:44.2336787Z #13 27.48 Progress: resolved 0, reused 0, downloaded 2199, added 2517
build-containers (ubuntu-latest, amd64)	Build and Push Image	2026-06-30T06:27:45.2352042Z #13 28.48 Progress: resolved 0, reused 0, downloaded 2490, added 2848
build-containers (ubuntu-latest, amd64)	Build and Push Image	2026-06-30T06:27:46.2466381Z #13 29.48 Progress: resolved 0, reused 0, downloaded 2674, added 3062
build-containers (ubuntu-latest, amd64)	Build and Push Image	2026-06-30T06:27:47.2408290Z #13 30.48 Progress: resolved 0, reused 0, downloaded 2707, added 3085
build-containers (ubuntu-latest, amd64)	Build and Push Image	2026-06-30T06:27:48.2377431Z #13 31.48 Progress: resolved 0, reused 0, downloaded 2852, added 3247
build-containers (ubuntu-latest, amd64)	Build and Push Image	2026-06-30T06:27:49.2396173Z #13 32.48 Progress: resolved 0, reused 0, downloaded 3037, added 3439
build-containers (ubuntu-latest, amd64)	Build and Push Image	2026-06-30T06:27:50.2393949Z #13 33.48 Progress: resolved 0, reused 0, downloaded 3211, added 3653
build-containers (ubuntu-latest, amd64)	Build and Push Image	2026-06-30T06:27:51.2381868Z #13 34.48 Progress: resolved 0, reused 0, downloaded 3297, added 3765
build-containers (ubuntu-latest, amd64)	Build and Push Image	2026-06-30T06:27:52.2395676Z #13 35.48 Progress: resolved 0, reused 0, downloaded 3359, added 3855
build-containers (ubuntu-latest, amd64)	Build and Push Image	2026-06-30T06:27:53.2396180Z #13 36.49 Progress: resolved 0, reused 0, downloaded 3472, added 4049
build-containers (ubuntu-latest, amd64)	Build and Push Image	2026-06-30T06:27:53.7769533Z #13 37.02 Progress: resolved 0, reused 0, downloaded 3472, added 4050, done
build-containers (ubuntu-latest, amd64)	Build and Push Image	2026-06-30T06:27:53.8840713Z #13 37.06 node_modules/bcrypt install$ node-pre-gyp install --fallback-to-build
build-containers (ubuntu-latest, amd64)	Build and Push Image	2026-06-30T06:27:53.8841537Z #13 37.13 node_modules/bcrypt install: node-pre-gyp info it worked if it ends with ok
build-containers (ubuntu-latest, amd64)	Build and Push Image	2026-06-30T06:27:54.0181406Z #13 37.13 node_modules/bcrypt install: node-pre-gyp info using node-pre-gyp@1.0.11
build-containers (ubuntu-latest, amd64)	Build and Push Image	2026-06-30T06:27:54.0183350Z #13 37.13 node_modules/bcrypt install: node-pre-gyp info using node@22.20.0 | linux | x64
build-containers (ubuntu-latest, amd64)	Build and Push Image	2026-06-30T06:27:54.0185750Z #13 37.18 node_modules/bcrypt install: node-pre-gyp info check checked for "/app/node_modules/bcrypt/lib/binding/napi-v3/bcrypt_lib.node" (not found)
build-containers (ubuntu-latest, amd64)	Build and Push Image	2026-06-30T06:27:54.0187809Z #13 37.18 node_modules/bcrypt install: node-pre-gyp http GET https://github.com/kelektiv/node.bcrypt.js/releases/download/v5.1.1/bcrypt_lib-v5.1.1-napi-v3-linux-x64-glibc.tar.gz
build-containers (ubuntu-latest, amd64)	Build and Push Image	2026-06-30T06:27:54.0189596Z #13 37.26 node_modules/bcrypt install: node-pre-gyp info install unpacking napi-v3/bcrypt_lib.node
build-containers (ubuntu-latest, amd64)	Build and Push Image	2026-06-30T06:27:54.1867641Z #13 37.27 node_modules/bcrypt install: node-pre-gyp info extracted file count: 1 
build-containers (ubuntu-latest, amd64)	Build and Push Image	2026-06-30T06:27:54.1869180Z #13 37.27 node_modules/bcrypt install: [bcrypt] Success: "/app/node_modules/bcrypt/lib/binding/napi-v3/bcrypt_lib.node" is installed via remote
build-containers (ubuntu-latest, amd64)	Build and Push Image	2026-06-30T06:27:54.1871474Z #13 37.27 node_modules/bcrypt install: node-pre-gyp info ok 
build-containers (ubuntu-latest, amd64)	Build and Push Image	2026-06-30T06:27:54.1872223Z #13 37.28 node_modules/bcrypt install: Done
build-containers (ubuntu-latest, amd64)	Build and Push Image	2026-06-30T06:27:54.7485782Z #13 37.99 
build-containers (ubuntu-latest, amd64)	Build and Push Image	2026-06-30T06:27:54.7490724Z #13 37.99 Γò¡ Warning ΓöÇΓöÇΓöÇΓöÇΓöÇΓöÇΓöÇΓöÇΓöÇΓöÇΓöÇΓöÇΓöÇΓöÇΓöÇΓöÇΓöÇΓöÇΓöÇΓöÇΓöÇΓöÇΓöÇΓöÇΓöÇΓöÇΓöÇΓöÇΓöÇΓöÇΓöÇΓöÇΓöÇΓöÇΓöÇΓöÇΓöÇΓöÇΓöÇΓöÇΓöÇΓöÇΓöÇΓöÇΓöÇΓöÇΓöÇΓöÇΓöÇΓöÇΓöÇΓöÇΓöÇΓöÇΓöÇΓöÇΓöÇΓöÇΓöÇΓöÇΓöÇΓöÇΓöÇΓöÇΓöÇΓöÇΓöÇΓöÇΓöÇΓò«Γöé                                                                              ΓöéΓöé   Ignored build scripts: @nestjs/core,                                       ΓöéΓöé   @openapitools/openapi-generator-cli, @parcel/watcher, @prisma/client,      ΓöéΓöé   @prisma/engines, @scarf/scarf, @sentry-internal/node-cpu-profiler,         ΓöéΓöé   @sentry/cli, @swc/core, bufferutil, canvas, core-js, core-js-pure,         ΓöéΓöé   esbuild, prisma, protobufjs, sharp, unrs-resolver, utf-8-validate.         ΓöéΓöé   Run "pnpm approve-builds" to pick which dependencies should be allowed     ΓöéΓöé   to run scripts.                                                            ΓöéΓöé                                                                              ΓöéΓò░ΓöÇΓöÇΓöÇΓöÇΓöÇΓöÇΓöÇΓöÇΓöÇΓöÇΓöÇΓöÇΓöÇΓöÇΓöÇΓöÇΓöÇΓöÇΓöÇΓöÇΓöÇΓöÇΓöÇΓöÇΓöÇΓöÇΓöÇΓöÇΓöÇΓöÇΓöÇΓöÇΓöÇΓöÇΓöÇΓöÇΓöÇΓöÇΓöÇΓöÇΓöÇΓöÇΓöÇΓöÇΓöÇΓöÇΓöÇΓöÇΓöÇΓöÇΓöÇΓöÇΓöÇΓöÇΓöÇΓöÇΓöÇΓöÇΓöÇΓöÇΓöÇΓöÇΓöÇΓöÇΓöÇΓöÇΓöÇΓöÇΓöÇΓöÇΓöÇΓöÇΓöÇΓöÇΓöÇΓöÇΓöÇΓöÇΓò»
build-containers (ubuntu-latest, amd64)	Build and Push Image	2026-06-30T06:27:54.7494728Z #13 37.99 
build-containers (ubuntu-latest, amd64)	Build and Push Image	2026-06-30T06:27:55.1188503Z #13 38.36 . postinstall$ pnpm run prisma-generate
build-containers (ubuntu-latest, amd64)	Build and Push Image	2026-06-30T06:27:55.5241395Z #13 38.77 . postinstall: > gitroom@1.0.0 prisma-generate /app
build-containers (ubuntu-latest, amd64)	Build and Push Image	2026-06-30T06:27:55.5246467Z #13 38.77 . postinstall: > pnpm dlx prisma@6.5.0 generate --schema ./libraries/nestjs-libraries/src/database/prisma/schema.prisma
build-containers (ubuntu-latest, amd64)	Build and Push Image	2026-06-30T06:27:56.6089599Z #13 39.85 . postinstall: Progress: resolved 1, reused 0, downloaded 0, added 0
build-containers (ubuntu-latest, amd64)	Build and Push Image	2026-06-30T06:27:57.6092573Z #13 40.85 . postinstall: Progress: resolved 37, reused 0, downloaded 0, added 0
build-containers (ubuntu-latest, amd64)	Build and Push Image	2026-06-30T06:27:57.7489193Z #13 40.99 . postinstall: Packages: +12
build-containers (ubuntu-latest, amd64)	Build and Push Image	2026-06-30T06:27:57.7491198Z #13 40.99 . postinstall: ++++++++++++
build-containers (ubuntu-latest, amd64)	Build and Push Image	2026-06-30T06:27:57.9888130Z #13 41.23 . postinstall: Progress: resolved 38, reused 10, downloaded 2, added 12, done
build-containers (ubuntu-latest, amd64)	Build and Push Image	2026-06-30T06:27:58.1949325Z #13 41.24 . postinstall: .../19f173683b9-2e/node_modules/prisma preinstall$ node scripts/preinstall-entry.js
build-containers (ubuntu-latest, amd64)	Build and Push Image	2026-06-30T06:27:58.1950032Z #13 41.29 . postinstall: .../19f173683b9-2e/node_modules/prisma preinstall: Done
build-containers (ubuntu-latest, amd64)	Build and Push Image	2026-06-30T06:27:58.9419979Z #13 42.19 . postinstall: Prisma schema loaded from libraries/nestjs-libraries/src/database/prisma/schema.prisma
build-containers (ubuntu-latest, amd64)	Build and Push Image	2026-06-30T06:27:59.8824068Z #13 43.13 . postinstall: Γ£ö Generated Prisma Client (v6.5.0) to ./node_modules/@prisma/client in 493ms
build-containers (ubuntu-latest, amd64)	Build and Push Image	2026-06-30T06:28:00.0330217Z #13 43.13 . postinstall: Start by importing your Prisma Client (See: https://pris.ly/d/importing-client)
build-containers (ubuntu-latest, amd64)	Build and Push Image	2026-06-30T06:28:00.0331164Z #13 43.13 . postinstall: Tip: Need your database queries to be 1000x faster? Accelerate offers you that and more: https://pris.ly/tip-2-accelerate
build-containers (ubuntu-latest, amd64)	Build and Push Image	2026-06-30T06:28:00.1297952Z #13 43.38 . postinstall: Done
build-containers (ubuntu-latest, amd64)	Build and Push Image	2026-06-30T06:28:00.3106929Z #13 43.41 Done in 43.3s using pnpm v10.6.1
build-containers (ubuntu-latest, amd64)	Build and Push Image	2026-06-30T06:28:02.7486099Z #13 DONE 46.0s
build-containers (ubuntu-latest, amd64)	Build and Push Image	2026-06-30T06:28:02.8998146Z 
build-containers (ubuntu-latest, amd64)	Build and Push Image	2026-06-30T06:28:02.8999016Z #14 [9/9] RUN NODE_OPTIONS="--max-old-space-size=4096" pnpm run build
build-containers (ubuntu-latest, amd64)	Build and Push Image	2026-06-30T06:28:07.3782949Z #14 4.629 
build-containers (ubuntu-latest, amd64)	Build and Push Image	2026-06-30T06:28:07.3783752Z #14 4.629 > gitroom@1.0.0 build /app
build-containers (ubuntu-latest, amd64)	Build and Push Image	2026-06-30T06:28:07.3785512Z #14 4.629 > pnpm -r --workspace-concurrency=1 --filter ./apps/frontend --filter ./apps/backend --filter ./apps/orchestrator --filter ./apps/extension run build
build-containers (ubuntu-latest, amd64)	Build and Push Image	2026-06-30T06:28:07.3787027Z #14 4.629 
build-containers (ubuntu-latest, amd64)	Build and Push Image	2026-06-30T06:28:07.8167079Z #14 5.067 Scope: 4 of 8 workspace projects
build-containers (ubuntu-latest, amd64)	Build and Push Image	2026-06-30T06:28:07.9754216Z #14 5.075 
build-containers (ubuntu-latest, amd64)	Build and Push Image	2026-06-30T06:28:07.9754785Z #14 5.075 > postiz-frontend@1.0.0 build /app/apps/frontend
build-containers (ubuntu-latest, amd64)	Build and Push Image	2026-06-30T06:28:07.9755530Z #14 5.075 > next build
build-containers (ubuntu-latest, amd64)	Build and Push Image	2026-06-30T06:28:07.9755874Z #14 5.075 
build-containers (ubuntu-latest, amd64)	Build and Push Image	2026-06-30T06:28:08.5172682Z #14 5.768 Attention: Next.js now collects completely anonymous telemetry regarding usage.
build-containers (ubuntu-latest, amd64)	Build and Push Image	2026-06-30T06:28:08.7455650Z #14 5.768 This information is used to shape Next.js' roadmap and prioritize features.
build-containers (ubuntu-latest, amd64)	Build and Push Image	2026-06-30T06:28:08.7456895Z #14 5.768 You can learn more, including how to opt-out if you'd not like to participate in this anonymous program, by visiting the following URL:
build-containers (ubuntu-latest, amd64)	Build and Push Image	2026-06-30T06:28:08.7457854Z #14 5.768 https://nextjs.org/telemetry
build-containers (ubuntu-latest, amd64)	Build and Push Image	2026-06-30T06:28:08.7458314Z #14 5.768 
build-containers (ubuntu-latest, amd64)	Build and Push Image	2026-06-30T06:28:08.7458961Z #14 5.792 Γû▓ Next.js 16.2.1 (Turbopack)
build-containers (ubuntu-latest, amd64)	Build and Push Image	2026-06-30T06:28:08.7459375Z #14 5.793 - Experiments (use with caution):
build-containers (ubuntu-latest, amd64)	Build and Push Image	2026-06-30T06:28:08.7459758Z #14 5.793   ┬╖ clientTraceMetadata
build-containers (ubuntu-latest, amd64)	Build and Push Image	2026-06-30T06:28:08.7460098Z #14 5.793   ┬╖ proxyTimeout: 90000
build-containers (ubuntu-latest, amd64)	Build and Push Image	2026-06-30T06:28:08.7460333Z #14 5.793 
build-containers (ubuntu-latest, amd64)	Build and Push Image	2026-06-30T06:28:08.7460575Z #14 5.846   Creating an optimized production build ...
build-containers (ubuntu-latest, amd64)	Build and Push Image	2026-06-30T06:28:54.8952181Z #14 52.14 Γ£ô Compiled successfully in 46s
build-containers (ubuntu-latest, amd64)	Build and Push Image	2026-06-30T06:28:55.0493617Z #14 52.15   Running next.config.js provided runAfterProductionCompile ...
build-containers (ubuntu-latest, amd64)	Build and Push Image	2026-06-30T06:28:55.6984733Z #14 52.95 Γ£ô Completed runAfterProductionCompile in 799ms
build-containers (ubuntu-latest, amd64)	Build and Push Image	2026-06-30T06:28:55.8501012Z #14 52.95   Running TypeScript ...
build-containers (ubuntu-latest, amd64)	Build and Push Image	2026-06-30T06:29:10.0424642Z #14 67.29   Finished TypeScript in 14.3s ...
build-containers (ubuntu-latest, amd64)	Build and Push Image	2026-06-30T06:29:10.1981763Z #14 67.30   Collecting page data using 3 workers ...
build-containers (ubuntu-latest, amd64)	Build and Push Image	2026-06-30T06:29:10.5190607Z #14 67.77 ≡ƒîÉ i18next is maintained with support from Locize ΓÇö consider powering your project with managed localization (AI, CDN, integrations): https://locize.com ≡ƒÆÖ
build-containers (ubuntu-latest, amd64)	Build and Push Image	2026-06-30T06:29:10.6556378Z #14 67.78 ≡ƒîÉ i18next is maintained with support from Locize ΓÇö consider powering your project with managed localization (AI, CDN, integrations): https://locize.com ≡ƒÆÖ
build-containers (ubuntu-latest, amd64)	Build and Push Image	2026-06-30T06:29:10.6558824Z #14 67.84 ≡ƒîÉ i18next is maintained with support from Locize ΓÇö consider powering your project with managed localization (AI, CDN, integrations): https://locize.com ≡ƒÆÖ
build-containers (ubuntu-latest, amd64)	Build and Push Image	2026-06-30T06:29:10.6562445Z #14 67.91   Generating static pages using 3 workers (0/5) ...
build-containers (ubuntu-latest, amd64)	Build and Push Image	2026-06-30T06:29:10.9156282Z #14 68.17   Generating static pages using 3 workers (1/5) 
build-containers (ubuntu-latest, amd64)	Build and Push Image	2026-06-30T06:29:11.0831487Z #14 68.17   Generating static pages using 3 workers (2/5) 
build-containers (ubuntu-latest, amd64)	Build and Push Image	2026-06-30T06:29:11.0832192Z #14 68.17   Generating static pages using 3 workers (3/5) 
build-containers (ubuntu-latest, amd64)	Build and Push Image	2026-06-30T06:29:11.0833234Z #14 68.17 Γ£ô Generating static pages using 3 workers (5/5) in 261ms
build-containers (ubuntu-latest, amd64)	Build and Push Image	2026-06-30T06:29:11.0833813Z #14 68.17   Finalizing page optimization ...
build-containers (ubuntu-latest, amd64)	Build and Push Image	2026-06-30T06:29:11.0834268Z #14 68.18 
build-containers (ubuntu-latest, amd64)	Build and Push Image	2026-06-30T06:29:11.0834552Z #14 68.18 Route (app)
build-containers (ubuntu-latest, amd64)	Build and Push Image	2026-06-30T06:29:11.0834929Z #14 68.18 Γöî Γùï /
build-containers (ubuntu-latest, amd64)	Build and Push Image	2026-06-30T06:29:11.0835453Z #14 68.18 Γö£ Γùï /_not-found
build-containers (ubuntu-latest, amd64)	Build and Push Image	2026-06-30T06:29:11.0835855Z #14 68.18 Γö£ ╞Æ /admin
build-containers (ubuntu-latest, amd64)	Build and Push Image	2026-06-30T06:29:11.0836235Z #14 68.18 Γö£ ╞Æ /admin/audit-log
build-containers (ubuntu-latest, amd64)	Build and Push Image	2026-06-30T06:29:11.0836634Z #14 68.18 Γö£ ╞Æ /admin/errors
build-containers (ubuntu-latest, amd64)	Build and Push Image	2026-06-30T06:29:11.0837036Z #14 68.18 Γö£ ╞Æ /admin/integrations
build-containers (ubuntu-latest, amd64)	Build and Push Image	2026-06-30T06:29:11.0837470Z #14 68.18 Γö£ ╞Æ /admin/organizations
build-containers (ubuntu-latest, amd64)	Build and Push Image	2026-06-30T06:29:11.0837889Z #14 68.18 Γö£ ╞Æ /admin/plans
build-containers (ubuntu-latest, amd64)	Build and Push Image	2026-06-30T06:29:11.0838289Z #14 68.18 Γö£ ╞Æ /admin/settings
build-containers (ubuntu-latest, amd64)	Build and Push Image	2026-06-30T06:29:11.0838707Z #14 68.18 Γö£ ╞Æ /admin/subscriptions
build-containers (ubuntu-latest, amd64)	Build and Push Image	2026-06-30T06:29:11.0839123Z #14 68.18 Γö£ ╞Æ /admin/users
build-containers (ubuntu-latest, amd64)	Build and Push Image	2026-06-30T06:29:11.0839496Z #14 68.18 Γö£ ╞Æ /agents
build-containers (ubuntu-latest, amd64)	Build and Push Image	2026-06-30T06:29:11.0839862Z #14 68.18 Γö£ ╞Æ /agents/[id]
build-containers (ubuntu-latest, amd64)	Build and Push Image	2026-06-30T06:29:11.0840226Z #14 68.18 Γö£ ╞Æ /analytics
build-containers (ubuntu-latest, amd64)	Build and Push Image	2026-06-30T06:29:11.0840628Z #14 68.18 Γö£ ╞Æ /api/uploads/[[...path]]
build-containers (ubuntu-latest, amd64)	Build and Push Image	2026-06-30T06:29:11.0841090Z #14 68.18 Γö£ ╞Æ /auth
build-containers (ubuntu-latest, amd64)	Build and Push Image	2026-06-30T06:29:11.0841429Z #14 68.18 Γö£ ╞Æ /auth/activate
build-containers (ubuntu-latest, amd64)	Build and Push Image	2026-06-30T06:29:11.0841859Z #14 68.18 Γö£ ╞Æ /auth/activate/[code]
build-containers (ubuntu-latest, amd64)	Build and Push Image	2026-06-30T06:29:11.0842667Z #14 68.18 Γö£ ╞Æ /auth/forgot
build-containers (ubuntu-latest, amd64)	Build and Push Image	2026-06-30T06:29:11.0843643Z #14 68.18 Γö£ ╞Æ /auth/forgot/[token]
build-containers (ubuntu-latest, amd64)	Build and Push Image	2026-06-30T06:29:11.0844053Z #14 68.18 Γö£ ╞Æ /auth/login
build-containers (ubuntu-latest, amd64)	Build and Push Image	2026-06-30T06:29:11.0844446Z #14 68.18 Γö£ ╞Æ /auth/login-required
build-containers (ubuntu-latest, amd64)	Build and Push Image	2026-06-30T06:29:11.0844856Z #14 68.18 Γö£ ╞Æ /billing
build-containers (ubuntu-latest, amd64)	Build and Push Image	2026-06-30T06:29:11.0858227Z #14 68.18 Γö£ ╞Æ /billing/lifetime
build-containers (ubuntu-latest, amd64)	Build and Push Image	2026-06-30T06:29:11.0858937Z #14 68.18 Γö£ ╞Æ /campaigns
build-containers (ubuntu-latest, amd64)	Build and Push Image	2026-06-30T06:29:11.0860307Z #14 68.18 Γö£ ╞Æ /comments
build-containers (ubuntu-latest, amd64)	Build and Push Image	2026-06-30T06:29:11.0860699Z #14 68.18 Γö£ ╞Æ /err
build-containers (ubuntu-latest, amd64)	Build and Push Image	2026-06-30T06:29:11.0861049Z #14 68.18 Γö£ ╞Æ /home
build-containers (ubuntu-latest, amd64)	Build and Push Image	2026-06-30T06:29:11.0861396Z #14 68.18 Γö£ ╞Æ /inbox
build-containers (ubuntu-latest, amd64)	Build and Push Image	2026-06-30T06:29:11.0861829Z #14 68.18 Γö£ ╞Æ /integrations/social/[provider]
build-containers (ubuntu-latest, amd64)	Build and Push Image	2026-06-30T06:29:11.0862293Z #14 68.18 Γö£ ╞Æ /launches
build-containers (ubuntu-latest, amd64)	Build and Push Image	2026-06-30T06:29:11.0862655Z #14 68.18 Γö£ ╞Æ /leads
build-containers (ubuntu-latest, amd64)	Build and Push Image	2026-06-30T06:29:11.0863008Z #14 68.18 Γö£ ╞Æ /media
build-containers (ubuntu-latest, amd64)	Build and Push Image	2026-06-30T06:29:11.0863390Z #14 68.18 Γö£ ╞Æ /modal/[style]/[platform]
build-containers (ubuntu-latest, amd64)	Build and Push Image	2026-06-30T06:29:11.0863877Z #14 68.18 Γö£ ╞Æ /oauth/authorize
build-containers (ubuntu-latest, amd64)	Build and Push Image	2026-06-30T06:29:11.0864339Z #14 68.18 Γö£ ╞Æ /p/[id]
build-containers (ubuntu-latest, amd64)	Build and Push Image	2026-06-30T06:29:11.0864704Z #14 68.18 Γö£ ╞Æ /plugs
build-containers (ubuntu-latest, amd64)	Build and Push Image	2026-06-30T06:29:11.0865077Z #14 68.18 Γö£ Γùï /privacy-policy
build-containers (ubuntu-latest, amd64)	Build and Push Image	2026-06-30T06:29:11.0865707Z #14 68.18 Γö£ ╞Æ /settings
build-containers (ubuntu-latest, amd64)	Build and Push Image	2026-06-30T06:29:11.0866844Z #14 68.18 Γö£ Γùï /terms-of-service
build-containers (ubuntu-latest, amd64)	Build and Push Image	2026-06-30T06:29:11.0867262Z #14 68.18 Γöö ╞Æ /third-party
build-containers (ubuntu-latest, amd64)	Build and Push Image	2026-06-30T06:29:11.0867578Z #14 68.18 
build-containers (ubuntu-latest, amd64)	Build and Push Image	2026-06-30T06:29:11.0867854Z #14 68.18 
build-containers (ubuntu-latest, amd64)	Build and Push Image	2026-06-30T06:29:11.0868229Z #14 68.18 ╞Æ Proxy (Middleware)
build-containers (ubuntu-latest, amd64)	Build and Push Image	2026-06-30T06:29:11.0868562Z #14 68.18 
build-containers (ubuntu-latest, amd64)	Build and Push Image	2026-06-30T06:29:11.0869023Z #14 68.18 Γùï  (Static)   prerendered as static content
build-containers (ubuntu-latest, amd64)	Build and Push Image	2026-06-30T06:29:11.0869637Z #14 68.18 ╞Æ  (Dynamic)  server-rendered on demand
build-containers (ubuntu-latest, amd64)	Build and Push Image	2026-06-30T06:29:11.0870075Z #14 68.18 
build-containers (ubuntu-latest, amd64)	Build and Push Image	2026-06-30T06:29:11.1293848Z #14 68.38 
build-containers (ubuntu-latest, amd64)	Build and Push Image	2026-06-30T06:29:11.1294316Z #14 68.38 > postiz-backend@1.0.0 build /app/apps/backend
build-containers (ubuntu-latest, amd64)	Build and Push Image	2026-06-30T06:29:11.1294869Z #14 68.38 > cross-env NODE_ENV=production nest build
build-containers (ubuntu-latest, amd64)	Build and Push Image	2026-06-30T06:29:11.1295472Z #14 68.38 
build-containers (ubuntu-latest, amd64)	Build and Push Image	2026-06-30T06:29:35.6414337Z #14 92.89 [96m../../libraries/nestjs-libraries/src/chat/load.tools.service.ts[0m:[93m96[0m:[93m7[0m - [91merror[0m[90m TS2322: [0mType 'LanguageModelV4' is not assignable to type 'DynamicArgument<MastraModelConfig | ModelWithRetries[], unknown>'.
build-containers (ubuntu-latest, amd64)	Build and Push Image	2026-06-30T06:29:35.6418118Z #14 92.89   Type 'LanguageModelV4' is not assignable to type '(string & {}) | LanguageModelV1 | LanguageModelV2 | LanguageModelV3 | { id: `${string}/${string}`; url?: string; apiKey?: string; headers?: Record<...>; } | ... 4 more ... | (({ requestContext, mastra, }: { ...; }) => MastraModelConfig | ... 1 more ... | Promise<...>)'.
build-containers (ubuntu-latest, amd64)	Build and Push Image	2026-06-30T06:29:35.6419604Z #14 92.89     Type 'LanguageModelV4' is not assignable to type 'MastraLanguageModelV3'.
build-containers (ubuntu-latest, amd64)	Build and Push Image	2026-06-30T06:29:35.6420350Z #14 92.89       Type 'LanguageModelV4' is not assignable to type 'Omit<LanguageModelV3, "doGenerate" | "doStream">'.
build-containers (ubuntu-latest, amd64)	Build and Push Image	2026-06-30T06:29:35.6420952Z #14 92.89         Types of property 'specificationVersion' are incompatible.
build-containers (ubuntu-latest, amd64)	Build and Push Image	2026-06-30T06:29:35.6421435Z #14 92.89           Type '"v4"' is not assignable to type '"v3"'.
build-containers (ubuntu-latest, amd64)	Build and Push Image	2026-06-30T06:29:35.6421785Z #14 92.89 
build-containers (ubuntu-latest, amd64)	Build and Push Image	2026-06-30T06:29:35.6422170Z #14 92.89 [7m96[0m       model: modelProvider,
build-containers (ubuntu-latest, amd64)	Build and Push Image	2026-06-30T06:29:35.6422510Z #14 92.89 [7m  [0m [91m      ~~~~~[0m
build-containers (ubuntu-latest, amd64)	Build and Push Image	2026-06-30T06:29:35.6422863Z #14 92.89 
build-containers (ubuntu-latest, amd64)	Build and Push Image	2026-06-30T06:29:35.6423288Z #14 92.89   [96m../../node_modules/@mastra/core/dist/agent/types.d.ts[0m:[93m186[0m:[93m5[0m
build-containers (ubuntu-latest, amd64)	Build and Push Image	2026-06-30T06:29:35.6424083Z #14 92.89     [7m186[0m     model: DynamicArgument<MastraModelConfig | ModelWithRetries[], TRequestContext>;
build-containers (ubuntu-latest, amd64)	Build and Push Image	2026-06-30T06:29:35.6424728Z #14 92.89     [7m   [0m [96m    ~~~~~[0m
build-containers (ubuntu-latest, amd64)	Build and Push Image	2026-06-30T06:29:35.6425622Z #14 92.89     The expected type comes from property 'model' which is declared here on type 'AgentConfig<"postiz", Record<string, any>, undefined, unknown>'
build-containers (ubuntu-latest, amd64)	Build and Push Image	2026-06-30T06:29:35.6427559Z #14 92.89 [96m../../libraries/nestjs-libraries/src/services/ai-provider.service.ts[0m:[93m65[0m:[93m3[0m - [91merror[0m[90m TS2742: [0mThe inferred type of 'getAISDKProvider' cannot be named without a reference to '@ai-sdk/openai/node_modules/@ai-sdk/provider'. This is likely not portable. A type annotation is necessary.
build-containers (ubuntu-latest, amd64)	Build and Push Image	2026-06-30T06:29:35.6429012Z #14 92.89 
build-containers (ubuntu-latest, amd64)	Build and Push Image	2026-06-30T06:29:35.6429459Z #14 92.89 [7m65[0m   getAISDKProvider(provider: AIProvider, model: string) {
build-containers (ubuntu-latest, amd64)	Build and Push Image	2026-06-30T06:29:35.6429939Z #14 92.89 [7m  [0m [91m  ~~~~~~~~~~~~~~~~[0m
build-containers (ubuntu-latest, amd64)	Build and Push Image	2026-06-30T06:29:35.6431390Z #14 92.89 [96m../../libraries/nestjs-libraries/src/services/ai-provider.service.ts[0m:[93m65[0m:[93m3[0m - [91merror[0m[90m TS2742: [0mThe inferred type of 'getAISDKProvider' cannot be named without a reference to '@ai-sdk/openai/node_modules/@ai-sdk/provider'. This is likely not portable. A type annotation is necessary.
build-containers (ubuntu-latest, amd64)	Build and Push Image	2026-06-30T06:29:35.6432674Z #14 92.89 
build-containers (ubuntu-latest, amd64)	Build and Push Image	2026-06-30T06:29:35.6433020Z #14 92.89 [7m65[0m   getAISDKProvider(provider: AIProvider, model: string) {
build-containers (ubuntu-latest, amd64)	Build and Push Image	2026-06-30T06:29:35.6433518Z #14 92.89 [7m  [0m [91m  ~~~~~~~~~~~~~~~~[0m
build-containers (ubuntu-latest, amd64)	Build and Push Image	2026-06-30T06:29:35.6433768Z #14 92.89 
build-containers (ubuntu-latest, amd64)	Build and Push Image	2026-06-30T06:29:35.7918974Z #14 92.89 Found 3 error(s).
build-containers (ubuntu-latest, amd64)	Build and Push Image	2026-06-30T06:29:35.7919682Z #14 92.89 
build-containers (ubuntu-latest, amd64)	Build and Push Image	2026-06-30T06:29:35.8627343Z #14 93.11 /app/apps/backend:
build-containers (ubuntu-latest, amd64)	Build and Push Image	2026-06-30T06:29:35.8632189Z #14 93.11 ΓÇëERR_PNPM_RECURSIVE_RUN_FIRST_FAILΓÇë postiz-backend@1.0.0 build: `cross-env NODE_ENV=production nest build`
build-containers (ubuntu-latest, amd64)	Build and Push Image	2026-06-30T06:29:35.8633042Z #14 93.11 Exit status 1
build-containers (ubuntu-latest, amd64)	Build and Push Image	2026-06-30T06:29:36.0179887Z #14 93.11 ΓÇëWARNΓÇë  Local package.json exists, but node_modules missing, did you mean to install?
build-containers (ubuntu-latest, amd64)	Build and Push Image	2026-06-30T06:29:36.0182274Z #14 93.13 ΓÇëELIFECYCLEΓÇë Command failed with exit code 1.
build-containers (ubuntu-latest, amd64)	Build and Push Image	2026-06-30T06:29:36.0183034Z #14 ERROR: process "/bin/sh -c NODE_OPTIONS=\"--max-old-space-size=4096\" pnpm run build" did not complete successfully: exit code: 1
build-containers (ubuntu-latest, amd64)	Build and Push Image	2026-06-30T06:29:36.0282879Z ------
build-containers (ubuntu-latest, amd64)	Build and Push Image	2026-06-30T06:29:36.0284232Z  > [9/9] RUN NODE_OPTIONS="--max-old-space-size=4096" pnpm run build:
build-containers (ubuntu-latest, amd64)	Build and Push Image	2026-06-30T06:29:36.0285134Z 92.89 [7m65[0m   getAISDKProvider(provider: AIProvider, model: string) {
build-containers (ubuntu-latest, amd64)	Build and Push Image	2026-06-30T06:29:36.0285800Z 92.89 [7m  [0m [91m  ~~~~~~~~~~~~~~~~[0m
build-containers (ubuntu-latest, amd64)	Build and Push Image	2026-06-30T06:29:36.0286386Z 92.89 
build-containers (ubuntu-latest, amd64)	Build and Push Image	2026-06-30T06:29:36.0286637Z 92.89 Found 3 error(s).
build-containers (ubuntu-latest, amd64)	Build and Push Image	2026-06-30T06:29:36.0286906Z 92.89 
build-containers (ubuntu-latest, amd64)	Build and Push Image	2026-06-30T06:29:36.0287090Z 93.11 /app/apps/backend:
build-containers (ubuntu-latest, amd64)	Build and Push Image	2026-06-30T06:29:36.0287823Z 93.11 ΓÇëERR_PNPM_RECURSIVE_RUN_FIRST_FAILΓÇë postiz-backend@1.0.0 build: `cross-env NODE_ENV=production nest build`
build-containers (ubuntu-latest, amd64)	Build and Push Image	2026-06-30T06:29:36.0288497Z 93.11 Exit status 1
build-containers (ubuntu-latest, amd64)	Build and Push Image	2026-06-30T06:29:36.0289136Z 93.11 ΓÇëWARNΓÇë  Local package.json exists, but node_modules missing, did you mean to install?
build-containers (ubuntu-latest, amd64)	Build and Push Image	2026-06-30T06:29:36.0289969Z 93.13 ΓÇëELIFECYCLEΓÇë Command failed with exit code 1.
build-containers (ubuntu-latest, amd64)	Build and Push Image	2026-06-30T06:29:36.0290376Z ------
build-containers (ubuntu-latest, amd64)	Build and Push Image	2026-06-30T06:29:36.0437374Z Dockerfile.dev:27
build-containers (ubuntu-latest, amd64)	Build and Push Image	2026-06-30T06:29:36.0455926Z --------------------
build-containers (ubuntu-latest, amd64)	Build and Push Image	2026-06-30T06:29:36.0456241Z   25 |     
build-containers (ubuntu-latest, amd64)	Build and Push Image	2026-06-30T06:29:36.0456713Z   26 |     RUN pnpm install
build-containers (ubuntu-latest, amd64)	Build and Push Image	2026-06-30T06:29:36.0457056Z   27 | >>> RUN NODE_OPTIONS="--max-old-space-size=4096" pnpm run build
build-containers (ubuntu-latest, amd64)	Build and Push Image	2026-06-30T06:29:36.0457393Z   28 |     
build-containers (ubuntu-latest, amd64)	Build and Push Image	2026-06-30T06:29:36.0457622Z   29 |     CMD ["sh", "-c", "nginx && pnpm run pm2"]
build-containers (ubuntu-latest, amd64)	Build and Push Image	2026-06-30T06:29:36.0457938Z --------------------
build-containers (ubuntu-latest, amd64)	Build and Push Image	2026-06-30T06:29:36.0458564Z ERROR: failed to build: failed to solve: process "/bin/sh -c NODE_OPTIONS=\"--max-old-space-size=4096\" pnpm run build" did not complete successfully: exit code: 1
build-containers (ubuntu-latest, amd64)	Build and Push Image	2026-06-30T06:29:36.0494472Z ##[error]Process completed with exit code 1.
build-containers (ubuntu-latest, amd64)	Post Login to ghcr	∩╗┐2026-06-30T06:29:36.0578742Z Node 20 is being deprecated. This workflow is running with Node 24 by default. If you need to temporarily use Node 20, you can set the ACTIONS_ALLOW_USE_UNSECURE_NODE_VERSION=true environment variable. For more information see: https://github.blog/changelog/2025-09-19-deprecation-of-node-20-on-github-actions-runners/
build-containers (ubuntu-latest, amd64)	Post Login to ghcr	2026-06-30T06:29:36.0579914Z Post job cleanup.
build-containers (ubuntu-latest, amd64)	Post Login to ghcr	2026-06-30T06:29:36.3629540Z ##[group]Logout from ghcr.io
build-containers (ubuntu-latest, amd64)	Post Login to ghcr	2026-06-30T06:29:36.3650566Z (node:7307) [DEP0040] DeprecationWarning: The `punycode` module is deprecated. Please use a userland alternative instead.
build-containers (ubuntu-latest, amd64)	Post Login to ghcr	2026-06-30T06:29:36.3651266Z (Use `node --trace-deprecation ...` to show where the warning was created)
build-containers (ubuntu-latest, amd64)	Post Login to ghcr	2026-06-30T06:29:36.3669254Z [command]/usr/bin/docker logout ghcr.io
build-containers (ubuntu-latest, amd64)	Post Login to ghcr	2026-06-30T06:29:36.3800303Z Removing login credentials for ghcr.io
build-containers (ubuntu-latest, amd64)	Post Login to ghcr	2026-06-30T06:29:36.3828512Z ##[endgroup]
build-containers (ubuntu-latest, amd64)	Post Login to ghcr	2026-06-30T06:29:36.3829512Z ##[group]Post cache
build-containers (ubuntu-latest, amd64)	Post Login to ghcr	2026-06-30T06:29:36.3830759Z State not set
build-containers (ubuntu-latest, amd64)	Post Login to ghcr	2026-06-30T06:29:36.3831488Z ##[endgroup]
build-containers (ubuntu-latest, amd64)	Post Set up Docker Buildx	∩╗┐2026-06-30T06:29:36.4000009Z Node 20 is being deprecated. This workflow is running with Node 24 by default. If you need to temporarily use Node 20, you can set the ACTIONS_ALLOW_USE_UNSECURE_NODE_VERSION=true environment variable. For more information see: https://github.blog/changelog/2025-09-19-deprecation-of-node-20-on-github-actions-runners/
build-containers (ubuntu-latest, amd64)	Post Set up Docker Buildx	2026-06-30T06:29:36.4001206Z Post job cleanup.
build-containers (ubuntu-latest, amd64)	Post Set up Docker Buildx	2026-06-30T06:29:36.6555631Z ##[group]Removing builder
build-containers (ubuntu-latest, amd64)	Post Set up Docker Buildx	2026-06-30T06:29:36.6563782Z (node:7327) [DEP0040] DeprecationWarning: The `punycode` module is deprecated. Please use a userland alternative instead.
build-containers (ubuntu-latest, amd64)	Post Set up Docker Buildx	2026-06-30T06:29:36.6564896Z (Use `node --trace-deprecation ...` to show where the warning was created)
build-containers (ubuntu-latest, amd64)	Post Set up Docker Buildx	2026-06-30T06:29:36.7489984Z [command]/usr/bin/docker buildx rm builder-23946bc6-f2e7-4d47-aee3-72bf5b5b3b51
build-containers (ubuntu-latest, amd64)	Post Set up Docker Buildx	2026-06-30T06:29:52.9276556Z builder-23946bc6-f2e7-4d47-aee3-72bf5b5b3b51 removed
build-containers (ubuntu-latest, amd64)	Post Set up Docker Buildx	2026-06-30T06:29:52.9315533Z ##[endgroup]
build-containers (ubuntu-latest, amd64)	Post Set up Docker Buildx	2026-06-30T06:29:52.9317682Z ##[group]Cleaning up certificates
build-containers (ubuntu-latest, amd64)	Post Set up Docker Buildx	2026-06-30T06:29:52.9318406Z ##[endgroup]
build-containers (ubuntu-latest, amd64)	Post Set up Docker Buildx	2026-06-30T06:29:52.9318959Z ##[group]Post cache
build-containers (ubuntu-latest, amd64)	Post Set up Docker Buildx	2026-06-30T06:29:52.9319699Z State not set
build-containers (ubuntu-latest, amd64)	Post Set up Docker Buildx	2026-06-30T06:29:52.9320233Z ##[endgroup]
build-containers (ubuntu-latest, amd64)	Post Checkout	∩╗┐2026-06-30T06:29:52.9494819Z Node 20 is being deprecated. This workflow is running with Node 24 by default. If you need to temporarily use Node 20, you can set the ACTIONS_ALLOW_USE_UNSECURE_NODE_VERSION=true environment variable. For more information see: https://github.blog/changelog/2025-09-19-deprecation-of-node-20-on-github-actions-runners/
build-containers (ubuntu-latest, amd64)	Post Checkout	2026-06-30T06:29:52.9496220Z Post job cleanup.
build-containers (ubuntu-latest, amd64)	Post Checkout	2026-06-30T06:29:53.0332729Z [command]/usr/bin/git version
build-containers (ubuntu-latest, amd64)	Post Checkout	2026-06-30T06:29:53.0369875Z git version 2.54.0
build-containers (ubuntu-latest, amd64)	Post Checkout	2026-06-30T06:29:53.0403782Z Temporarily overriding HOME='/home/runner/work/_temp/7470a1c8-4da5-4205-b4d9-f9d40ac1ab28' before making global git config changes
build-containers (ubuntu-latest, amd64)	Post Checkout	2026-06-30T06:29:53.0404936Z Adding repository directory to the temporary git global config as a safe directory
build-containers (ubuntu-latest, amd64)	Post Checkout	2026-06-30T06:29:53.0409503Z [command]/usr/bin/git config --global --add safe.directory /home/runner/work/Swiftsai-app/Swiftsai-app
build-containers (ubuntu-latest, amd64)	Post Checkout	2026-06-30T06:29:53.0446668Z [command]/usr/bin/git config --local --name-only --get-regexp core\.sshCommand
build-containers (ubuntu-latest, amd64)	Post Checkout	2026-06-30T06:29:53.0480398Z [command]/usr/bin/git submodule foreach --recursive sh -c "git config --local --name-only --get-regexp 'core\.sshCommand' && git config --local --unset-all 'core.sshCommand' || :"
build-containers (ubuntu-latest, amd64)	Post Checkout	2026-06-30T06:29:53.0747963Z [command]/usr/bin/git config --local --name-only --get-regexp http\.https\:\/\/github\.com\/\.extraheader
build-containers (ubuntu-latest, amd64)	Post Checkout	2026-06-30T06:29:53.0775505Z http.https://github.com/.extraheader
build-containers (ubuntu-latest, amd64)	Post Checkout	2026-06-30T06:29:53.0785120Z [command]/usr/bin/git config --local --unset-all http.https://github.com/.extraheader
build-containers (ubuntu-latest, amd64)	Post Checkout	2026-06-30T06:29:53.0816790Z [command]/usr/bin/git submodule foreach --recursive sh -c "git config --local --name-only --get-regexp 'http\.https\:\/\/github\.com\/\.extraheader' && git config --local --unset-all 'http.https://github.com/.extraheader' || :"
build-containers (ubuntu-latest, amd64)	Post Checkout	2026-06-30T06:29:53.1049967Z [command]/usr/bin/git config --local --name-only --get-regexp ^includeIf\.gitdir:
build-containers (ubuntu-latest, amd64)	Post Checkout	2026-06-30T06:29:53.1082139Z [command]/usr/bin/git submodule foreach --recursive git config --local --show-origin --name-only --get-regexp remote.origin.url
build-containers (ubuntu-latest, amd64)	Complete job	∩╗┐2026-06-30T06:29:53.1461444Z Cleaning up orphan processes
build-containers (ubuntu-latest, amd64)	Complete job	2026-06-30T06:29:53.1758947Z ##[warning]Node.js 20 is deprecated. The following actions target Node.js 20 but are being forced to run on Node.js 24: actions/checkout@v4, docker/login-action@v3, docker/setup-buildx-action@v3. For more information see: https://github.blog/changelog/2025-09-19-deprecation-of-node-20-on-github-actions-runners/
