build-containers-common	Set up job	∩╗┐2026-06-30T06:14:09.1557121Z Current runner version: '2.335.1'
build-containers-common	Set up job	2026-06-30T06:14:09.1582050Z ##[group]Runner Image Provisioner
build-containers-common	Set up job	2026-06-30T06:14:09.1582938Z Hosted Compute Agent
build-containers-common	Set up job	2026-06-30T06:14:09.1583604Z Version: 20260611.554
build-containers-common	Set up job	2026-06-30T06:14:09.1584268Z Commit: 5e0782fdc9014723d3be820dd114dd31555c2bd1
build-containers-common	Set up job	2026-06-30T06:14:09.1585013Z Build Date: 2026-06-11T21:40:46Z
build-containers-common	Set up job	2026-06-30T06:14:09.1585801Z Worker ID: {941d1386-9692-4feb-a4bb-b14009274709}
build-containers-common	Set up job	2026-06-30T06:14:09.1586578Z Azure Region: westcentralus
build-containers-common	Set up job	2026-06-30T06:14:09.1587233Z ##[endgroup]
build-containers-common	Set up job	2026-06-30T06:14:09.1588690Z ##[group]Operating System
build-containers-common	Set up job	2026-06-30T06:14:09.1589392Z Ubuntu
build-containers-common	Set up job	2026-06-30T06:14:09.1590111Z 24.04.4
build-containers-common	Set up job	2026-06-30T06:14:09.1590701Z LTS
build-containers-common	Set up job	2026-06-30T06:14:09.1591263Z ##[endgroup]
build-containers-common	Set up job	2026-06-30T06:14:09.1592372Z ##[group]Runner Image
build-containers-common	Set up job	2026-06-30T06:14:09.1593152Z Image: ubuntu-24.04
build-containers-common	Set up job	2026-06-30T06:14:09.1593868Z Version: 20260622.220.1
build-containers-common	Set up job	2026-06-30T06:14:09.1595019Z Included Software: https://github.com/actions/runner-images/blob/ubuntu24/20260622.220/images/ubuntu/Ubuntu2404-Readme.md
build-containers-common	Set up job	2026-06-30T06:14:09.1596802Z Image Release: https://github.com/actions/runner-images/releases/tag/ubuntu24%2F20260622.220
build-containers-common	Set up job	2026-06-30T06:14:09.1597813Z ##[endgroup]
build-containers-common	Set up job	2026-06-30T06:14:09.1599106Z ##[group]GITHUB_TOKEN Permissions
build-containers-common	Set up job	2026-06-30T06:14:09.1600948Z Contents: read
build-containers-common	Set up job	2026-06-30T06:14:09.1601918Z Metadata: read
build-containers-common	Set up job	2026-06-30T06:14:09.1602540Z Packages: read
build-containers-common	Set up job	2026-06-30T06:14:09.1603143Z ##[endgroup]
build-containers-common	Set up job	2026-06-30T06:14:09.1605510Z Secret source: Actions
build-containers-common	Set up job	2026-06-30T06:14:09.1606308Z Prepare workflow directory
build-containers-common	Set up job	2026-06-30T06:14:09.1944666Z Prepare all required actions
build-containers-common	Set up job	2026-06-30T06:14:09.2036842Z Complete job name: build-containers-common
build-containers-common	Get Container Version	∩╗┐2026-06-30T06:14:09.2762154Z ##[group]Run echo "containerver=latest" >> "$GITHUB_OUTPUT"
build-containers-common	Get Container Version	2026-06-30T06:14:09.2763617Z [36;1mecho "containerver=latest" >> "$GITHUB_OUTPUT"[0m
build-containers-common	Get Container Version	2026-06-30T06:14:09.3184422Z shell: /usr/bin/bash -e {0}
build-containers-common	Get Container Version	2026-06-30T06:14:09.3185408Z ##[endgroup]
build-containers-common	Complete job	∩╗┐2026-06-30T06:14:09.3536274Z Evaluate and set job outputs
build-containers-common	Complete job	2026-06-30T06:14:09.3569004Z Set output 'containerver'
build-containers-common	Complete job	2026-06-30T06:14:09.3571428Z Cleaning up orphan processes
build-containers (ubuntu-latest, amd64)	Set up job	∩╗┐2026-06-30T06:14:14.6456070Z Current runner version: '2.335.1'
build-containers (ubuntu-latest, amd64)	Set up job	2026-06-30T06:14:14.6492261Z ##[group]Runner Image Provisioner
build-containers (ubuntu-latest, amd64)	Set up job	2026-06-30T06:14:14.6493604Z Hosted Compute Agent
build-containers (ubuntu-latest, amd64)	Set up job	2026-06-30T06:14:14.6494543Z Version: 20260611.554
build-containers (ubuntu-latest, amd64)	Set up job	2026-06-30T06:14:14.6495566Z Commit: 5e0782fdc9014723d3be820dd114dd31555c2bd1
build-containers (ubuntu-latest, amd64)	Set up job	2026-06-30T06:14:14.6496813Z Build Date: 2026-06-11T21:40:46Z
build-containers (ubuntu-latest, amd64)	Set up job	2026-06-30T06:14:14.6497964Z Worker ID: {28e41037-9b81-4687-81dd-2edc44be8439}
build-containers (ubuntu-latest, amd64)	Set up job	2026-06-30T06:14:14.6499077Z Azure Region: eastus2
build-containers (ubuntu-latest, amd64)	Set up job	2026-06-30T06:14:14.6500424Z ##[endgroup]
build-containers (ubuntu-latest, amd64)	Set up job	2026-06-30T06:14:14.6502354Z ##[group]Operating System
build-containers (ubuntu-latest, amd64)	Set up job	2026-06-30T06:14:14.6503521Z Ubuntu
build-containers (ubuntu-latest, amd64)	Set up job	2026-06-30T06:14:14.6504386Z 24.04.4
build-containers (ubuntu-latest, amd64)	Set up job	2026-06-30T06:14:14.6505138Z LTS
build-containers (ubuntu-latest, amd64)	Set up job	2026-06-30T06:14:14.6506042Z ##[endgroup]
build-containers (ubuntu-latest, amd64)	Set up job	2026-06-30T06:14:14.6506887Z ##[group]Runner Image
build-containers (ubuntu-latest, amd64)	Set up job	2026-06-30T06:14:14.6507883Z Image: ubuntu-24.04
build-containers (ubuntu-latest, amd64)	Set up job	2026-06-30T06:14:14.6508847Z Version: 20260622.220.1
build-containers (ubuntu-latest, amd64)	Set up job	2026-06-30T06:14:14.6510826Z Included Software: https://github.com/actions/runner-images/blob/ubuntu24/20260622.220/images/ubuntu/Ubuntu2404-Readme.md
build-containers (ubuntu-latest, amd64)	Set up job	2026-06-30T06:14:14.6513802Z Image Release: https://github.com/actions/runner-images/releases/tag/ubuntu24%2F20260622.220
build-containers (ubuntu-latest, amd64)	Set up job	2026-06-30T06:14:14.6515468Z ##[endgroup]
build-containers (ubuntu-latest, amd64)	Set up job	2026-06-30T06:14:14.6517270Z ##[group]GITHUB_TOKEN Permissions
build-containers (ubuntu-latest, amd64)	Set up job	2026-06-30T06:14:14.6520434Z Contents: read
build-containers (ubuntu-latest, amd64)	Set up job	2026-06-30T06:14:14.6521979Z Metadata: read
build-containers (ubuntu-latest, amd64)	Set up job	2026-06-30T06:14:14.6522851Z Packages: write
build-containers (ubuntu-latest, amd64)	Set up job	2026-06-30T06:14:14.6523755Z ##[endgroup]
build-containers (ubuntu-latest, amd64)	Set up job	2026-06-30T06:14:14.6527091Z Secret source: Actions
build-containers (ubuntu-latest, amd64)	Set up job	2026-06-30T06:14:14.6528270Z Prepare workflow directory
build-containers (ubuntu-latest, amd64)	Set up job	2026-06-30T06:14:14.6986683Z Prepare all required actions
build-containers (ubuntu-latest, amd64)	Set up job	2026-06-30T06:14:14.7040780Z Getting action download info
build-containers (ubuntu-latest, amd64)	Set up job	2026-06-30T06:14:14.8991301Z Download action repository 'actions/checkout@v4' (SHA:34e114876b0b11c390a56381ad16ebd13914f8d5)
build-containers (ubuntu-latest, amd64)	Set up job	2026-06-30T06:14:14.9756754Z Download action repository 'docker/setup-buildx-action@v3' (SHA:8d2750c68a42422c14e847fe6c8ac0403b4cbd6f)
build-containers (ubuntu-latest, amd64)	Set up job	2026-06-30T06:14:15.2277936Z Download action repository 'docker/login-action@v3' (SHA:c94ce9fb468520275223c153574b00df6fe4bcc9)
build-containers (ubuntu-latest, amd64)	Set up job	2026-06-30T06:14:15.6033612Z Complete job name: build-containers (ubuntu-latest, amd64)
build-containers (ubuntu-latest, amd64)	Checkout	∩╗┐2026-06-30T06:14:15.6814882Z Node 20 is being deprecated. This workflow is running with Node 24 by default. If you need to temporarily use Node 20, you can set the ACTIONS_ALLOW_USE_UNSECURE_NODE_VERSION=true environment variable. For more information see: https://github.blog/changelog/2025-09-19-deprecation-of-node-20-on-github-actions-runners/
build-containers (ubuntu-latest, amd64)	Checkout	2026-06-30T06:14:15.6824541Z ##[group]Run actions/checkout@v4
build-containers (ubuntu-latest, amd64)	Checkout	2026-06-30T06:14:15.6825356Z with:
build-containers (ubuntu-latest, amd64)	Checkout	2026-06-30T06:14:15.6825810Z   fetch-depth: 0
build-containers (ubuntu-latest, amd64)	Checkout	2026-06-30T06:14:15.6826292Z   submodules: true
build-containers (ubuntu-latest, amd64)	Checkout	2026-06-30T06:14:15.6826802Z   repository: appswifts/Swiftsai-app
build-containers (ubuntu-latest, amd64)	Checkout	2026-06-30T06:14:15.6832869Z   token: ***
build-containers (ubuntu-latest, amd64)	Checkout	2026-06-30T06:14:15.6833354Z   ssh-strict: true
build-containers (ubuntu-latest, amd64)	Checkout	2026-06-30T06:14:15.6833835Z   ssh-user: git
build-containers (ubuntu-latest, amd64)	Checkout	2026-06-30T06:14:15.6834316Z   persist-credentials: true
build-containers (ubuntu-latest, amd64)	Checkout	2026-06-30T06:14:15.6834858Z   clean: true
build-containers (ubuntu-latest, amd64)	Checkout	2026-06-30T06:14:15.6835335Z   sparse-checkout-cone-mode: true
build-containers (ubuntu-latest, amd64)	Checkout	2026-06-30T06:14:15.6835907Z   fetch-tags: false
build-containers (ubuntu-latest, amd64)	Checkout	2026-06-30T06:14:15.6836423Z   show-progress: true
build-containers (ubuntu-latest, amd64)	Checkout	2026-06-30T06:14:15.6836932Z   lfs: false
build-containers (ubuntu-latest, amd64)	Checkout	2026-06-30T06:14:15.6837442Z   set-safe-directory: true
build-containers (ubuntu-latest, amd64)	Checkout	2026-06-30T06:14:15.6838276Z ##[endgroup]
build-containers (ubuntu-latest, amd64)	Checkout	2026-06-30T06:14:15.7867164Z Syncing repository: appswifts/Swiftsai-app
build-containers (ubuntu-latest, amd64)	Checkout	2026-06-30T06:14:15.7869565Z ##[group]Getting Git version info
build-containers (ubuntu-latest, amd64)	Checkout	2026-06-30T06:14:15.7870477Z Working directory is '/home/runner/work/Swiftsai-app/Swiftsai-app'
build-containers (ubuntu-latest, amd64)	Checkout	2026-06-30T06:14:15.7871839Z [command]/usr/bin/git version
build-containers (ubuntu-latest, amd64)	Checkout	2026-06-30T06:14:15.7901227Z git version 2.54.0
build-containers (ubuntu-latest, amd64)	Checkout	2026-06-30T06:14:15.7953804Z ##[endgroup]
build-containers (ubuntu-latest, amd64)	Checkout	2026-06-30T06:14:15.7970550Z Temporarily overriding HOME='/home/runner/work/_temp/6077c506-f9c1-4a16-a7de-a93bbddddc60' before making global git config changes
build-containers (ubuntu-latest, amd64)	Checkout	2026-06-30T06:14:15.7973267Z Adding repository directory to the temporary git global config as a safe directory
build-containers (ubuntu-latest, amd64)	Checkout	2026-06-30T06:14:15.7976641Z [command]/usr/bin/git config --global --add safe.directory /home/runner/work/Swiftsai-app/Swiftsai-app
build-containers (ubuntu-latest, amd64)	Checkout	2026-06-30T06:14:15.8022409Z Deleting the contents of '/home/runner/work/Swiftsai-app/Swiftsai-app'
build-containers (ubuntu-latest, amd64)	Checkout	2026-06-30T06:14:15.8026878Z ##[group]Initializing the repository
build-containers (ubuntu-latest, amd64)	Checkout	2026-06-30T06:14:15.8032550Z [command]/usr/bin/git init /home/runner/work/Swiftsai-app/Swiftsai-app
build-containers (ubuntu-latest, amd64)	Checkout	2026-06-30T06:14:15.8107073Z hint: Using 'master' as the name for the initial branch. This default branch name
build-containers (ubuntu-latest, amd64)	Checkout	2026-06-30T06:14:15.8109017Z hint: will change to "main" in Git 3.0. To configure the initial branch name
build-containers (ubuntu-latest, amd64)	Checkout	2026-06-30T06:14:15.8110786Z hint: to use in all of your new repositories, which will suppress this warning,
build-containers (ubuntu-latest, amd64)	Checkout	2026-06-30T06:14:15.8112436Z hint: call:
build-containers (ubuntu-latest, amd64)	Checkout	2026-06-30T06:14:15.8113785Z hint:
build-containers (ubuntu-latest, amd64)	Checkout	2026-06-30T06:14:15.8114757Z hint: 	git config --global init.defaultBranch <name>
build-containers (ubuntu-latest, amd64)	Checkout	2026-06-30T06:14:15.8115896Z hint:
build-containers (ubuntu-latest, amd64)	Checkout	2026-06-30T06:14:15.8116972Z hint: Names commonly chosen instead of 'master' are 'main', 'trunk' and
build-containers (ubuntu-latest, amd64)	Checkout	2026-06-30T06:14:15.8118747Z hint: 'development'. The just-created branch can be renamed via this command:
build-containers (ubuntu-latest, amd64)	Checkout	2026-06-30T06:14:15.8120300Z hint:
build-containers (ubuntu-latest, amd64)	Checkout	2026-06-30T06:14:15.8121062Z hint: 	git branch -m <name>
build-containers (ubuntu-latest, amd64)	Checkout	2026-06-30T06:14:15.8122018Z hint:
build-containers (ubuntu-latest, amd64)	Checkout	2026-06-30T06:14:15.8123203Z hint: Disable this message with "git config set advice.defaultBranchName false"
build-containers (ubuntu-latest, amd64)	Checkout	2026-06-30T06:14:15.8125188Z Initialized empty Git repository in /home/runner/work/Swiftsai-app/Swiftsai-app/.git/
build-containers (ubuntu-latest, amd64)	Checkout	2026-06-30T06:14:15.8128254Z [command]/usr/bin/git remote add origin https://github.com/appswifts/Swiftsai-app
build-containers (ubuntu-latest, amd64)	Checkout	2026-06-30T06:14:15.8165530Z ##[endgroup]
build-containers (ubuntu-latest, amd64)	Checkout	2026-06-30T06:14:15.8166942Z ##[group]Disabling automatic garbage collection
build-containers (ubuntu-latest, amd64)	Checkout	2026-06-30T06:14:15.8170265Z [command]/usr/bin/git config --local gc.auto 0
build-containers (ubuntu-latest, amd64)	Checkout	2026-06-30T06:14:15.8202755Z ##[endgroup]
build-containers (ubuntu-latest, amd64)	Checkout	2026-06-30T06:14:15.8204035Z ##[group]Setting up auth
build-containers (ubuntu-latest, amd64)	Checkout	2026-06-30T06:14:15.8210307Z [command]/usr/bin/git config --local --name-only --get-regexp core\.sshCommand
build-containers (ubuntu-latest, amd64)	Checkout	2026-06-30T06:14:15.8244279Z [command]/usr/bin/git submodule foreach --recursive sh -c "git config --local --name-only --get-regexp 'core\.sshCommand' && git config --local --unset-all 'core.sshCommand' || :"
build-containers (ubuntu-latest, amd64)	Checkout	2026-06-30T06:14:15.8587491Z [command]/usr/bin/git config --local --name-only --get-regexp http\.https\:\/\/github\.com\/\.extraheader
build-containers (ubuntu-latest, amd64)	Checkout	2026-06-30T06:14:15.8621344Z [command]/usr/bin/git submodule foreach --recursive sh -c "git config --local --name-only --get-regexp 'http\.https\:\/\/github\.com\/\.extraheader' && git config --local --unset-all 'http.https://github.com/.extraheader' || :"
build-containers (ubuntu-latest, amd64)	Checkout	2026-06-30T06:14:15.8863268Z [command]/usr/bin/git config --local --name-only --get-regexp ^includeIf\.gitdir:
build-containers (ubuntu-latest, amd64)	Checkout	2026-06-30T06:14:15.8898182Z [command]/usr/bin/git submodule foreach --recursive git config --local --show-origin --name-only --get-regexp remote.origin.url
build-containers (ubuntu-latest, amd64)	Checkout	2026-06-30T06:14:15.9137863Z [command]/usr/bin/git config --local http.https://github.com/.extraheader AUTHORIZATION: basic ***
build-containers (ubuntu-latest, amd64)	Checkout	2026-06-30T06:14:15.9175089Z ##[endgroup]
build-containers (ubuntu-latest, amd64)	Checkout	2026-06-30T06:14:15.9176047Z ##[group]Fetching the repository
build-containers (ubuntu-latest, amd64)	Checkout	2026-06-30T06:14:15.9184046Z [command]/usr/bin/git -c protocol.version=2 fetch --prune --no-recurse-submodules origin +refs/heads/*:refs/remotes/origin/* +refs/tags/*:refs/tags/*
build-containers (ubuntu-latest, amd64)	Checkout	2026-06-30T06:14:16.5523050Z From https://github.com/appswifts/Swiftsai-app
build-containers (ubuntu-latest, amd64)	Checkout	2026-06-30T06:14:16.5524797Z  * [new branch]      main       -> origin/main
build-containers (ubuntu-latest, amd64)	Checkout	2026-06-30T06:14:16.5562421Z [command]/usr/bin/git branch --list --remote origin/main
build-containers (ubuntu-latest, amd64)	Checkout	2026-06-30T06:14:16.5590508Z   origin/main
build-containers (ubuntu-latest, amd64)	Checkout	2026-06-30T06:14:16.5600063Z [command]/usr/bin/git rev-parse refs/remotes/origin/main
build-containers (ubuntu-latest, amd64)	Checkout	2026-06-30T06:14:16.5624292Z d44cd3d655b04e5c1dce8fd00219e552fd70aa23
build-containers (ubuntu-latest, amd64)	Checkout	2026-06-30T06:14:16.5629891Z ##[endgroup]
build-containers (ubuntu-latest, amd64)	Checkout	2026-06-30T06:14:16.5631598Z ##[group]Determining the checkout info
build-containers (ubuntu-latest, amd64)	Checkout	2026-06-30T06:14:16.5633619Z ##[endgroup]
build-containers (ubuntu-latest, amd64)	Checkout	2026-06-30T06:14:16.5636363Z [command]/usr/bin/git sparse-checkout disable
build-containers (ubuntu-latest, amd64)	Checkout	2026-06-30T06:14:16.5680400Z [command]/usr/bin/git config --local --unset-all extensions.worktreeConfig
build-containers (ubuntu-latest, amd64)	Checkout	2026-06-30T06:14:16.5709841Z ##[group]Checking out the ref
build-containers (ubuntu-latest, amd64)	Checkout	2026-06-30T06:14:16.5713119Z [command]/usr/bin/git checkout --progress --force -B main refs/remotes/origin/main
build-containers (ubuntu-latest, amd64)	Checkout	2026-06-30T06:14:16.7011481Z Switched to a new branch 'main'
build-containers (ubuntu-latest, amd64)	Checkout	2026-06-30T06:14:16.7014267Z branch 'main' set up to track 'origin/main'.
build-containers (ubuntu-latest, amd64)	Checkout	2026-06-30T06:14:16.7058627Z ##[endgroup]
build-containers (ubuntu-latest, amd64)	Checkout	2026-06-30T06:14:16.7085600Z ##[group]Setting up auth for fetching submodules
build-containers (ubuntu-latest, amd64)	Checkout	2026-06-30T06:14:16.7088825Z [command]/usr/bin/git config --global http.https://github.com/.extraheader AUTHORIZATION: basic ***
build-containers (ubuntu-latest, amd64)	Checkout	2026-06-30T06:14:16.7100070Z [command]/usr/bin/git config --global --unset-all url.https://github.com/.insteadOf
build-containers (ubuntu-latest, amd64)	Checkout	2026-06-30T06:14:16.7150041Z [command]/usr/bin/git config --global --add url.https://github.com/.insteadOf git@github.com:
build-containers (ubuntu-latest, amd64)	Checkout	2026-06-30T06:14:16.7211730Z [command]/usr/bin/git config --global --add url.https://github.com/.insteadOf org-200666680@github.com:
build-containers (ubuntu-latest, amd64)	Checkout	2026-06-30T06:14:16.7246281Z ##[endgroup]
build-containers (ubuntu-latest, amd64)	Checkout	2026-06-30T06:14:16.7248832Z ##[group]Fetching submodules
build-containers (ubuntu-latest, amd64)	Checkout	2026-06-30T06:14:16.7251188Z [command]/usr/bin/git submodule sync
build-containers (ubuntu-latest, amd64)	Checkout	2026-06-30T06:14:16.7545206Z [command]/usr/bin/git -c protocol.version=2 submodule update --init --force
build-containers (ubuntu-latest, amd64)	Checkout	2026-06-30T06:14:16.8740254Z [command]/usr/bin/git submodule foreach git config --local gc.auto 0
build-containers (ubuntu-latest, amd64)	Checkout	2026-06-30T06:14:16.8998099Z ##[endgroup]
build-containers (ubuntu-latest, amd64)	Checkout	2026-06-30T06:14:16.9000817Z ##[group]Persisting credentials for submodules
build-containers (ubuntu-latest, amd64)	Checkout	2026-06-30T06:14:16.9006516Z [command]/usr/bin/git submodule foreach --recursive sh -c "git config --local --name-only --get-regexp 'url\.https\:\/\/github\.com\/\.insteadOf' && git config --local --unset-all 'url.https://github.com/.insteadOf' || :"
build-containers (ubuntu-latest, amd64)	Checkout	2026-06-30T06:14:16.9255852Z [command]/usr/bin/git submodule foreach sh -c "git config --local 'http.https://github.com/.extraheader' 'AUTHORIZATION: basic ***' && git config --local --show-origin --name-only --get-regexp remote.origin.url"
build-containers (ubuntu-latest, amd64)	Checkout	2026-06-30T06:14:16.9492602Z [command]/usr/bin/git submodule foreach git config --local --add 'url.https://github.com/.insteadOf' 'git@github.com:'
build-containers (ubuntu-latest, amd64)	Checkout	2026-06-30T06:14:16.9746898Z [command]/usr/bin/git submodule foreach git config --local --add 'url.https://github.com/.insteadOf' 'org-200666680@github.com:'
build-containers (ubuntu-latest, amd64)	Checkout	2026-06-30T06:14:16.9980941Z ##[endgroup]
build-containers (ubuntu-latest, amd64)	Checkout	2026-06-30T06:14:17.0770703Z [command]/usr/bin/git log -1 --format=%H
build-containers (ubuntu-latest, amd64)	Checkout	2026-06-30T06:14:17.0803898Z d44cd3d655b04e5c1dce8fd00219e552fd70aa23
build-containers (ubuntu-latest, amd64)	Set up Docker Buildx	∩╗┐2026-06-30T06:14:17.1766100Z Node 20 is being deprecated. This workflow is running with Node 24 by default. If you need to temporarily use Node 20, you can set the ACTIONS_ALLOW_USE_UNSECURE_NODE_VERSION=true environment variable. For more information see: https://github.blog/changelog/2025-09-19-deprecation-of-node-20-on-github-actions-runners/
build-containers (ubuntu-latest, amd64)	Set up Docker Buildx	2026-06-30T06:14:17.1772387Z ##[group]Run docker/setup-buildx-action@v3
build-containers (ubuntu-latest, amd64)	Set up Docker Buildx	2026-06-30T06:14:17.1773604Z with:
build-containers (ubuntu-latest, amd64)	Set up Docker Buildx	2026-06-30T06:14:17.1774474Z   driver: docker-container
build-containers (ubuntu-latest, amd64)	Set up Docker Buildx	2026-06-30T06:14:17.1775492Z   use: true
build-containers (ubuntu-latest, amd64)	Set up Docker Buildx	2026-06-30T06:14:17.1776352Z   keep-state: false
build-containers (ubuntu-latest, amd64)	Set up Docker Buildx	2026-06-30T06:14:17.1777285Z   cache-binary: true
build-containers (ubuntu-latest, amd64)	Set up Docker Buildx	2026-06-30T06:14:17.1778226Z   cleanup: true
build-containers (ubuntu-latest, amd64)	Set up Docker Buildx	2026-06-30T06:14:17.1779117Z   install: false
build-containers (ubuntu-latest, amd64)	Set up Docker Buildx	2026-06-30T06:14:17.1780135Z ##[endgroup]
build-containers (ubuntu-latest, amd64)	Set up Docker Buildx	2026-06-30T06:14:17.4578910Z (node:2478) [DEP0040] DeprecationWarning: The `punycode` module is deprecated. Please use a userland alternative instead.
build-containers (ubuntu-latest, amd64)	Set up Docker Buildx	2026-06-30T06:14:17.4584231Z (Use `node --trace-deprecation ...` to show where the warning was created)
build-containers (ubuntu-latest, amd64)	Set up Docker Buildx	2026-06-30T06:14:17.4634279Z ##[group]Docker info
build-containers (ubuntu-latest, amd64)	Set up Docker Buildx	2026-06-30T06:14:17.4663117Z [command]/usr/bin/docker version
build-containers (ubuntu-latest, amd64)	Set up Docker Buildx	2026-06-30T06:14:17.5410317Z Client: Docker Engine - Community
build-containers (ubuntu-latest, amd64)	Set up Docker Buildx	2026-06-30T06:14:17.5412042Z  Version:           28.0.4
build-containers (ubuntu-latest, amd64)	Set up Docker Buildx	2026-06-30T06:14:17.5413114Z  API version:       1.48
build-containers (ubuntu-latest, amd64)	Set up Docker Buildx	2026-06-30T06:14:17.5414432Z  Go version:        go1.23.7
build-containers (ubuntu-latest, amd64)	Set up Docker Buildx	2026-06-30T06:14:17.5415776Z  Git commit:        b8034c0
build-containers (ubuntu-latest, amd64)	Set up Docker Buildx	2026-06-30T06:14:17.5416914Z  Built:             Tue Mar 25 15:07:16 2025
build-containers (ubuntu-latest, amd64)	Set up Docker Buildx	2026-06-30T06:14:17.5418412Z  OS/Arch:           linux/amd64
build-containers (ubuntu-latest, amd64)	Set up Docker Buildx	2026-06-30T06:14:17.5420308Z  Context:           default
build-containers (ubuntu-latest, amd64)	Set up Docker Buildx	2026-06-30T06:14:17.5421220Z 
build-containers (ubuntu-latest, amd64)	Set up Docker Buildx	2026-06-30T06:14:17.5421872Z Server: Docker Engine - Community
build-containers (ubuntu-latest, amd64)	Set up Docker Buildx	2026-06-30T06:14:17.5423427Z  Engine:
build-containers (ubuntu-latest, amd64)	Set up Docker Buildx	2026-06-30T06:14:17.5424595Z   Version:          28.0.4
build-containers (ubuntu-latest, amd64)	Set up Docker Buildx	2026-06-30T06:14:17.5426118Z   API version:      1.48 (minimum version 1.24)
build-containers (ubuntu-latest, amd64)	Set up Docker Buildx	2026-06-30T06:14:17.5427744Z   Go version:       go1.23.7
build-containers (ubuntu-latest, amd64)	Set up Docker Buildx	2026-06-30T06:14:17.5429583Z   Git commit:       6430e49
build-containers (ubuntu-latest, amd64)	Set up Docker Buildx	2026-06-30T06:14:17.5431124Z   Built:            Tue Mar 25 15:07:16 2025
build-containers (ubuntu-latest, amd64)	Set up Docker Buildx	2026-06-30T06:14:17.5432872Z   OS/Arch:          linux/amd64
build-containers (ubuntu-latest, amd64)	Set up Docker Buildx	2026-06-30T06:14:17.5434409Z   Experimental:     false
build-containers (ubuntu-latest, amd64)	Set up Docker Buildx	2026-06-30T06:14:17.5435812Z  containerd:
build-containers (ubuntu-latest, amd64)	Set up Docker Buildx	2026-06-30T06:14:17.5437033Z   Version:          v2.2.5
build-containers (ubuntu-latest, amd64)	Set up Docker Buildx	2026-06-30T06:14:17.5438759Z   GitCommit:        e53c7c1516c3b2bff98eb76f1f4117477e6f4e66
build-containers (ubuntu-latest, amd64)	Set up Docker Buildx	2026-06-30T06:14:17.5440957Z  runc:
build-containers (ubuntu-latest, amd64)	Set up Docker Buildx	2026-06-30T06:14:17.5442153Z   Version:          1.3.6
build-containers (ubuntu-latest, amd64)	Set up Docker Buildx	2026-06-30T06:14:17.5443551Z   GitCommit:        v1.3.6-0-g491b69ba
build-containers (ubuntu-latest, amd64)	Set up Docker Buildx	2026-06-30T06:14:17.5444952Z  docker-init:
build-containers (ubuntu-latest, amd64)	Set up Docker Buildx	2026-06-30T06:14:17.5445921Z   Version:          0.19.0
build-containers (ubuntu-latest, amd64)	Set up Docker Buildx	2026-06-30T06:14:17.5447305Z   GitCommit:        de40ad0
build-containers (ubuntu-latest, amd64)	Set up Docker Buildx	2026-06-30T06:14:17.5486851Z [command]/usr/bin/docker info
build-containers (ubuntu-latest, amd64)	Set up Docker Buildx	2026-06-30T06:14:17.8352100Z Client: Docker Engine - Community
build-containers (ubuntu-latest, amd64)	Set up Docker Buildx	2026-06-30T06:14:17.8353854Z  Version:    28.0.4
build-containers (ubuntu-latest, amd64)	Set up Docker Buildx	2026-06-30T06:14:17.8366491Z  Context:    default
build-containers (ubuntu-latest, amd64)	Set up Docker Buildx	2026-06-30T06:14:17.8367951Z  Debug Mode: false
build-containers (ubuntu-latest, amd64)	Set up Docker Buildx	2026-06-30T06:14:17.8370057Z  Plugins:
build-containers (ubuntu-latest, amd64)	Set up Docker Buildx	2026-06-30T06:14:17.8371327Z   buildx: Docker Buildx (Docker Inc.)
build-containers (ubuntu-latest, amd64)	Set up Docker Buildx	2026-06-30T06:14:17.8372918Z     Version:  v0.35.0
build-containers (ubuntu-latest, amd64)	Set up Docker Buildx	2026-06-30T06:14:17.8374499Z     Path:     /usr/libexec/docker/cli-plugins/docker-buildx
build-containers (ubuntu-latest, amd64)	Set up Docker Buildx	2026-06-30T06:14:17.8376473Z   compose: Docker Compose (Docker Inc.)
build-containers (ubuntu-latest, amd64)	Set up Docker Buildx	2026-06-30T06:14:17.8378098Z     Version:  v2.38.2
build-containers (ubuntu-latest, amd64)	Set up Docker Buildx	2026-06-30T06:14:17.8380039Z     Path:     /usr/libexec/docker/cli-plugins/docker-compose
build-containers (ubuntu-latest, amd64)	Set up Docker Buildx	2026-06-30T06:14:17.8381503Z 
build-containers (ubuntu-latest, amd64)	Set up Docker Buildx	2026-06-30T06:14:17.8381900Z Server:
build-containers (ubuntu-latest, amd64)	Set up Docker Buildx	2026-06-30T06:14:17.8382878Z  Containers: 0
build-containers (ubuntu-latest, amd64)	Set up Docker Buildx	2026-06-30T06:14:17.8383760Z   Running: 0
build-containers (ubuntu-latest, amd64)	Set up Docker Buildx	2026-06-30T06:14:17.8384750Z   Paused: 0
build-containers (ubuntu-latest, amd64)	Set up Docker Buildx	2026-06-30T06:14:17.8385649Z   Stopped: 0
build-containers (ubuntu-latest, amd64)	Set up Docker Buildx	2026-06-30T06:14:17.8386503Z  Images: 6
build-containers (ubuntu-latest, amd64)	Set up Docker Buildx	2026-06-30T06:14:17.8387471Z  Server Version: 28.0.4
build-containers (ubuntu-latest, amd64)	Set up Docker Buildx	2026-06-30T06:14:17.8388693Z  Storage Driver: overlay2
build-containers (ubuntu-latest, amd64)	Set up Docker Buildx	2026-06-30T06:14:17.8390127Z   Backing Filesystem: extfs
build-containers (ubuntu-latest, amd64)	Set up Docker Buildx	2026-06-30T06:14:17.8391479Z   Supports d_type: true
build-containers (ubuntu-latest, amd64)	Set up Docker Buildx	2026-06-30T06:14:17.8392476Z   Using metacopy: false
build-containers (ubuntu-latest, amd64)	Set up Docker Buildx	2026-06-30T06:14:17.8393492Z   Native Overlay Diff: false
build-containers (ubuntu-latest, amd64)	Set up Docker Buildx	2026-06-30T06:14:17.8394537Z   userxattr: false
build-containers (ubuntu-latest, amd64)	Set up Docker Buildx	2026-06-30T06:14:17.8395599Z  Logging Driver: json-file
build-containers (ubuntu-latest, amd64)	Set up Docker Buildx	2026-06-30T06:14:17.8397102Z  Cgroup Driver: systemd
build-containers (ubuntu-latest, amd64)	Set up Docker Buildx	2026-06-30T06:14:17.8398159Z  Cgroup Version: 2
build-containers (ubuntu-latest, amd64)	Set up Docker Buildx	2026-06-30T06:14:17.8399056Z  Plugins:
build-containers (ubuntu-latest, amd64)	Set up Docker Buildx	2026-06-30T06:14:17.8400303Z   Volume: local
build-containers (ubuntu-latest, amd64)	Set up Docker Buildx	2026-06-30T06:14:17.8401529Z   Network: bridge host ipvlan macvlan null overlay
build-containers (ubuntu-latest, amd64)	Set up Docker Buildx	2026-06-30T06:14:17.8403223Z   Log: awslogs fluentd gcplogs gelf journald json-file local splunk syslog
build-containers (ubuntu-latest, amd64)	Set up Docker Buildx	2026-06-30T06:14:17.8404787Z  Swarm: inactive
build-containers (ubuntu-latest, amd64)	Set up Docker Buildx	2026-06-30T06:14:17.8405739Z  Runtimes: io.containerd.runc.v2 runc
build-containers (ubuntu-latest, amd64)	Set up Docker Buildx	2026-06-30T06:14:17.8406906Z  Default Runtime: runc
build-containers (ubuntu-latest, amd64)	Set up Docker Buildx	2026-06-30T06:14:17.8408064Z  Init Binary: docker-init
build-containers (ubuntu-latest, amd64)	Set up Docker Buildx	2026-06-30T06:14:17.8409912Z  containerd version: e53c7c1516c3b2bff98eb76f1f4117477e6f4e66
build-containers (ubuntu-latest, amd64)	Set up Docker Buildx	2026-06-30T06:14:17.8411363Z  runc version: v1.3.6-0-g491b69ba
build-containers (ubuntu-latest, amd64)	Set up Docker Buildx	2026-06-30T06:14:17.8412453Z  init version: de40ad0
build-containers (ubuntu-latest, amd64)	Set up Docker Buildx	2026-06-30T06:14:17.8413418Z  Security Options:
build-containers (ubuntu-latest, amd64)	Set up Docker Buildx	2026-06-30T06:14:17.8414312Z   apparmor
build-containers (ubuntu-latest, amd64)	Set up Docker Buildx	2026-06-30T06:14:17.8415571Z   seccomp
build-containers (ubuntu-latest, amd64)	Set up Docker Buildx	2026-06-30T06:14:17.8417164Z    Profile: builtin
build-containers (ubuntu-latest, amd64)	Set up Docker Buildx	2026-06-30T06:14:17.8418374Z   cgroupns
build-containers (ubuntu-latest, amd64)	Set up Docker Buildx	2026-06-30T06:14:17.8419810Z  Kernel Version: 6.17.0-1018-azure
build-containers (ubuntu-latest, amd64)	Set up Docker Buildx	2026-06-30T06:14:17.8420956Z  Operating System: Ubuntu 24.04.4 LTS
build-containers (ubuntu-latest, amd64)	Set up Docker Buildx	2026-06-30T06:14:17.8422072Z  OSType: linux
build-containers (ubuntu-latest, amd64)	Set up Docker Buildx	2026-06-30T06:14:17.8422953Z  Architecture: x86_64
build-containers (ubuntu-latest, amd64)	Set up Docker Buildx	2026-06-30T06:14:17.8423871Z  CPUs: 4
build-containers (ubuntu-latest, amd64)	Set up Docker Buildx	2026-06-30T06:14:17.8424709Z  Total Memory: 15.61GiB
build-containers (ubuntu-latest, amd64)	Set up Docker Buildx	2026-06-30T06:14:17.8425671Z  Name: runnervmmklqx
build-containers (ubuntu-latest, amd64)	Set up Docker Buildx	2026-06-30T06:14:17.8426669Z  ID: f2d2c484-93e9-43a1-aea9-ebee539c4962
build-containers (ubuntu-latest, amd64)	Set up Docker Buildx	2026-06-30T06:14:17.8428355Z  Docker Root Dir: /var/lib/docker
build-containers (ubuntu-latest, amd64)	Set up Docker Buildx	2026-06-30T06:14:17.8429872Z  Debug Mode: false
build-containers (ubuntu-latest, amd64)	Set up Docker Buildx	2026-06-30T06:14:17.8431047Z  Username: githubactions
build-containers (ubuntu-latest, amd64)	Set up Docker Buildx	2026-06-30T06:14:17.8432053Z  Experimental: false
build-containers (ubuntu-latest, amd64)	Set up Docker Buildx	2026-06-30T06:14:17.8433000Z  Insecure Registries:
build-containers (ubuntu-latest, amd64)	Set up Docker Buildx	2026-06-30T06:14:17.8438629Z   ::1/128
build-containers (ubuntu-latest, amd64)	Set up Docker Buildx	2026-06-30T06:14:17.8439801Z   127.0.0.0/8
build-containers (ubuntu-latest, amd64)	Set up Docker Buildx	2026-06-30T06:14:17.8440729Z  Live Restore Enabled: false
build-containers (ubuntu-latest, amd64)	Set up Docker Buildx	2026-06-30T06:14:17.8441406Z 
build-containers (ubuntu-latest, amd64)	Set up Docker Buildx	2026-06-30T06:14:17.8442955Z ##[endgroup]
build-containers (ubuntu-latest, amd64)	Set up Docker Buildx	2026-06-30T06:14:17.9508438Z ##[group]Buildx version
build-containers (ubuntu-latest, amd64)	Set up Docker Buildx	2026-06-30T06:14:17.9533712Z [command]/usr/bin/docker buildx version
build-containers (ubuntu-latest, amd64)	Set up Docker Buildx	2026-06-30T06:14:18.0209817Z github.com/docker/buildx v0.35.0 a319e5b15052cf6557ceb666eb8ff6e32380b782
build-containers (ubuntu-latest, amd64)	Set up Docker Buildx	2026-06-30T06:14:18.0250746Z ##[endgroup]
build-containers (ubuntu-latest, amd64)	Set up Docker Buildx	2026-06-30T06:14:18.0410101Z ##[group]Inspecting default docker context
build-containers (ubuntu-latest, amd64)	Set up Docker Buildx	2026-06-30T06:14:18.0595454Z [
build-containers (ubuntu-latest, amd64)	Set up Docker Buildx	2026-06-30T06:14:18.0596704Z   {
build-containers (ubuntu-latest, amd64)	Set up Docker Buildx	2026-06-30T06:14:18.0597845Z     "Name": "default",
build-containers (ubuntu-latest, amd64)	Set up Docker Buildx	2026-06-30T06:14:18.0599402Z     "Metadata": {},
build-containers (ubuntu-latest, amd64)	Set up Docker Buildx	2026-06-30T06:14:18.0600838Z     "Endpoints": {
build-containers (ubuntu-latest, amd64)	Set up Docker Buildx	2026-06-30T06:14:18.0602154Z       "docker": {
build-containers (ubuntu-latest, amd64)	Set up Docker Buildx	2026-06-30T06:14:18.0603595Z         "Host": "unix:///var/run/docker.sock",
build-containers (ubuntu-latest, amd64)	Set up Docker Buildx	2026-06-30T06:14:18.0605468Z         "SkipTLSVerify": false
build-containers (ubuntu-latest, amd64)	Set up Docker Buildx	2026-06-30T06:14:18.0607012Z       }
build-containers (ubuntu-latest, amd64)	Set up Docker Buildx	2026-06-30T06:14:18.0608177Z     },
build-containers (ubuntu-latest, amd64)	Set up Docker Buildx	2026-06-30T06:14:18.0609560Z     "TLSMaterial": {},
build-containers (ubuntu-latest, amd64)	Set up Docker Buildx	2026-06-30T06:14:18.0610917Z     "Storage": {
build-containers (ubuntu-latest, amd64)	Set up Docker Buildx	2026-06-30T06:14:18.0612278Z       "MetadataPath": "<IN MEMORY>",
build-containers (ubuntu-latest, amd64)	Set up Docker Buildx	2026-06-30T06:14:18.0613993Z       "TLSPath": "<IN MEMORY>"
build-containers (ubuntu-latest, amd64)	Set up Docker Buildx	2026-06-30T06:14:18.0615563Z     }
build-containers (ubuntu-latest, amd64)	Set up Docker Buildx	2026-06-30T06:14:18.0616708Z   }
build-containers (ubuntu-latest, amd64)	Set up Docker Buildx	2026-06-30T06:14:18.0617834Z ]
build-containers (ubuntu-latest, amd64)	Set up Docker Buildx	2026-06-30T06:14:18.0620578Z ##[endgroup]
build-containers (ubuntu-latest, amd64)	Set up Docker Buildx	2026-06-30T06:14:18.0622777Z ##[group]Creating a new builder instance
build-containers (ubuntu-latest, amd64)	Set up Docker Buildx	2026-06-30T06:14:18.1877191Z [command]/usr/bin/docker buildx create --name builder-a91ad41a-5790-4d6f-9df4-f2ab119678dc --driver docker-container --buildkitd-flags --allow-insecure-entitlement security.insecure --allow-insecure-entitlement network.host --use
build-containers (ubuntu-latest, amd64)	Set up Docker Buildx	2026-06-30T06:14:18.2817643Z builder-a91ad41a-5790-4d6f-9df4-f2ab119678dc
build-containers (ubuntu-latest, amd64)	Set up Docker Buildx	2026-06-30T06:14:18.2855463Z ##[endgroup]
build-containers (ubuntu-latest, amd64)	Set up Docker Buildx	2026-06-30T06:14:18.2856560Z ##[group]Booting builder
build-containers (ubuntu-latest, amd64)	Set up Docker Buildx	2026-06-30T06:14:18.2896395Z [command]/usr/bin/docker buildx inspect --bootstrap --builder builder-a91ad41a-5790-4d6f-9df4-f2ab119678dc
build-containers (ubuntu-latest, amd64)	Set up Docker Buildx	2026-06-30T06:14:18.3505636Z #1 [internal] booting buildkit
build-containers (ubuntu-latest, amd64)	Set up Docker Buildx	2026-06-30T06:14:18.5013749Z #1 pulling image moby/buildkit:buildx-stable-1
build-containers (ubuntu-latest, amd64)	Set up Docker Buildx	2026-06-30T06:14:21.1490962Z #1 pulling image moby/buildkit:buildx-stable-1 2.8s done
build-containers (ubuntu-latest, amd64)	Set up Docker Buildx	2026-06-30T06:14:21.3012794Z #1 creating container buildx_buildkit_builder-a91ad41a-5790-4d6f-9df4-f2ab119678dc0
build-containers (ubuntu-latest, amd64)	Set up Docker Buildx	2026-06-30T06:14:21.3850230Z #1 creating container buildx_buildkit_builder-a91ad41a-5790-4d6f-9df4-f2ab119678dc0 0.2s done
build-containers (ubuntu-latest, amd64)	Set up Docker Buildx	2026-06-30T06:14:21.3868967Z #1 DONE 3.0s
build-containers (ubuntu-latest, amd64)	Set up Docker Buildx	2026-06-30T06:14:21.4312441Z Name:          builder-a91ad41a-5790-4d6f-9df4-f2ab119678dc
build-containers (ubuntu-latest, amd64)	Set up Docker Buildx	2026-06-30T06:14:21.4313086Z Driver:        docker-container
build-containers (ubuntu-latest, amd64)	Set up Docker Buildx	2026-06-30T06:14:21.4313404Z Last Activity: 2026-06-30 06:14:18 +0000 UTC
build-containers (ubuntu-latest, amd64)	Set up Docker Buildx	2026-06-30T06:14:21.4314164Z 
build-containers (ubuntu-latest, amd64)	Set up Docker Buildx	2026-06-30T06:14:21.4320646Z Nodes:
build-containers (ubuntu-latest, amd64)	Set up Docker Buildx	2026-06-30T06:14:21.4321349Z Name:                  builder-a91ad41a-5790-4d6f-9df4-f2ab119678dc0
build-containers (ubuntu-latest, amd64)	Set up Docker Buildx	2026-06-30T06:14:21.4321826Z Endpoint:              unix:///var/run/docker.sock
build-containers (ubuntu-latest, amd64)	Set up Docker Buildx	2026-06-30T06:14:21.4322175Z Status:                running
build-containers (ubuntu-latest, amd64)	Set up Docker Buildx	2026-06-30T06:14:21.4322721Z BuildKit daemon flags: --allow-insecure-entitlement security.insecure --allow-insecure-entitlement network.host
build-containers (ubuntu-latest, amd64)	Set up Docker Buildx	2026-06-30T06:14:21.4323296Z BuildKit version:      v0.30.0
build-containers (ubuntu-latest, amd64)	Set up Docker Buildx	2026-06-30T06:14:21.4323691Z Platforms:             linux/amd64, linux/amd64/v2, linux/amd64/v3, linux/386
build-containers (ubuntu-latest, amd64)	Set up Docker Buildx	2026-06-30T06:14:21.4324053Z Labels:
build-containers (ubuntu-latest, amd64)	Set up Docker Buildx	2026-06-30T06:14:21.4324335Z  org.mobyproject.buildkit.worker.executor:         oci
build-containers (ubuntu-latest, amd64)	Set up Docker Buildx	2026-06-30T06:14:21.4324757Z  org.mobyproject.buildkit.worker.hostname:         9b700ead389a
build-containers (ubuntu-latest, amd64)	Set up Docker Buildx	2026-06-30T06:14:21.4325166Z  org.mobyproject.buildkit.worker.network:          host
build-containers (ubuntu-latest, amd64)	Set up Docker Buildx	2026-06-30T06:14:21.4325574Z  org.mobyproject.buildkit.worker.oci.process-mode: sandbox
build-containers (ubuntu-latest, amd64)	Set up Docker Buildx	2026-06-30T06:14:21.4326051Z  org.mobyproject.buildkit.worker.selinux.enabled:  false
build-containers (ubuntu-latest, amd64)	Set up Docker Buildx	2026-06-30T06:14:21.4326473Z  org.mobyproject.buildkit.worker.snapshotter:      overlayfs
build-containers (ubuntu-latest, amd64)	Set up Docker Buildx	2026-06-30T06:14:21.4326818Z GC Policy rule#0:
build-containers (ubuntu-latest, amd64)	Set up Docker Buildx	2026-06-30T06:14:21.4327090Z  All:            false
build-containers (ubuntu-latest, amd64)	Set up Docker Buildx	2026-06-30T06:14:21.4327455Z  Filters:        type==source.local,type==exec.cachemount,type==source.git.checkout
build-containers (ubuntu-latest, amd64)	Set up Docker Buildx	2026-06-30T06:14:21.4327901Z  Keep Duration:  48h0m0s
build-containers (ubuntu-latest, amd64)	Set up Docker Buildx	2026-06-30T06:14:21.4328138Z  Max Used Space: 488.3MiB
build-containers (ubuntu-latest, amd64)	Set up Docker Buildx	2026-06-30T06:14:21.4328368Z GC Policy rule#1:
build-containers (ubuntu-latest, amd64)	Set up Docker Buildx	2026-06-30T06:14:21.4328969Z  All:            false
build-containers (ubuntu-latest, amd64)	Set up Docker Buildx	2026-06-30T06:14:21.4329445Z  Keep Duration:  1440h0m0s
build-containers (ubuntu-latest, amd64)	Set up Docker Buildx	2026-06-30T06:14:21.4329758Z  Reserved Space: 9.313GiB
build-containers (ubuntu-latest, amd64)	Set up Docker Buildx	2026-06-30T06:14:21.4329980Z  Max Used Space: 93.13GiB
build-containers (ubuntu-latest, amd64)	Set up Docker Buildx	2026-06-30T06:14:21.4330204Z  Min Free Space: 27.01GiB
build-containers (ubuntu-latest, amd64)	Set up Docker Buildx	2026-06-30T06:14:21.4330419Z GC Policy rule#2:
build-containers (ubuntu-latest, amd64)	Set up Docker Buildx	2026-06-30T06:14:21.4330618Z  All:            false
build-containers (ubuntu-latest, amd64)	Set up Docker Buildx	2026-06-30T06:14:21.4330830Z  Reserved Space: 9.313GiB
build-containers (ubuntu-latest, amd64)	Set up Docker Buildx	2026-06-30T06:14:21.4331062Z  Max Used Space: 93.13GiB
build-containers (ubuntu-latest, amd64)	Set up Docker Buildx	2026-06-30T06:14:21.4331281Z  Min Free Space: 27.01GiB
build-containers (ubuntu-latest, amd64)	Set up Docker Buildx	2026-06-30T06:14:21.4331496Z GC Policy rule#3:
build-containers (ubuntu-latest, amd64)	Set up Docker Buildx	2026-06-30T06:14:21.4331697Z  All:            true
build-containers (ubuntu-latest, amd64)	Set up Docker Buildx	2026-06-30T06:14:21.4331913Z  Reserved Space: 9.313GiB
build-containers (ubuntu-latest, amd64)	Set up Docker Buildx	2026-06-30T06:14:21.4332135Z  Max Used Space: 93.13GiB
build-containers (ubuntu-latest, amd64)	Set up Docker Buildx	2026-06-30T06:14:21.4332355Z  Min Free Space: 27.01GiB
build-containers (ubuntu-latest, amd64)	Set up Docker Buildx	2026-06-30T06:14:21.4388900Z ##[endgroup]
build-containers (ubuntu-latest, amd64)	Set up Docker Buildx	2026-06-30T06:14:21.5451003Z ##[group]Inspect builder
build-containers (ubuntu-latest, amd64)	Set up Docker Buildx	2026-06-30T06:14:21.5452248Z {
build-containers (ubuntu-latest, amd64)	Set up Docker Buildx	2026-06-30T06:14:21.5452705Z   "nodes": [
build-containers (ubuntu-latest, amd64)	Set up Docker Buildx	2026-06-30T06:14:21.5453025Z     {
build-containers (ubuntu-latest, amd64)	Set up Docker Buildx	2026-06-30T06:14:21.5453593Z       "name": "builder-a91ad41a-5790-4d6f-9df4-f2ab119678dc0",
build-containers (ubuntu-latest, amd64)	Set up Docker Buildx	2026-06-30T06:14:21.5454318Z       "endpoint": "unix:///var/run/docker.sock",
build-containers (ubuntu-latest, amd64)	Set up Docker Buildx	2026-06-30T06:14:21.5454963Z       "status": "running",
build-containers (ubuntu-latest, amd64)	Set up Docker Buildx	2026-06-30T06:14:21.5455951Z       "buildkitd-flags": "--allow-insecure-entitlement security.insecure --allow-insecure-entitlement network.host",
build-containers (ubuntu-latest, amd64)	Set up Docker Buildx	2026-06-30T06:14:21.5457027Z       "buildkit": "v0.30.0",
build-containers (ubuntu-latest, amd64)	Set up Docker Buildx	2026-06-30T06:14:21.5457799Z       "platforms": "linux/amd64,linux/amd64/v2,linux/amd64/v3,linux/386",
build-containers (ubuntu-latest, amd64)	Set up Docker Buildx	2026-06-30T06:14:21.5458682Z       "features": {
build-containers (ubuntu-latest, amd64)	Set up Docker Buildx	2026-06-30T06:14:21.5459563Z         "Automatically load images to the Docker Engine image store": true,
build-containers (ubuntu-latest, amd64)	Set up Docker Buildx	2026-06-30T06:14:21.5460225Z         "Cache export": true,
build-containers (ubuntu-latest, amd64)	Set up Docker Buildx	2026-06-30T06:14:21.5460637Z         "Direct push": true,
build-containers (ubuntu-latest, amd64)	Set up Docker Buildx	2026-06-30T06:14:21.5461051Z         "Docker exporter": true,
build-containers (ubuntu-latest, amd64)	Set up Docker Buildx	2026-06-30T06:14:21.5461457Z         "Multi-platform build": true,
build-containers (ubuntu-latest, amd64)	Set up Docker Buildx	2026-06-30T06:14:21.5461861Z         "OCI exporter": true
build-containers (ubuntu-latest, amd64)	Set up Docker Buildx	2026-06-30T06:14:21.5462212Z       },
build-containers (ubuntu-latest, amd64)	Set up Docker Buildx	2026-06-30T06:14:21.5462539Z       "labels": {
build-containers (ubuntu-latest, amd64)	Set up Docker Buildx	2026-06-30T06:14:21.5462968Z         "org.mobyproject.buildkit.worker.executor": "oci",
build-containers (ubuntu-latest, amd64)	Set up Docker Buildx	2026-06-30T06:14:21.5464023Z         "org.mobyproject.buildkit.worker.hostname": "9b700ead389a",
build-containers (ubuntu-latest, amd64)	Set up Docker Buildx	2026-06-30T06:14:21.5464686Z         "org.mobyproject.buildkit.worker.network": "host",
build-containers (ubuntu-latest, amd64)	Set up Docker Buildx	2026-06-30T06:14:21.5465327Z         "org.mobyproject.buildkit.worker.oci.process-mode": "sandbox",
build-containers (ubuntu-latest, amd64)	Set up Docker Buildx	2026-06-30T06:14:21.5466104Z         "org.mobyproject.buildkit.worker.selinux.enabled": "false",
build-containers (ubuntu-latest, amd64)	Set up Docker Buildx	2026-06-30T06:14:21.5466826Z         "org.mobyproject.buildkit.worker.snapshotter": "overlayfs"
build-containers (ubuntu-latest, amd64)	Set up Docker Buildx	2026-06-30T06:14:21.5467482Z       },
build-containers (ubuntu-latest, amd64)	Set up Docker Buildx	2026-06-30T06:14:21.5467832Z       "gcPolicy": [
build-containers (ubuntu-latest, amd64)	Set up Docker Buildx	2026-06-30T06:14:21.5468191Z         {
build-containers (ubuntu-latest, amd64)	Set up Docker Buildx	2026-06-30T06:14:21.5468834Z           "all": false,
build-containers (ubuntu-latest, amd64)	Set up Docker Buildx	2026-06-30T06:14:21.5470122Z           "filter": [
build-containers (ubuntu-latest, amd64)	Set up Docker Buildx	2026-06-30T06:14:21.5470547Z             "type==source.local",
build-containers (ubuntu-latest, amd64)	Set up Docker Buildx	2026-06-30T06:14:21.5471273Z             "type==exec.cachemount",
build-containers (ubuntu-latest, amd64)	Set up Docker Buildx	2026-06-30T06:14:21.5472021Z             "type==source.git.checkout"
build-containers (ubuntu-latest, amd64)	Set up Docker Buildx	2026-06-30T06:14:21.5472579Z           ],
build-containers (ubuntu-latest, amd64)	Set up Docker Buildx	2026-06-30T06:14:21.5472907Z           "keepDuration": "48h0m0s",
build-containers (ubuntu-latest, amd64)	Set up Docker Buildx	2026-06-30T06:14:21.5473328Z           "maxUsedSpace": "488.3MiB"
build-containers (ubuntu-latest, amd64)	Set up Docker Buildx	2026-06-30T06:14:21.5473704Z         },
build-containers (ubuntu-latest, amd64)	Set up Docker Buildx	2026-06-30T06:14:21.5473992Z         {
build-containers (ubuntu-latest, amd64)	Set up Docker Buildx	2026-06-30T06:14:21.5474301Z           "all": false,
build-containers (ubuntu-latest, amd64)	Set up Docker Buildx	2026-06-30T06:14:21.5474770Z           "keepDuration": "1440h0m0s",
build-containers (ubuntu-latest, amd64)	Set up Docker Buildx	2026-06-30T06:14:21.5475271Z           "reservedSpace": "9.313GiB",
build-containers (ubuntu-latest, amd64)	Set up Docker Buildx	2026-06-30T06:14:21.5475737Z           "maxUsedSpace": "93.13GiB",
build-containers (ubuntu-latest, amd64)	Set up Docker Buildx	2026-06-30T06:14:21.5476227Z           "minFreeSpace": "27.01GiB"
build-containers (ubuntu-latest, amd64)	Set up Docker Buildx	2026-06-30T06:14:21.5476646Z         },
build-containers (ubuntu-latest, amd64)	Set up Docker Buildx	2026-06-30T06:14:21.5476985Z         {
build-containers (ubuntu-latest, amd64)	Set up Docker Buildx	2026-06-30T06:14:21.5477312Z           "all": false,
build-containers (ubuntu-latest, amd64)	Set up Docker Buildx	2026-06-30T06:14:21.5477703Z           "reservedSpace": "9.313GiB",
build-containers (ubuntu-latest, amd64)	Set up Docker Buildx	2026-06-30T06:14:21.5478164Z           "maxUsedSpace": "93.13GiB",
build-containers (ubuntu-latest, amd64)	Set up Docker Buildx	2026-06-30T06:14:21.5478589Z           "minFreeSpace": "27.01GiB"
build-containers (ubuntu-latest, amd64)	Set up Docker Buildx	2026-06-30T06:14:21.5479020Z         },
build-containers (ubuntu-latest, amd64)	Set up Docker Buildx	2026-06-30T06:14:21.5479591Z         {
build-containers (ubuntu-latest, amd64)	Set up Docker Buildx	2026-06-30T06:14:21.5479902Z           "all": true,
build-containers (ubuntu-latest, amd64)	Set up Docker Buildx	2026-06-30T06:14:21.5480595Z           "reservedSpace": "9.313GiB",
build-containers (ubuntu-latest, amd64)	Set up Docker Buildx	2026-06-30T06:14:21.5481099Z           "maxUsedSpace": "93.13GiB",
build-containers (ubuntu-latest, amd64)	Set up Docker Buildx	2026-06-30T06:14:21.5481586Z           "minFreeSpace": "27.01GiB"
build-containers (ubuntu-latest, amd64)	Set up Docker Buildx	2026-06-30T06:14:21.5482049Z         }
build-containers (ubuntu-latest, amd64)	Set up Docker Buildx	2026-06-30T06:14:21.5482367Z       ]
build-containers (ubuntu-latest, amd64)	Set up Docker Buildx	2026-06-30T06:14:21.5482662Z     }
build-containers (ubuntu-latest, amd64)	Set up Docker Buildx	2026-06-30T06:14:21.5483027Z   ],
build-containers (ubuntu-latest, amd64)	Set up Docker Buildx	2026-06-30T06:14:21.5483503Z   "name": "builder-a91ad41a-5790-4d6f-9df4-f2ab119678dc",
build-containers (ubuntu-latest, amd64)	Set up Docker Buildx	2026-06-30T06:14:21.5484096Z   "driver": "docker-container",
build-containers (ubuntu-latest, amd64)	Set up Docker Buildx	2026-06-30T06:14:21.5484556Z   "lastActivity": "2026-06-30T06:14:18.000Z"
build-containers (ubuntu-latest, amd64)	Set up Docker Buildx	2026-06-30T06:14:21.5485045Z }
build-containers (ubuntu-latest, amd64)	Set up Docker Buildx	2026-06-30T06:14:21.5485714Z ##[endgroup]
build-containers (ubuntu-latest, amd64)	Set up Docker Buildx	2026-06-30T06:14:21.5486332Z ##[group]BuildKit version
build-containers (ubuntu-latest, amd64)	Set up Docker Buildx	2026-06-30T06:14:21.5486841Z builder-a91ad41a-5790-4d6f-9df4-f2ab119678dc0: v0.30.0
build-containers (ubuntu-latest, amd64)	Set up Docker Buildx	2026-06-30T06:14:21.5487659Z ##[endgroup]
build-containers (ubuntu-latest, amd64)	Login to ghcr	∩╗┐2026-06-30T06:14:21.5638018Z Node 20 is being deprecated. This workflow is running with Node 24 by default. If you need to temporarily use Node 20, you can set the ACTIONS_ALLOW_USE_UNSECURE_NODE_VERSION=true environment variable. For more information see: https://github.blog/changelog/2025-09-19-deprecation-of-node-20-on-github-actions-runners/
build-containers (ubuntu-latest, amd64)	Login to ghcr	2026-06-30T06:14:21.5639587Z ##[group]Run docker/login-action@v3
build-containers (ubuntu-latest, amd64)	Login to ghcr	2026-06-30T06:14:21.5639946Z with:
build-containers (ubuntu-latest, amd64)	Login to ghcr	2026-06-30T06:14:21.5640149Z   registry: ghcr.io
build-containers (ubuntu-latest, amd64)	Login to ghcr	2026-06-30T06:14:21.5640370Z   username: appswifts
build-containers (ubuntu-latest, amd64)	Login to ghcr	2026-06-30T06:14:21.5643682Z   password: ***
build-containers (ubuntu-latest, amd64)	Login to ghcr	2026-06-30T06:14:21.5643936Z   logout: true
build-containers (ubuntu-latest, amd64)	Login to ghcr	2026-06-30T06:14:21.5644147Z ##[endgroup]
build-containers (ubuntu-latest, amd64)	Login to ghcr	2026-06-30T06:14:21.8815496Z Logging into ghcr.io...
build-containers (ubuntu-latest, amd64)	Login to ghcr	2026-06-30T06:14:21.8838241Z (node:2963) [DEP0040] DeprecationWarning: The `punycode` module is deprecated. Please use a userland alternative instead.
build-containers (ubuntu-latest, amd64)	Login to ghcr	2026-06-30T06:14:21.8839308Z (Use `node --trace-deprecation ...` to show where the warning was created)
build-containers (ubuntu-latest, amd64)	Login to ghcr	2026-06-30T06:14:22.0821192Z Login Succeeded!
build-containers (ubuntu-latest, amd64)	Build and Push Image	∩╗┐2026-06-30T06:14:22.1004328Z ##[group]Run docker buildx build --platform linux/amd64 \
build-containers (ubuntu-latest, amd64)	Build and Push Image	2026-06-30T06:14:22.1004831Z [36;1mdocker buildx build --platform linux/amd64 \[0m
build-containers (ubuntu-latest, amd64)	Build and Push Image	2026-06-30T06:14:22.1005198Z [36;1m  -f Dockerfile.dev \[0m
build-containers (ubuntu-latest, amd64)	Build and Push Image	2026-06-30T06:14:22.1005518Z [36;1m  -t ghcr.io/appswifts/swiftsai-app:latest \[0m
build-containers (ubuntu-latest, amd64)	Build and Push Image	2026-06-30T06:14:22.1005847Z [36;1m  --pull \[0m
build-containers (ubuntu-latest, amd64)	Build and Push Image	2026-06-30T06:14:22.1006082Z [36;1m  --no-cache \[0m
build-containers (ubuntu-latest, amd64)	Build and Push Image	2026-06-30T06:14:22.1006346Z [36;1m  --provenance=false --sbom=false \[0m
build-containers (ubuntu-latest, amd64)	Build and Push Image	2026-06-30T06:14:22.1006772Z [36;1m  --output "type=registry,name=ghcr.io/appswifts/swiftsai-app:latest" .[0m
build-containers (ubuntu-latest, amd64)	Build and Push Image	2026-06-30T06:14:22.1130113Z shell: /usr/bin/bash -e {0}
build-containers (ubuntu-latest, amd64)	Build and Push Image	2026-06-30T06:14:22.1130399Z env:
build-containers (ubuntu-latest, amd64)	Build and Push Image	2026-06-30T06:14:22.1130605Z   CONTAINERVER: latest
build-containers (ubuntu-latest, amd64)	Build and Push Image	2026-06-30T06:14:22.1130844Z ##[endgroup]
build-containers (ubuntu-latest, amd64)	Build and Push Image	2026-06-30T06:14:22.4851520Z #0 building with "builder-a91ad41a-5790-4d6f-9df4-f2ab119678dc" instance using docker-container driver
build-containers (ubuntu-latest, amd64)	Build and Push Image	2026-06-30T06:14:22.4852471Z 
build-containers (ubuntu-latest, amd64)	Build and Push Image	2026-06-30T06:14:22.4853070Z #1 [internal] load build definition from Dockerfile.dev
build-containers (ubuntu-latest, amd64)	Build and Push Image	2026-06-30T06:14:22.4853807Z #1 transferring dockerfile: 752B 0.0s done
build-containers (ubuntu-latest, amd64)	Build and Push Image	2026-06-30T06:14:22.4854229Z #1 DONE 0.0s
build-containers (ubuntu-latest, amd64)	Build and Push Image	2026-06-30T06:14:22.4854389Z 
build-containers (ubuntu-latest, amd64)	Build and Push Image	2026-06-30T06:14:22.4854659Z #2 [auth] library/node:pull token for registry-1.docker.io
build-containers (ubuntu-latest, amd64)	Build and Push Image	2026-06-30T06:14:22.4855187Z #2 DONE 0.0s
build-containers (ubuntu-latest, amd64)	Build and Push Image	2026-06-30T06:14:22.4855355Z 
build-containers (ubuntu-latest, amd64)	Build and Push Image	2026-06-30T06:14:22.4855679Z #3 [internal] load metadata for docker.io/library/node:22.20-bookworm-slim
build-containers (ubuntu-latest, amd64)	Build and Push Image	2026-06-30T06:14:22.7334633Z #3 DONE 0.4s
build-containers (ubuntu-latest, amd64)	Build and Push Image	2026-06-30T06:14:22.8844092Z 
build-containers (ubuntu-latest, amd64)	Build and Push Image	2026-06-30T06:14:22.8844987Z #4 [internal] load .dockerignore
build-containers (ubuntu-latest, amd64)	Build and Push Image	2026-06-30T06:14:22.8845896Z #4 transferring context: 500B done
build-containers (ubuntu-latest, amd64)	Build and Push Image	2026-06-30T06:14:22.8846468Z #4 DONE 0.0s
build-containers (ubuntu-latest, amd64)	Build and Push Image	2026-06-30T06:14:22.8846694Z 
build-containers (ubuntu-latest, amd64)	Build and Push Image	2026-06-30T06:14:22.8865861Z #5 [1/9] FROM docker.io/library/node:22.20-bookworm-slim@sha256:b21fe589dfbe5cc39365d0544b9be3f1f33f55f3c86c87a76ff65a02f8f5848e
build-containers (ubuntu-latest, amd64)	Build and Push Image	2026-06-30T06:14:22.8867357Z #5 resolve docker.io/library/node:22.20-bookworm-slim@sha256:b21fe589dfbe5cc39365d0544b9be3f1f33f55f3c86c87a76ff65a02f8f5848e done
build-containers (ubuntu-latest, amd64)	Build and Push Image	2026-06-30T06:14:22.8868650Z #5 sha256:f42e85ddc713935ca5a0accf8aec281f24ed3e23d93f11df909657e9ee9a0403 443B / 443B 0.0s done
build-containers (ubuntu-latest, amd64)	Build and Push Image	2026-06-30T06:14:22.8876601Z #5 sha256:0d4168ab2bca6183681fd3571770924ab57da32eadefdb46f2208e8d8e572011 1.71MB / 1.71MB 0.1s done
build-containers (ubuntu-latest, amd64)	Build and Push Image	2026-06-30T06:14:22.9875357Z #5 sha256:5e98ba22ffba63e671e794151a8c72b2dd2e2394a99dfdadb48375658423035c 3.31kB / 3.31kB 0.1s done
build-containers (ubuntu-latest, amd64)	Build and Push Image	2026-06-30T06:14:22.9900191Z #5 sha256:f6ce3834b70636fccfd15681ae09efc245e61d942555ff1b60eff662498f71f8 11.53MB / 49.41MB 0.2s
build-containers (ubuntu-latest, amd64)	Build and Push Image	2026-06-30T06:14:22.9901731Z #5 sha256:abe1fea375429ba91b23776f15f53da4ed790fa2b779b40d20f21e69bd66de5a 2.10MB / 28.23MB 0.2s
build-containers (ubuntu-latest, amd64)	Build and Push Image	2026-06-30T06:14:23.0914419Z #5 ...
build-containers (ubuntu-latest, amd64)	Build and Push Image	2026-06-30T06:14:23.0914850Z 
build-containers (ubuntu-latest, amd64)	Build and Push Image	2026-06-30T06:14:23.0915329Z #6 [internal] load build context
build-containers (ubuntu-latest, amd64)	Build and Push Image	2026-06-30T06:14:23.0915895Z #6 transferring context: 11.39MB 0.3s done
build-containers (ubuntu-latest, amd64)	Build and Push Image	2026-06-30T06:14:23.0916330Z #6 DONE 0.3s
build-containers (ubuntu-latest, amd64)	Build and Push Image	2026-06-30T06:14:23.0916600Z 
build-containers (ubuntu-latest, amd64)	Build and Push Image	2026-06-30T06:14:23.0917158Z #5 [1/9] FROM docker.io/library/node:22.20-bookworm-slim@sha256:b21fe589dfbe5cc39365d0544b9be3f1f33f55f3c86c87a76ff65a02f8f5848e
build-containers (ubuntu-latest, amd64)	Build and Push Image	2026-06-30T06:14:23.0918102Z #5 sha256:f6ce3834b70636fccfd15681ae09efc245e61d942555ff1b60eff662498f71f8 49.41MB / 49.41MB 0.3s done
build-containers (ubuntu-latest, amd64)	Build and Push Image	2026-06-30T06:14:23.0919019Z #5 sha256:abe1fea375429ba91b23776f15f53da4ed790fa2b779b40d20f21e69bd66de5a 28.23MB / 28.23MB 0.3s done
build-containers (ubuntu-latest, amd64)	Build and Push Image	2026-06-30T06:14:23.0920080Z #5 extracting sha256:abe1fea375429ba91b23776f15f53da4ed790fa2b779b40d20f21e69bd66de5a
build-containers (ubuntu-latest, amd64)	Build and Push Image	2026-06-30T06:14:23.8090148Z #5 extracting sha256:abe1fea375429ba91b23776f15f53da4ed790fa2b779b40d20f21e69bd66de5a 0.7s done
build-containers (ubuntu-latest, amd64)	Build and Push Image	2026-06-30T06:14:23.8091593Z #5 DONE 1.0s
build-containers (ubuntu-latest, amd64)	Build and Push Image	2026-06-30T06:14:23.9658213Z 
build-containers (ubuntu-latest, amd64)	Build and Push Image	2026-06-30T06:14:23.9659497Z #5 [1/9] FROM docker.io/library/node:22.20-bookworm-slim@sha256:b21fe589dfbe5cc39365d0544b9be3f1f33f55f3c86c87a76ff65a02f8f5848e
build-containers (ubuntu-latest, amd64)	Build and Push Image	2026-06-30T06:14:23.9660797Z #5 extracting sha256:5e98ba22ffba63e671e794151a8c72b2dd2e2394a99dfdadb48375658423035c done
build-containers (ubuntu-latest, amd64)	Build and Push Image	2026-06-30T06:14:23.9661819Z #5 extracting sha256:f6ce3834b70636fccfd15681ae09efc245e61d942555ff1b60eff662498f71f8
build-containers (ubuntu-latest, amd64)	Build and Push Image	2026-06-30T06:14:24.8754122Z #5 extracting sha256:f6ce3834b70636fccfd15681ae09efc245e61d942555ff1b60eff662498f71f8 1.1s done
build-containers (ubuntu-latest, amd64)	Build and Push Image	2026-06-30T06:14:24.8755256Z #5 DONE 2.1s
build-containers (ubuntu-latest, amd64)	Build and Push Image	2026-06-30T06:14:24.9987727Z 
build-containers (ubuntu-latest, amd64)	Build and Push Image	2026-06-30T06:14:24.9990120Z #5 [1/9] FROM docker.io/library/node:22.20-bookworm-slim@sha256:b21fe589dfbe5cc39365d0544b9be3f1f33f55f3c86c87a76ff65a02f8f5848e
build-containers (ubuntu-latest, amd64)	Build and Push Image	2026-06-30T06:14:24.9991045Z #5 extracting sha256:0d4168ab2bca6183681fd3571770924ab57da32eadefdb46f2208e8d8e572011 0.0s done
build-containers (ubuntu-latest, amd64)	Build and Push Image	2026-06-30T06:14:24.9991697Z #5 extracting sha256:f42e85ddc713935ca5a0accf8aec281f24ed3e23d93f11df909657e9ee9a0403 done
build-containers (ubuntu-latest, amd64)	Build and Push Image	2026-06-30T06:14:24.9992154Z #5 DONE 2.1s
build-containers (ubuntu-latest, amd64)	Build and Push Image	2026-06-30T06:14:24.9992277Z 
build-containers (ubuntu-latest, amd64)	Build and Push Image	2026-06-30T06:14:24.9993099Z #7 [2/9] RUN apt-get update && apt-get install -y --no-install-recommends     g++     make     python3-pip     bash     nginx     zip && rm -rf /var/lib/apt/lists/*
build-containers (ubuntu-latest, amd64)	Build and Push Image	2026-06-30T06:14:24.9994136Z #7 0.085 Get:1 http://deb.debian.org/debian bookworm InRelease [151 kB]
build-containers (ubuntu-latest, amd64)	Build and Push Image	2026-06-30T06:14:25.1490933Z #7 0.102 Get:2 http://deb.debian.org/debian bookworm-updates InRelease [55.4 kB]
build-containers (ubuntu-latest, amd64)	Build and Push Image	2026-06-30T06:14:25.1492333Z #7 0.107 Get:3 http://deb.debian.org/debian-security bookworm-security InRelease [48.0 kB]
build-containers (ubuntu-latest, amd64)	Build and Push Image	2026-06-30T06:14:25.1494008Z #7 0.165 Get:4 http://deb.debian.org/debian bookworm/main amd64 Packages [8790 kB]
build-containers (ubuntu-latest, amd64)	Build and Push Image	2026-06-30T06:14:25.1499592Z #7 0.235 Get:5 http://deb.debian.org/debian bookworm-updates/main amd64 Packages [6924 B]
build-containers (ubuntu-latest, amd64)	Build and Push Image	2026-06-30T06:14:25.3277024Z #7 0.263 Get:6 http://deb.debian.org/debian-security bookworm-security/main amd64 Packages [313 kB]
build-containers (ubuntu-latest, amd64)	Build and Push Image	2026-06-30T06:14:25.9768627Z #7 1.063 Fetched 9364 kB in 1s (9378 kB/s)
build-containers (ubuntu-latest, amd64)	Build and Push Image	2026-06-30T06:14:26.3971499Z #7 1.063 Reading package lists...
build-containers (ubuntu-latest, amd64)	Build and Push Image	2026-06-30T06:14:26.8445304Z #7 1.506 Reading package lists...
build-containers (ubuntu-latest, amd64)	Build and Push Image	2026-06-30T06:14:26.9659839Z #7 1.941 Building dependency tree...
build-containers (ubuntu-latest, amd64)	Build and Push Image	2026-06-30T06:14:26.9660412Z #7 2.052 Reading state information...
build-containers (ubuntu-latest, amd64)	Build and Push Image	2026-06-30T06:14:27.0869023Z #7 2.173 The following additional packages will be installed:
build-containers (ubuntu-latest, amd64)	Build and Push Image	2026-06-30T06:14:27.0871364Z #7 2.173   binutils binutils-common binutils-x86-64-linux-gnu ca-certificates cpp
build-containers (ubuntu-latest, amd64)	Build and Push Image	2026-06-30T06:14:27.2389332Z #7 2.173   cpp-12 g++-12 gcc gcc-12 iproute2 libasan8 libatomic1 libbinutils libbpf1
build-containers (ubuntu-latest, amd64)	Build and Push Image	2026-06-30T06:14:27.2390354Z #7 2.174   libbsd0 libc-bin libc-dev-bin libc6 libc6-dev libcap2 libcap2-bin libcc1-0
build-containers (ubuntu-latest, amd64)	Build and Push Image	2026-06-30T06:14:27.2391811Z #7 2.174   libcrypt-dev libctf-nobfd0 libctf0 libelf1 libexpat1 libgcc-12-dev libgomp1
build-containers (ubuntu-latest, amd64)	Build and Push Image	2026-06-30T06:14:27.2392742Z #7 2.174   libgprofng0 libgssapi-krb5-2 libisl23 libitm1 libjansson4 libk5crypto3
build-containers (ubuntu-latest, amd64)	Build and Push Image	2026-06-30T06:14:27.2393672Z #7 2.174   libkeyutils1 libkrb5-3 libkrb5support0 liblsan0 libmnl0 libmpc3 libmpfr6
build-containers (ubuntu-latest, amd64)	Build and Push Image	2026-06-30T06:14:27.2394579Z #7 2.174   libncursesw6 libnsl-dev libnsl2 libpython3-stdlib libpython3.11-minimal
build-containers (ubuntu-latest, amd64)	Build and Push Image	2026-06-30T06:14:27.2395435Z #7 2.174   libpython3.11-stdlib libquadmath0 libreadline8 libsqlite3-0 libssl3
build-containers (ubuntu-latest, amd64)	Build and Push Image	2026-06-30T06:14:27.2396311Z #7 2.174   libstdc++-12-dev libtirpc-common libtirpc-dev libtirpc3 libtsan2 libubsan1
build-containers (ubuntu-latest, amd64)	Build and Push Image	2026-06-30T06:14:27.2397222Z #7 2.174   libxtables12 linux-libc-dev media-types nginx-common openssl python3
build-containers (ubuntu-latest, amd64)	Build and Push Image	2026-06-30T06:14:27.2398130Z #7 2.174   python3-distutils python3-lib2to3 python3-minimal python3-pkg-resources
build-containers (ubuntu-latest, amd64)	Build and Push Image	2026-06-30T06:14:27.2398985Z #7 2.174   python3-setuptools python3-wheel python3.11 python3.11-minimal
build-containers (ubuntu-latest, amd64)	Build and Push Image	2026-06-30T06:14:27.2399818Z #7 2.174   readline-common rpcsvc-proto
build-containers (ubuntu-latest, amd64)	Build and Push Image	2026-06-30T06:14:27.2400276Z #7 2.174 Suggested packages:
build-containers (ubuntu-latest, amd64)	Build and Push Image	2026-06-30T06:14:27.2400867Z #7 2.174   bash-doc binutils-doc cpp-doc gcc-12-locales cpp-12-doc g++-multilib
build-containers (ubuntu-latest, amd64)	Build and Push Image	2026-06-30T06:14:27.2401714Z #7 2.174   g++-12-multilib gcc-12-doc gcc-multilib manpages-dev autoconf automake
build-containers (ubuntu-latest, amd64)	Build and Push Image	2026-06-30T06:14:27.2402552Z #7 2.174   libtool flex bison gdb gcc-doc gcc-12-multilib iproute2-doc glibc-doc
build-containers (ubuntu-latest, amd64)	Build and Push Image	2026-06-30T06:14:27.2403378Z #7 2.174   libc-l10n locales libnss-nis libnss-nisplus krb5-doc krb5-user
build-containers (ubuntu-latest, amd64)	Build and Push Image	2026-06-30T06:14:27.2404210Z #7 2.174   libstdc++-12-doc make-doc fcgiwrap nginx-doc ssl-cert python3-doc python3-tk
build-containers (ubuntu-latest, amd64)	Build and Push Image	2026-06-30T06:14:27.2405087Z #7 2.174   python3-venv python-setuptools-doc python3.11-venv python3.11-doc
build-containers (ubuntu-latest, amd64)	Build and Push Image	2026-06-30T06:14:27.2405743Z #7 2.174   binfmt-support readline-doc
build-containers (ubuntu-latest, amd64)	Build and Push Image	2026-06-30T06:14:27.2406472Z #7 2.174 Recommended packages:
build-containers (ubuntu-latest, amd64)	Build and Push Image	2026-06-30T06:14:27.2407089Z #7 2.174   bash-completion libatm1 manpages manpages-dev libc-devtools libpam-cap
build-containers (ubuntu-latest, amd64)	Build and Push Image	2026-06-30T06:14:27.2407886Z #7 2.174   krb5-locales libgpm2 build-essential python3-dev unzip
build-containers (ubuntu-latest, amd64)	Build and Push Image	2026-06-30T06:14:27.4277675Z #7 2.514 The following NEW packages will be installed:
build-containers (ubuntu-latest, amd64)	Build and Push Image	2026-06-30T06:14:27.4278481Z #7 2.514   binutils binutils-common binutils-x86-64-linux-gnu ca-certificates cpp
build-containers (ubuntu-latest, amd64)	Build and Push Image	2026-06-30T06:14:27.5343212Z #7 2.514   cpp-12 g++ g++-12 gcc gcc-12 iproute2 libasan8 libatomic1 libbinutils
build-containers (ubuntu-latest, amd64)	Build and Push Image	2026-06-30T06:14:27.5344369Z #7 2.514   libbpf1 libbsd0 libc-dev-bin libc6-dev libcap2-bin libcc1-0 libcrypt-dev
build-containers (ubuntu-latest, amd64)	Build and Push Image	2026-06-30T06:14:27.5345040Z #7 2.515   libctf-nobfd0 libctf0 libelf1 libexpat1 libgcc-12-dev libgomp1 libgprofng0
build-containers (ubuntu-latest, amd64)	Build and Push Image	2026-06-30T06:14:27.5345668Z #7 2.515   libgssapi-krb5-2 libisl23 libitm1 libjansson4 libk5crypto3 libkeyutils1
build-containers (ubuntu-latest, amd64)	Build and Push Image	2026-06-30T06:14:27.5346233Z #7 2.515   libkrb5-3 libkrb5support0 liblsan0 libmnl0 libmpc3 libmpfr6 libncursesw6
build-containers (ubuntu-latest, amd64)	Build and Push Image	2026-06-30T06:14:27.5346891Z #7 2.515   libnsl-dev libnsl2 libpython3-stdlib libpython3.11-minimal
build-containers (ubuntu-latest, amd64)	Build and Push Image	2026-06-30T06:14:27.5347482Z #7 2.515   libpython3.11-stdlib libquadmath0 libreadline8 libsqlite3-0 libssl3
build-containers (ubuntu-latest, amd64)	Build and Push Image	2026-06-30T06:14:27.5348062Z #7 2.515   libstdc++-12-dev libtirpc-common libtirpc-dev libtirpc3 libtsan2 libubsan1
build-containers (ubuntu-latest, amd64)	Build and Push Image	2026-06-30T06:14:27.5348653Z #7 2.515   libxtables12 linux-libc-dev make media-types nginx nginx-common openssl
build-containers (ubuntu-latest, amd64)	Build and Push Image	2026-06-30T06:14:27.5349804Z #7 2.515   python3 python3-distutils python3-lib2to3 python3-minimal python3-pip
build-containers (ubuntu-latest, amd64)	Build and Push Image	2026-06-30T06:14:27.5350369Z #7 2.515   python3-pkg-resources python3-setuptools python3-wheel python3.11
build-containers (ubuntu-latest, amd64)	Build and Push Image	2026-06-30T06:14:27.5350872Z #7 2.515   python3.11-minimal readline-common rpcsvc-proto zip
build-containers (ubuntu-latest, amd64)	Build and Push Image	2026-06-30T06:14:27.5351342Z #7 2.515 The following packages will be upgraded:
build-containers (ubuntu-latest, amd64)	Build and Push Image	2026-06-30T06:14:27.5351651Z #7 2.516   bash libc-bin libc6 libcap2
build-containers (ubuntu-latest, amd64)	Build and Push Image	2026-06-30T06:14:27.5352067Z #7 2.548 4 upgraded, 76 newly installed, 0 to remove and 15 not upgraded.
build-containers (ubuntu-latest, amd64)	Build and Push Image	2026-06-30T06:14:27.5352474Z #7 2.548 Need to get 84.5 MB of archives.
build-containers (ubuntu-latest, amd64)	Build and Push Image	2026-06-30T06:14:27.5352926Z #7 2.548 After this operation, 316 MB of additional disk space will be used.
build-containers (ubuntu-latest, amd64)	Build and Push Image	2026-06-30T06:14:27.5354124Z #7 2.548 Get:1 http://deb.debian.org/debian bookworm/main amd64 bash amd64 5.2.15-2+b13 [1491 kB]
build-containers (ubuntu-latest, amd64)	Build and Push Image	2026-06-30T06:14:27.5354751Z #7 2.602 Get:2 http://deb.debian.org/debian bookworm/main amd64 libc6 amd64 2.36-9+deb12u14 [2759 kB]
build-containers (ubuntu-latest, amd64)	Build and Push Image	2026-06-30T06:14:27.5355351Z #7 2.620 Get:3 http://deb.debian.org/debian bookworm/main amd64 libc-bin amd64 2.36-9+deb12u14 [609 kB]
build-containers (ubuntu-latest, amd64)	Build and Push Image	2026-06-30T06:14:27.6351288Z #7 2.625 Get:4 http://deb.debian.org/debian-security bookworm-security/main amd64 libssl3 amd64 3.0.20-1~deb12u2 [2036 kB]
build-containers (ubuntu-latest, amd64)	Build and Push Image	2026-06-30T06:14:27.6352694Z #7 2.631 Get:5 http://deb.debian.org/debian bookworm/main amd64 libpython3.11-minimal amd64 3.11.2-6+deb12u7 [818 kB]
build-containers (ubuntu-latest, amd64)	Build and Push Image	2026-06-30T06:14:27.6353737Z #7 2.635 Get:6 http://deb.debian.org/debian bookworm/main amd64 libexpat1 amd64 2.5.0-1+deb12u2 [99.9 kB]
build-containers (ubuntu-latest, amd64)	Build and Push Image	2026-06-30T06:14:27.6354800Z #7 2.637 Get:7 http://deb.debian.org/debian bookworm/main amd64 python3.11-minimal amd64 3.11.2-6+deb12u7 [2066 kB]
build-containers (ubuntu-latest, amd64)	Build and Push Image	2026-06-30T06:14:27.6355947Z #7 2.644 Get:8 http://deb.debian.org/debian bookworm/main amd64 python3-minimal amd64 3.11.2-1+b1 [26.3 kB]
build-containers (ubuntu-latest, amd64)	Build and Push Image	2026-06-30T06:14:27.6356982Z #7 2.644 Get:9 http://deb.debian.org/debian bookworm/main amd64 media-types all 10.0.0 [26.1 kB]
build-containers (ubuntu-latest, amd64)	Build and Push Image	2026-06-30T06:14:27.6357941Z #7 2.645 Get:10 http://deb.debian.org/debian bookworm/main amd64 libncursesw6 amd64 6.4-4 [134 kB]
build-containers (ubuntu-latest, amd64)	Build and Push Image	2026-06-30T06:14:27.6359128Z #7 2.645 Get:11 http://deb.debian.org/debian-security bookworm-security/main amd64 libkrb5support0 amd64 1.20.1-2+deb12u5 [33.2 kB]
build-containers (ubuntu-latest, amd64)	Build and Push Image	2026-06-30T06:14:27.6360635Z #7 2.646 Get:12 http://deb.debian.org/debian-security bookworm-security/main amd64 libk5crypto3 amd64 1.20.1-2+deb12u5 [79.7 kB]
build-containers (ubuntu-latest, amd64)	Build and Push Image	2026-06-30T06:14:27.6361804Z #7 2.646 Get:13 http://deb.debian.org/debian bookworm/main amd64 libkeyutils1 amd64 1.6.3-2 [8808 B]
build-containers (ubuntu-latest, amd64)	Build and Push Image	2026-06-30T06:14:27.6362967Z #7 2.647 Get:14 http://deb.debian.org/debian-security bookworm-security/main amd64 libkrb5-3 amd64 1.20.1-2+deb12u5 [332 kB]
build-containers (ubuntu-latest, amd64)	Build and Push Image	2026-06-30T06:14:27.6364559Z #7 2.648 Get:15 http://deb.debian.org/debian-security bookworm-security/main amd64 libgssapi-krb5-2 amd64 1.20.1-2+deb12u5 [135 kB]
build-containers (ubuntu-latest, amd64)	Build and Push Image	2026-06-30T06:14:27.6365777Z #7 2.648 Get:16 http://deb.debian.org/debian bookworm/main amd64 libtirpc-common all 1.3.3+ds-1 [14.0 kB]
build-containers (ubuntu-latest, amd64)	Build and Push Image	2026-06-30T06:14:27.6366818Z #7 2.650 Get:17 http://deb.debian.org/debian bookworm/main amd64 libtirpc3 amd64 1.3.3+ds-1 [85.2 kB]
build-containers (ubuntu-latest, amd64)	Build and Push Image	2026-06-30T06:14:27.6367789Z #7 2.655 Get:18 http://deb.debian.org/debian bookworm/main amd64 libnsl2 amd64 1.3.0-2 [39.5 kB]
build-containers (ubuntu-latest, amd64)	Build and Push Image	2026-06-30T06:14:27.6368753Z #7 2.656 Get:19 http://deb.debian.org/debian bookworm/main amd64 readline-common all 8.2-1.3 [69.0 kB]
build-containers (ubuntu-latest, amd64)	Build and Push Image	2026-06-30T06:14:27.6369962Z #7 2.657 Get:20 http://deb.debian.org/debian bookworm/main amd64 libreadline8 amd64 8.2-1.3 [166 kB]
build-containers (ubuntu-latest, amd64)	Build and Push Image	2026-06-30T06:14:27.6370997Z #7 2.658 Get:21 http://deb.debian.org/debian bookworm/main amd64 libsqlite3-0 amd64 3.40.1-2+deb12u2 [839 kB]
build-containers (ubuntu-latest, amd64)	Build and Push Image	2026-06-30T06:14:27.6372175Z #7 2.661 Get:22 http://deb.debian.org/debian bookworm/main amd64 libpython3.11-stdlib amd64 3.11.2-6+deb12u7 [1797 kB]
build-containers (ubuntu-latest, amd64)	Build and Push Image	2026-06-30T06:14:27.6373292Z #7 2.668 Get:23 http://deb.debian.org/debian bookworm/main amd64 python3.11 amd64 3.11.2-6+deb12u7 [574 kB]
build-containers (ubuntu-latest, amd64)	Build and Push Image	2026-06-30T06:14:27.6374372Z #7 2.671 Get:24 http://deb.debian.org/debian bookworm/main amd64 libpython3-stdlib amd64 3.11.2-1+b1 [9312 B]
build-containers (ubuntu-latest, amd64)	Build and Push Image	2026-06-30T06:14:27.6375404Z #7 2.671 Get:25 http://deb.debian.org/debian bookworm/main amd64 python3 amd64 3.11.2-1+b1 [26.3 kB]
build-containers (ubuntu-latest, amd64)	Build and Push Image	2026-06-30T06:14:27.6376426Z #7 2.672 Get:26 http://deb.debian.org/debian bookworm/main amd64 libcap2 amd64 1:2.66-4+deb12u3+b1 [27.7 kB]
build-containers (ubuntu-latest, amd64)	Build and Push Image	2026-06-30T06:14:27.6377444Z #7 2.672 Get:27 http://deb.debian.org/debian bookworm/main amd64 libelf1 amd64 0.188-2.1 [174 kB]
build-containers (ubuntu-latest, amd64)	Build and Push Image	2026-06-30T06:14:27.6378410Z #7 2.673 Get:28 http://deb.debian.org/debian bookworm/main amd64 libbpf1 amd64 1:1.1.2-0+deb12u1 [145 kB]
build-containers (ubuntu-latest, amd64)	Build and Push Image	2026-06-30T06:14:27.6379554Z #7 2.673 Get:29 http://deb.debian.org/debian bookworm/main amd64 libbsd0 amd64 0.11.7-2 [117 kB]
build-containers (ubuntu-latest, amd64)	Build and Push Image	2026-06-30T06:14:27.6380490Z #7 2.674 Get:30 http://deb.debian.org/debian bookworm/main amd64 libmnl0 amd64 1.0.4-3 [12.5 kB]
build-containers (ubuntu-latest, amd64)	Build and Push Image	2026-06-30T06:14:27.6381816Z #7 2.675 Get:31 http://deb.debian.org/debian bookworm/main amd64 libxtables12 amd64 1.8.9-2 [30.8 kB]
build-containers (ubuntu-latest, amd64)	Build and Push Image	2026-06-30T06:14:27.6383068Z #7 2.677 Get:32 http://deb.debian.org/debian bookworm/main amd64 libcap2-bin amd64 1:2.66-4+deb12u3+b1 [35.2 kB]
build-containers (ubuntu-latest, amd64)	Build and Push Image	2026-06-30T06:14:27.6384133Z #7 2.683 Get:33 http://deb.debian.org/debian bookworm/main amd64 iproute2 amd64 6.1.0-3 [1046 kB]
build-containers (ubuntu-latest, amd64)	Build and Push Image	2026-06-30T06:14:27.6385236Z #7 2.687 Get:34 http://deb.debian.org/debian-security bookworm-security/main amd64 openssl amd64 3.0.20-1~deb12u2 [1439 kB]
build-containers (ubuntu-latest, amd64)	Build and Push Image	2026-06-30T06:14:27.6386434Z #7 2.690 Get:35 http://deb.debian.org/debian bookworm/main amd64 ca-certificates all 20230311+deb12u1 [155 kB]
build-containers (ubuntu-latest, amd64)	Build and Push Image	2026-06-30T06:14:27.6387658Z #7 2.691 Get:36 http://deb.debian.org/debian bookworm/main amd64 binutils-common amd64 2.40-2 [2487 kB]
build-containers (ubuntu-latest, amd64)	Build and Push Image	2026-06-30T06:14:27.6388674Z #7 2.701 Get:37 http://deb.debian.org/debian bookworm/main amd64 libbinutils amd64 2.40-2 [572 kB]
build-containers (ubuntu-latest, amd64)	Build and Push Image	2026-06-30T06:14:27.6389799Z #7 2.704 Get:38 http://deb.debian.org/debian bookworm/main amd64 libctf-nobfd0 amd64 2.40-2 [153 kB]
build-containers (ubuntu-latest, amd64)	Build and Push Image	2026-06-30T06:14:27.6390768Z #7 2.705 Get:39 http://deb.debian.org/debian bookworm/main amd64 libctf0 amd64 2.40-2 [89.8 kB]
build-containers (ubuntu-latest, amd64)	Build and Push Image	2026-06-30T06:14:27.6391718Z #7 2.705 Get:40 http://deb.debian.org/debian bookworm/main amd64 libgprofng0 amd64 2.40-2 [812 kB]
build-containers (ubuntu-latest, amd64)	Build and Push Image	2026-06-30T06:14:27.6392683Z #7 2.709 Get:41 http://deb.debian.org/debian bookworm/main amd64 libjansson4 amd64 2.14-2 [40.8 kB]
build-containers (ubuntu-latest, amd64)	Build and Push Image	2026-06-30T06:14:27.6393739Z #7 2.709 Get:42 http://deb.debian.org/debian bookworm/main amd64 binutils-x86-64-linux-gnu amd64 2.40-2 [2246 kB]
build-containers (ubuntu-latest, amd64)	Build and Push Image	2026-06-30T06:14:27.6394788Z #7 2.718 Get:43 http://deb.debian.org/debian bookworm/main amd64 binutils amd64 2.40-2 [65.0 kB]
build-containers (ubuntu-latest, amd64)	Build and Push Image	2026-06-30T06:14:27.6395729Z #7 2.718 Get:44 http://deb.debian.org/debian bookworm/main amd64 libisl23 amd64 0.25-1.1 [683 kB]
build-containers (ubuntu-latest, amd64)	Build and Push Image	2026-06-30T06:14:27.6397100Z #7 2.721 Get:45 http://deb.debian.org/debian bookworm/main amd64 libmpfr6 amd64 4.2.0-1 [701 kB]
build-containers (ubuntu-latest, amd64)	Build and Push Image	2026-06-30T06:14:27.7843492Z #7 2.725 Get:46 http://deb.debian.org/debian bookworm/main amd64 libmpc3 amd64 1.3.1-1 [51.5 kB]
build-containers (ubuntu-latest, amd64)	Build and Push Image	2026-06-30T06:14:27.7844550Z #7 2.726 Get:47 http://deb.debian.org/debian bookworm/main amd64 cpp-12 amd64 12.2.0-14+deb12u1 [9768 kB]
build-containers (ubuntu-latest, amd64)	Build and Push Image	2026-06-30T06:14:27.7845355Z #7 2.762 Get:48 http://deb.debian.org/debian bookworm/main amd64 cpp amd64 4:12.2.0-3 [6836 B]
build-containers (ubuntu-latest, amd64)	Build and Push Image	2026-06-30T06:14:27.7846962Z #7 2.762 Get:49 http://deb.debian.org/debian bookworm/main amd64 libcc1-0 amd64 12.2.0-14+deb12u1 [41.7 kB]
build-containers (ubuntu-latest, amd64)	Build and Push Image	2026-06-30T06:14:27.7847988Z #7 2.762 Get:50 http://deb.debian.org/debian bookworm/main amd64 libgomp1 amd64 12.2.0-14+deb12u1 [116 kB]
build-containers (ubuntu-latest, amd64)	Build and Push Image	2026-06-30T06:14:27.7873751Z #7 2.764 Get:51 http://deb.debian.org/debian bookworm/main amd64 libitm1 amd64 12.2.0-14+deb12u1 [26.1 kB]
build-containers (ubuntu-latest, amd64)	Build and Push Image	2026-06-30T06:14:27.7874680Z #7 2.764 Get:52 http://deb.debian.org/debian bookworm/main amd64 libatomic1 amd64 12.2.0-14+deb12u1 [9376 B]
build-containers (ubuntu-latest, amd64)	Build and Push Image	2026-06-30T06:14:27.7875488Z #7 2.764 Get:53 http://deb.debian.org/debian bookworm/main amd64 libasan8 amd64 12.2.0-14+deb12u1 [2193 kB]
build-containers (ubuntu-latest, amd64)	Build and Push Image	2026-06-30T06:14:27.7876254Z #7 2.772 Get:54 http://deb.debian.org/debian bookworm/main amd64 liblsan0 amd64 12.2.0-14+deb12u1 [969 kB]
build-containers (ubuntu-latest, amd64)	Build and Push Image	2026-06-30T06:14:27.7877037Z #7 2.776 Get:55 http://deb.debian.org/debian bookworm/main amd64 libtsan2 amd64 12.2.0-14+deb12u1 [2197 kB]
build-containers (ubuntu-latest, amd64)	Build and Push Image	2026-06-30T06:14:27.7877790Z #7 2.785 Get:56 http://deb.debian.org/debian bookworm/main amd64 libubsan1 amd64 12.2.0-14+deb12u1 [883 kB]
build-containers (ubuntu-latest, amd64)	Build and Push Image	2026-06-30T06:14:27.7878534Z #7 2.788 Get:57 http://deb.debian.org/debian bookworm/main amd64 libquadmath0 amd64 12.2.0-14+deb12u1 [145 kB]
build-containers (ubuntu-latest, amd64)	Build and Push Image	2026-06-30T06:14:27.7879478Z #7 2.789 Get:58 http://deb.debian.org/debian bookworm/main amd64 libgcc-12-dev amd64 12.2.0-14+deb12u1 [2437 kB]
build-containers (ubuntu-latest, amd64)	Build and Push Image	2026-06-30T06:14:27.7881356Z #7 2.799 Get:59 http://deb.debian.org/debian bookworm/main amd64 gcc-12 amd64 12.2.0-14+deb12u1 [19.3 MB]
build-containers (ubuntu-latest, amd64)	Build and Push Image	2026-06-30T06:14:27.7882119Z #7 2.870 Get:60 http://deb.debian.org/debian bookworm/main amd64 gcc amd64 4:12.2.0-3 [5216 B]
build-containers (ubuntu-latest, amd64)	Build and Push Image	2026-06-30T06:14:27.9626424Z #7 2.870 Get:61 http://deb.debian.org/debian bookworm/main amd64 libc-dev-bin amd64 2.36-9+deb12u14 [48.1 kB]
build-containers (ubuntu-latest, amd64)	Build and Push Image	2026-06-30T06:14:27.9628196Z #7 2.871 Get:62 http://deb.debian.org/debian-security bookworm-security/main amd64 linux-libc-dev amd64 6.1.174-1 [2272 kB]
build-containers (ubuntu-latest, amd64)	Build and Push Image	2026-06-30T06:14:27.9630651Z #7 2.875 Get:63 http://deb.debian.org/debian bookworm/main amd64 libcrypt-dev amd64 1:4.4.33-2 [118 kB]
build-containers (ubuntu-latest, amd64)	Build and Push Image	2026-06-30T06:14:27.9631860Z #7 2.877 Get:64 http://deb.debian.org/debian bookworm/main amd64 libtirpc-dev amd64 1.3.3+ds-1 [191 kB]
build-containers (ubuntu-latest, amd64)	Build and Push Image	2026-06-30T06:14:27.9633023Z #7 2.877 Get:65 http://deb.debian.org/debian bookworm/main amd64 libnsl-dev amd64 1.3.0-2 [66.4 kB]
build-containers (ubuntu-latest, amd64)	Build and Push Image	2026-06-30T06:14:27.9634189Z #7 2.878 Get:66 http://deb.debian.org/debian bookworm/main amd64 rpcsvc-proto amd64 1.4.3-1 [63.3 kB]
build-containers (ubuntu-latest, amd64)	Build and Push Image	2026-06-30T06:14:27.9635393Z #7 2.878 Get:67 http://deb.debian.org/debian bookworm/main amd64 libc6-dev amd64 2.36-9+deb12u14 [1904 kB]
build-containers (ubuntu-latest, amd64)	Build and Push Image	2026-06-30T06:14:27.9636663Z #7 2.886 Get:68 http://deb.debian.org/debian bookworm/main amd64 libstdc++-12-dev amd64 12.2.0-14+deb12u1 [2047 kB]
build-containers (ubuntu-latest, amd64)	Build and Push Image	2026-06-30T06:14:27.9637900Z #7 2.894 Get:69 http://deb.debian.org/debian bookworm/main amd64 g++-12 amd64 12.2.0-14+deb12u1 [10.7 MB]
build-containers (ubuntu-latest, amd64)	Build and Push Image	2026-06-30T06:14:27.9639027Z #7 2.934 Get:70 http://deb.debian.org/debian bookworm/main amd64 g++ amd64 4:12.2.0-3 [1356 B]
build-containers (ubuntu-latest, amd64)	Build and Push Image	2026-06-30T06:14:27.9640264Z #7 2.934 Get:71 http://deb.debian.org/debian bookworm/main amd64 make amd64 4.3-4.1 [396 kB]
build-containers (ubuntu-latest, amd64)	Build and Push Image	2026-06-30T06:14:27.9641548Z #7 2.936 Get:72 http://deb.debian.org/debian-security bookworm-security/main amd64 nginx-common all 1.22.1-9+deb12u8 [115 kB]
build-containers (ubuntu-latest, amd64)	Build and Push Image	2026-06-30T06:14:27.9642878Z #7 2.936 Get:73 http://deb.debian.org/debian-security bookworm-security/main amd64 nginx amd64 1.22.1-9+deb12u8 [529 kB]
build-containers (ubuntu-latest, amd64)	Build and Push Image	2026-06-30T06:14:27.9644117Z #7 2.937 Get:74 http://deb.debian.org/debian bookworm/main amd64 python3-lib2to3 all 3.11.2-3 [76.3 kB]
build-containers (ubuntu-latest, amd64)	Build and Push Image	2026-06-30T06:14:27.9645509Z #7 2.938 Get:75 http://deb.debian.org/debian bookworm/main amd64 python3-distutils all 3.11.2-3 [131 kB]
build-containers (ubuntu-latest, amd64)	Build and Push Image	2026-06-30T06:14:27.9646782Z #7 2.939 Get:76 http://deb.debian.org/debian bookworm/main amd64 python3-pkg-resources all 66.1.1-1+deb12u2 [297 kB]
build-containers (ubuntu-latest, amd64)	Build and Push Image	2026-06-30T06:14:27.9648056Z #7 2.940 Get:77 http://deb.debian.org/debian bookworm/main amd64 python3-setuptools all 66.1.1-1+deb12u2 [522 kB]
build-containers (ubuntu-latest, amd64)	Build and Push Image	2026-06-30T06:14:27.9649369Z #7 2.942 Get:78 http://deb.debian.org/debian bookworm/main amd64 python3-wheel all 0.38.4-2 [30.8 kB]
build-containers (ubuntu-latest, amd64)	Build and Push Image	2026-06-30T06:14:27.9650554Z #7 2.944 Get:79 http://deb.debian.org/debian bookworm/main amd64 python3-pip all 23.0.1+dfsg-1 [1325 kB]
build-containers (ubuntu-latest, amd64)	Build and Push Image	2026-06-30T06:14:27.9651664Z #7 2.948 Get:80 http://deb.debian.org/debian bookworm/main amd64 zip amd64 3.0-13 [230 kB]
build-containers (ubuntu-latest, amd64)	Build and Push Image	2026-06-30T06:14:27.9652719Z #7 3.049 debconf: delaying package configuration, since apt-utils is not installed
build-containers (ubuntu-latest, amd64)	Build and Push Image	2026-06-30T06:14:28.1097387Z #7 3.069 Fetched 84.5 MB in 0s (198 MB/s)
build-containers (ubuntu-latest, amd64)	Build and Push Image	2026-06-30T06:14:28.1101174Z #7 3.082 (Reading database ... 
build-containers (ubuntu-latest, amd64)	Build and Push Image	2026-06-30T06:14:28.1101929Z (Reading database ... 5%
build-containers (ubuntu-latest, amd64)	Build and Push Image	2026-06-30T06:14:28.1102363Z (Reading database ... 10%
build-containers (ubuntu-latest, amd64)	Build and Push Image	2026-06-30T06:14:28.1102650Z (Reading database ... 15%
build-containers (ubuntu-latest, amd64)	Build and Push Image	2026-06-30T06:14:28.1102906Z (Reading database ... 20%
build-containers (ubuntu-latest, amd64)	Build and Push Image	2026-06-30T06:14:28.1103224Z (Reading database ... 25%
build-containers (ubuntu-latest, amd64)	Build and Push Image	2026-06-30T06:14:28.1103602Z (Reading database ... 30%
build-containers (ubuntu-latest, amd64)	Build and Push Image	2026-06-30T06:14:28.1103825Z (Reading database ... 35%
build-containers (ubuntu-latest, amd64)	Build and Push Image	2026-06-30T06:14:28.1104193Z (Reading database ... 40%
build-containers (ubuntu-latest, amd64)	Build and Push Image	2026-06-30T06:14:28.1104469Z (Reading database ... 45%
build-containers (ubuntu-latest, amd64)	Build and Push Image	2026-06-30T06:14:28.1104685Z (Reading database ... 50%
build-containers (ubuntu-latest, amd64)	Build and Push Image	2026-06-30T06:14:28.1105020Z (Reading database ... 55%
build-containers (ubuntu-latest, amd64)	Build and Push Image	2026-06-30T06:14:28.1105240Z (Reading database ... 60%
build-containers (ubuntu-latest, amd64)	Build and Push Image	2026-06-30T06:14:28.1105455Z (Reading database ... 65%
build-containers (ubuntu-latest, amd64)	Build and Push Image	2026-06-30T06:14:28.1105767Z (Reading database ... 70%
build-containers (ubuntu-latest, amd64)	Build and Push Image	2026-06-30T06:14:28.1106091Z (Reading database ... 75%
build-containers (ubuntu-latest, amd64)	Build and Push Image	2026-06-30T06:14:28.1106312Z (Reading database ... 80%
build-containers (ubuntu-latest, amd64)	Build and Push Image	2026-06-30T06:14:28.1106689Z (Reading database ... 85%
build-containers (ubuntu-latest, amd64)	Build and Push Image	2026-06-30T06:14:28.1106985Z (Reading database ... 90%
build-containers (ubuntu-latest, amd64)	Build and Push Image	2026-06-30T06:14:28.1107257Z (Reading database ... 95%
build-containers (ubuntu-latest, amd64)	Build and Push Image	2026-06-30T06:14:28.1107519Z (Reading database ... 100%
build-containers (ubuntu-latest, amd64)	Build and Push Image	2026-06-30T06:14:28.1107851Z (Reading database ... 6095 files and directories currently installed.)
build-containers (ubuntu-latest, amd64)	Build and Push Image	2026-06-30T06:14:28.1108648Z #7 3.088 Preparing to unpack .../bash_5.2.15-2+b13_amd64.deb ...
build-containers (ubuntu-latest, amd64)	Build and Push Image	2026-06-30T06:14:28.1109906Z #7 3.091 update-alternatives: warning: alternative /usr/share/man/man7/bash-builtins.7.gz (part of link group builtins.7.gz) doesn't exist; removing from list of alternatives
build-containers (ubuntu-latest, amd64)	Build and Push Image	2026-06-30T06:14:28.1110978Z #7 3.092 update-alternatives: warning: /etc/alternatives/builtins.7.gz is dangling; it will be updated with best choice
build-containers (ubuntu-latest, amd64)	Build and Push Image	2026-06-30T06:14:28.1111746Z #7 3.094 Unpacking bash (5.2.15-2+b13) over (5.2.15-2+b9) ...
build-containers (ubuntu-latest, amd64)	Build and Push Image	2026-06-30T06:14:28.1112171Z #7 3.196 Setting up bash (5.2.15-2+b13) ...
build-containers (ubuntu-latest, amd64)	Build and Push Image	2026-06-30T06:14:28.2402739Z #7 3.203 update-alternatives: error: alternative path /usr/share/man/man7/bash-builtins.7.gz doesn't exist
build-containers (ubuntu-latest, amd64)	Build and Push Image	2026-06-30T06:14:28.2403992Z #7 3.222 (Reading database ... 
build-containers (ubuntu-latest, amd64)	Build and Push Image	2026-06-30T06:14:28.2404545Z (Reading database ... 5%
build-containers (ubuntu-latest, amd64)	Build and Push Image	2026-06-30T06:14:28.2404963Z (Reading database ... 10%
build-containers (ubuntu-latest, amd64)	Build and Push Image	2026-06-30T06:14:28.2405405Z (Reading database ... 15%
build-containers (ubuntu-latest, amd64)	Build and Push Image	2026-06-30T06:14:28.2405761Z (Reading database ... 20%
build-containers (ubuntu-latest, amd64)	Build and Push Image	2026-06-30T06:14:28.2406108Z (Reading database ... 25%
build-containers (ubuntu-latest, amd64)	Build and Push Image	2026-06-30T06:14:28.2406439Z (Reading database ... 30%
build-containers (ubuntu-latest, amd64)	Build and Push Image	2026-06-30T06:14:28.2406780Z (Reading database ... 35%
build-containers (ubuntu-latest, amd64)	Build and Push Image	2026-06-30T06:14:28.2407114Z (Reading database ... 40%
build-containers (ubuntu-latest, amd64)	Build and Push Image	2026-06-30T06:14:28.2407330Z (Reading database ... 45%
build-containers (ubuntu-latest, amd64)	Build and Push Image	2026-06-30T06:14:28.2407550Z (Reading database ... 50%
build-containers (ubuntu-latest, amd64)	Build and Push Image	2026-06-30T06:14:28.2407778Z (Reading database ... 55%
build-containers (ubuntu-latest, amd64)	Build and Push Image	2026-06-30T06:14:28.2407995Z (Reading database ... 60%
build-containers (ubuntu-latest, amd64)	Build and Push Image	2026-06-30T06:14:28.2408212Z (Reading database ... 65%
build-containers (ubuntu-latest, amd64)	Build and Push Image	2026-06-30T06:14:28.2408440Z (Reading database ... 70%
build-containers (ubuntu-latest, amd64)	Build and Push Image	2026-06-30T06:14:28.2408655Z (Reading database ... 75%
build-containers (ubuntu-latest, amd64)	Build and Push Image	2026-06-30T06:14:28.2408872Z (Reading database ... 80%
build-containers (ubuntu-latest, amd64)	Build and Push Image	2026-06-30T06:14:28.2409091Z (Reading database ... 85%
build-containers (ubuntu-latest, amd64)	Build and Push Image	2026-06-30T06:14:28.2409554Z (Reading database ... 90%
build-containers (ubuntu-latest, amd64)	Build and Push Image	2026-06-30T06:14:28.2409777Z (Reading database ... 95%
build-containers (ubuntu-latest, amd64)	Build and Push Image	2026-06-30T06:14:28.2410302Z (Reading database ... 100%
build-containers (ubuntu-latest, amd64)	Build and Push Image	2026-06-30T06:14:28.2410631Z (Reading database ... 6095 files and directories currently installed.)
build-containers (ubuntu-latest, amd64)	Build and Push Image	2026-06-30T06:14:28.2411100Z #7 3.228 Preparing to unpack .../libc6_2.36-9+deb12u14_amd64.deb ...
build-containers (ubuntu-latest, amd64)	Build and Push Image	2026-06-30T06:14:28.2411535Z #7 3.291 debconf: unable to initialize frontend: Dialog
build-containers (ubuntu-latest, amd64)	Build and Push Image	2026-06-30T06:14:28.2411940Z #7 3.291 debconf: (TERM is not set, so the dialog frontend is not usable.)
build-containers (ubuntu-latest, amd64)	Build and Push Image	2026-06-30T06:14:28.2412337Z #7 3.291 debconf: falling back to frontend: Readline
build-containers (ubuntu-latest, amd64)	Build and Push Image	2026-06-30T06:14:28.2412685Z #7 3.291 debconf: unable to initialize frontend: Readline
build-containers (ubuntu-latest, amd64)	Build and Push Image	2026-06-30T06:14:28.2414780Z #7 3.291 debconf: (Can't locate Term/ReadLine.pm in @INC (you may need to install the Term::ReadLine module) (@INC contains: /etc/perl /usr/local/lib/x86_64-linux-gnu/perl/5.36.0 /usr/local/share/perl/5.36.0 /usr/lib/x86_64-linux-gnu/perl5/5.36 /usr/share/perl5 /usr/lib/x86_64-linux-gnu/perl-base /usr/lib/x86_64-linux-gnu/perl/5.36 /usr/share/perl/5.36 /usr/local/lib/site_perl) at /usr/share/perl5/Debconf/FrontEnd/Readline.pm line 7.)
build-containers (ubuntu-latest, amd64)	Build and Push Image	2026-06-30T06:14:28.2417230Z #7 3.291 debconf: falling back to frontend: Teletype
build-containers (ubuntu-latest, amd64)	Build and Push Image	2026-06-30T06:14:28.2417888Z #7 3.326 Unpacking libc6:amd64 (2.36-9+deb12u14) over (2.36-9+deb12u13) ...
build-containers (ubuntu-latest, amd64)	Build and Push Image	2026-06-30T06:14:28.5477815Z #7 3.634 Setting up libc6:amd64 (2.36-9+deb12u14) ...
build-containers (ubuntu-latest, amd64)	Build and Push Image	2026-06-30T06:14:28.7624481Z #7 3.698 debconf: unable to initialize frontend: Dialog
build-containers (ubuntu-latest, amd64)	Build and Push Image	2026-06-30T06:14:28.7625047Z #7 3.698 debconf: (TERM is not set, so the dialog frontend is not usable.)
build-containers (ubuntu-latest, amd64)	Build and Push Image	2026-06-30T06:14:28.7625479Z #7 3.698 debconf: falling back to frontend: Readline
build-containers (ubuntu-latest, amd64)	Build and Push Image	2026-06-30T06:14:28.7625835Z #7 3.698 debconf: unable to initialize frontend: Readline
build-containers (ubuntu-latest, amd64)	Build and Push Image	2026-06-30T06:14:28.7627422Z #7 3.698 debconf: (Can't locate Term/ReadLine.pm in @INC (you may need to install the Term::ReadLine module) (@INC contains: /etc/perl /usr/local/lib/x86_64-linux-gnu/perl/5.36.0 /usr/local/share/perl/5.36.0 /usr/lib/x86_64-linux-gnu/perl5/5.36 /usr/share/perl5 /usr/lib/x86_64-linux-gnu/perl-base /usr/lib/x86_64-linux-gnu/perl/5.36 /usr/share/perl/5.36 /usr/local/lib/site_perl) at /usr/share/perl5/Debconf/FrontEnd/Readline.pm line 7.)
build-containers (ubuntu-latest, amd64)	Build and Push Image	2026-06-30T06:14:28.7628962Z #7 3.698 debconf: falling back to frontend: Teletype
build-containers (ubuntu-latest, amd64)	Build and Push Image	2026-06-30T06:14:29.7535660Z #7 4.739 (Reading database ... 
build-containers (ubuntu-latest, amd64)	Build and Push Image	2026-06-30T06:14:29.7536353Z (Reading database ... 5%
build-containers (ubuntu-latest, amd64)	Build and Push Image	2026-06-30T06:14:29.7536733Z (Reading database ... 10%
build-containers (ubuntu-latest, amd64)	Build and Push Image	2026-06-30T06:14:29.7537092Z (Reading database ... 15%
build-containers (ubuntu-latest, amd64)	Build and Push Image	2026-06-30T06:14:29.7537435Z (Reading database ... 20%
build-containers (ubuntu-latest, amd64)	Build and Push Image	2026-06-30T06:14:29.7537774Z (Reading database ... 25%
build-containers (ubuntu-latest, amd64)	Build and Push Image	2026-06-30T06:14:29.7538114Z (Reading database ... 30%
build-containers (ubuntu-latest, amd64)	Build and Push Image	2026-06-30T06:14:29.7538469Z (Reading database ... 35%
build-containers (ubuntu-latest, amd64)	Build and Push Image	2026-06-30T06:14:29.7538836Z (Reading database ... 40%
build-containers (ubuntu-latest, amd64)	Build and Push Image	2026-06-30T06:14:29.7539461Z (Reading database ... 45%
build-containers (ubuntu-latest, amd64)	Build and Push Image	2026-06-30T06:14:29.7539882Z (Reading database ... 50%
build-containers (ubuntu-latest, amd64)	Build and Push Image	2026-06-30T06:14:29.7540230Z (Reading database ... 55%
build-containers (ubuntu-latest, amd64)	Build and Push Image	2026-06-30T06:14:29.7540572Z (Reading database ... 60%
build-containers (ubuntu-latest, amd64)	Build and Push Image	2026-06-30T06:14:29.7540982Z (Reading database ... 65%
build-containers (ubuntu-latest, amd64)	Build and Push Image	2026-06-30T06:14:29.7541359Z (Reading database ... 70%
build-containers (ubuntu-latest, amd64)	Build and Push Image	2026-06-30T06:14:29.7541768Z (Reading database ... 75%
build-containers (ubuntu-latest, amd64)	Build and Push Image	2026-06-30T06:14:29.7542113Z (Reading database ... 80%
build-containers (ubuntu-latest, amd64)	Build and Push Image	2026-06-30T06:14:29.7542459Z (Reading database ... 85%
build-containers (ubuntu-latest, amd64)	Build and Push Image	2026-06-30T06:14:29.7542820Z (Reading database ... 90%
build-containers (ubuntu-latest, amd64)	Build and Push Image	2026-06-30T06:14:29.7543157Z (Reading database ... 95%
build-containers (ubuntu-latest, amd64)	Build and Push Image	2026-06-30T06:14:29.7543497Z (Reading database ... 100%
build-containers (ubuntu-latest, amd64)	Build and Push Image	2026-06-30T06:14:29.7544013Z (Reading database ... 6095 files and directories currently installed.)
build-containers (ubuntu-latest, amd64)	Build and Push Image	2026-06-30T06:14:29.7544787Z #7 4.745 Preparing to unpack .../libc-bin_2.36-9+deb12u14_amd64.deb ...
build-containers (ubuntu-latest, amd64)	Build and Push Image	2026-06-30T06:14:29.7545514Z #7 4.747 Unpacking libc-bin (2.36-9+deb12u14) over (2.36-9+deb12u13) ...
build-containers (ubuntu-latest, amd64)	Build and Push Image	2026-06-30T06:14:29.7546152Z #7 4.811 Setting up libc-bin (2.36-9+deb12u14) ...
build-containers (ubuntu-latest, amd64)	Build and Push Image	2026-06-30T06:14:29.7546751Z #7 4.836 Selecting previously unselected package libssl3:amd64.
build-containers (ubuntu-latest, amd64)	Build and Push Image	2026-06-30T06:14:29.7547290Z #7 4.836 (Reading database ... 
build-containers (ubuntu-latest, amd64)	Build and Push Image	2026-06-30T06:14:29.7547667Z (Reading database ... 5%
build-containers (ubuntu-latest, amd64)	Build and Push Image	2026-06-30T06:14:29.7548017Z (Reading database ... 10%
build-containers (ubuntu-latest, amd64)	Build and Push Image	2026-06-30T06:14:29.7548361Z (Reading database ... 15%
build-containers (ubuntu-latest, amd64)	Build and Push Image	2026-06-30T06:14:29.7549052Z (Reading database ... 20%
build-containers (ubuntu-latest, amd64)	Build and Push Image	2026-06-30T06:14:29.7549548Z (Reading database ... 25%
build-containers (ubuntu-latest, amd64)	Build and Push Image	2026-06-30T06:14:29.7549894Z (Reading database ... 30%
build-containers (ubuntu-latest, amd64)	Build and Push Image	2026-06-30T06:14:29.7550230Z (Reading database ... 35%
build-containers (ubuntu-latest, amd64)	Build and Push Image	2026-06-30T06:14:29.7550566Z (Reading database ... 40%
build-containers (ubuntu-latest, amd64)	Build and Push Image	2026-06-30T06:14:29.7550901Z (Reading database ... 45%
build-containers (ubuntu-latest, amd64)	Build and Push Image	2026-06-30T06:14:29.7551239Z (Reading database ... 50%
build-containers (ubuntu-latest, amd64)	Build and Push Image	2026-06-30T06:14:29.7551593Z (Reading database ... 55%
build-containers (ubuntu-latest, amd64)	Build and Push Image	2026-06-30T06:14:29.7552096Z (Reading database ... 60%
build-containers (ubuntu-latest, amd64)	Build and Push Image	2026-06-30T06:14:29.7552440Z (Reading database ... 65%
build-containers (ubuntu-latest, amd64)	Build and Push Image	2026-06-30T06:14:29.7552786Z (Reading database ... 70%
build-containers (ubuntu-latest, amd64)	Build and Push Image	2026-06-30T06:14:29.8808355Z (Reading database ... 75%
build-containers (ubuntu-latest, amd64)	Build and Push Image	2026-06-30T06:14:29.8809894Z (Reading database ... 80%
build-containers (ubuntu-latest, amd64)	Build and Push Image	2026-06-30T06:14:29.8810630Z (Reading database ... 85%
build-containers (ubuntu-latest, amd64)	Build and Push Image	2026-06-30T06:14:29.8811447Z (Reading database ... 90%
build-containers (ubuntu-latest, amd64)	Build and Push Image	2026-06-30T06:14:29.8812097Z (Reading database ... 95%
build-containers (ubuntu-latest, amd64)	Build and Push Image	2026-06-30T06:14:29.8812550Z (Reading database ... 100%
build-containers (ubuntu-latest, amd64)	Build and Push Image	2026-06-30T06:14:29.8813273Z (Reading database ... 6095 files and directories currently installed.)
build-containers (ubuntu-latest, amd64)	Build and Push Image	2026-06-30T06:14:29.8814186Z #7 4.843 Preparing to unpack .../libssl3_3.0.20-1~deb12u2_amd64.deb ...
build-containers (ubuntu-latest, amd64)	Build and Push Image	2026-06-30T06:14:29.8814835Z #7 4.845 Unpacking libssl3:amd64 (3.0.20-1~deb12u2) ...
build-containers (ubuntu-latest, amd64)	Build and Push Image	2026-06-30T06:14:29.8815346Z #7 4.967 Selecting previously unselected package libpython3.11-minimal:amd64.
build-containers (ubuntu-latest, amd64)	Build and Push Image	2026-06-30T06:14:29.9829113Z #7 4.968 Preparing to unpack .../libpython3.11-minimal_3.11.2-6+deb12u7_amd64.deb ...
build-containers (ubuntu-latest, amd64)	Build and Push Image	2026-06-30T06:14:29.9831261Z #7 4.969 Unpacking libpython3.11-minimal:amd64 (3.11.2-6+deb12u7) ...
build-containers (ubuntu-latest, amd64)	Build and Push Image	2026-06-30T06:14:29.9832210Z #7 5.047 Selecting previously unselected package libexpat1:amd64.
build-containers (ubuntu-latest, amd64)	Build and Push Image	2026-06-30T06:14:29.9832983Z #7 5.048 Preparing to unpack .../libexpat1_2.5.0-1+deb12u2_amd64.deb ...
build-containers (ubuntu-latest, amd64)	Build and Push Image	2026-06-30T06:14:29.9833657Z #7 5.049 Unpacking libexpat1:amd64 (2.5.0-1+deb12u2) ...
build-containers (ubuntu-latest, amd64)	Build and Push Image	2026-06-30T06:14:29.9834291Z #7 5.068 Selecting previously unselected package python3.11-minimal.
build-containers (ubuntu-latest, amd64)	Build and Push Image	2026-06-30T06:14:30.1284599Z #7 5.069 Preparing to unpack .../python3.11-minimal_3.11.2-6+deb12u7_amd64.deb ...
build-containers (ubuntu-latest, amd64)	Build and Push Image	2026-06-30T06:14:30.1285477Z #7 5.073 Unpacking python3.11-minimal (3.11.2-6+deb12u7) ...
build-containers (ubuntu-latest, amd64)	Build and Push Image	2026-06-30T06:14:30.1286073Z #7 5.214 Setting up libssl3:amd64 (3.0.20-1~deb12u2) ...
build-containers (ubuntu-latest, amd64)	Build and Push Image	2026-06-30T06:14:30.2870588Z #7 5.217 Setting up libpython3.11-minimal:amd64 (3.11.2-6+deb12u7) ...
build-containers (ubuntu-latest, amd64)	Build and Push Image	2026-06-30T06:14:30.2871450Z #7 5.220 Setting up libexpat1:amd64 (2.5.0-1+deb12u2) ...
build-containers (ubuntu-latest, amd64)	Build and Push Image	2026-06-30T06:14:30.2872077Z #7 5.222 Setting up python3.11-minimal (3.11.2-6+deb12u7) ...
build-containers (ubuntu-latest, amd64)	Build and Push Image	2026-06-30T06:14:30.6842120Z #7 5.770 Selecting previously unselected package python3-minimal.
build-containers (ubuntu-latest, amd64)	Build and Push Image	2026-06-30T06:14:30.7925353Z #7 5.770 (Reading database ... 
build-containers (ubuntu-latest, amd64)	Build and Push Image	2026-06-30T06:14:30.7926255Z (Reading database ... 5%
build-containers (ubuntu-latest, amd64)	Build and Push Image	2026-06-30T06:14:30.7926981Z (Reading database ... 10%
build-containers (ubuntu-latest, amd64)	Build and Push Image	2026-06-30T06:14:30.7927499Z (Reading database ... 15%
build-containers (ubuntu-latest, amd64)	Build and Push Image	2026-06-30T06:14:30.7927855Z (Reading database ... 20%
build-containers (ubuntu-latest, amd64)	Build and Push Image	2026-06-30T06:14:30.7929106Z (Reading database ... 25%
build-containers (ubuntu-latest, amd64)	Build and Push Image	2026-06-30T06:14:30.7929673Z (Reading database ... 30%
build-containers (ubuntu-latest, amd64)	Build and Push Image	2026-06-30T06:14:30.7929891Z (Reading database ... 35%
build-containers (ubuntu-latest, amd64)	Build and Push Image	2026-06-30T06:14:30.7930146Z (Reading database ... 40%
build-containers (ubuntu-latest, amd64)	Build and Push Image	2026-06-30T06:14:30.7930471Z (Reading database ... 45%
build-containers (ubuntu-latest, amd64)	Build and Push Image	2026-06-30T06:14:30.7930689Z (Reading database ... 50%
build-containers (ubuntu-latest, amd64)	Build and Push Image	2026-06-30T06:14:30.7930919Z (Reading database ... 55%
build-containers (ubuntu-latest, amd64)	Build and Push Image	2026-06-30T06:14:30.7931135Z (Reading database ... 60%
build-containers (ubuntu-latest, amd64)	Build and Push Image	2026-06-30T06:14:30.7931350Z (Reading database ... 65%
build-containers (ubuntu-latest, amd64)	Build and Push Image	2026-06-30T06:14:30.7931570Z (Reading database ... 70%
build-containers (ubuntu-latest, amd64)	Build and Push Image	2026-06-30T06:14:30.7931787Z (Reading database ... 75%
build-containers (ubuntu-latest, amd64)	Build and Push Image	2026-06-30T06:14:30.7932018Z (Reading database ... 80%
build-containers (ubuntu-latest, amd64)	Build and Push Image	2026-06-30T06:14:30.7932244Z (Reading database ... 85%
build-containers (ubuntu-latest, amd64)	Build and Push Image	2026-06-30T06:14:30.7932460Z (Reading database ... 90%
build-containers (ubuntu-latest, amd64)	Build and Push Image	2026-06-30T06:14:30.7932671Z (Reading database ... 95%
build-containers (ubuntu-latest, amd64)	Build and Push Image	2026-06-30T06:14:30.7932888Z (Reading database ... 100%
build-containers (ubuntu-latest, amd64)	Build and Push Image	2026-06-30T06:14:30.7933226Z (Reading database ... 6423 files and directories currently installed.)
build-containers (ubuntu-latest, amd64)	Build and Push Image	2026-06-30T06:14:30.7934021Z #7 5.776 Preparing to unpack .../00-python3-minimal_3.11.2-1+b1_amd64.deb ...
build-containers (ubuntu-latest, amd64)	Build and Push Image	2026-06-30T06:14:30.7935318Z #7 5.776 Unpacking python3-minimal (3.11.2-1+b1) ...
build-containers (ubuntu-latest, amd64)	Build and Push Image	2026-06-30T06:14:30.7936625Z #7 5.790 Selecting previously unselected package media-types.
build-containers (ubuntu-latest, amd64)	Build and Push Image	2026-06-30T06:14:30.7937910Z #7 5.792 Preparing to unpack .../01-media-types_10.0.0_all.deb ...
build-containers (ubuntu-latest, amd64)	Build and Push Image	2026-06-30T06:14:30.7938682Z #7 5.792 Unpacking media-types (10.0.0) ...
build-containers (ubuntu-latest, amd64)	Build and Push Image	2026-06-30T06:14:30.7939455Z #7 5.806 Selecting previously unselected package libncursesw6:amd64.
build-containers (ubuntu-latest, amd64)	Build and Push Image	2026-06-30T06:14:30.7940041Z #7 5.807 Preparing to unpack .../02-libncursesw6_6.4-4_amd64.deb ...
build-containers (ubuntu-latest, amd64)	Build and Push Image	2026-06-30T06:14:30.7940676Z #7 5.808 Unpacking libncursesw6:amd64 (6.4-4) ...
build-containers (ubuntu-latest, amd64)	Build and Push Image	2026-06-30T06:14:30.7941344Z #7 5.828 Selecting previously unselected package libkrb5support0:amd64.
build-containers (ubuntu-latest, amd64)	Build and Push Image	2026-06-30T06:14:30.7942107Z #7 5.830 Preparing to unpack .../03-libkrb5support0_1.20.1-2+deb12u5_amd64.deb ...
build-containers (ubuntu-latest, amd64)	Build and Push Image	2026-06-30T06:14:30.7942869Z #7 5.831 Unpacking libkrb5support0:amd64 (1.20.1-2+deb12u5) ...
build-containers (ubuntu-latest, amd64)	Build and Push Image	2026-06-30T06:14:30.7943619Z #7 5.845 Selecting previously unselected package libk5crypto3:amd64.
build-containers (ubuntu-latest, amd64)	Build and Push Image	2026-06-30T06:14:30.7944351Z #7 5.846 Preparing to unpack .../04-libk5crypto3_1.20.1-2+deb12u5_amd64.deb ...
build-containers (ubuntu-latest, amd64)	Build and Push Image	2026-06-30T06:14:30.7945017Z #7 5.847 Unpacking libk5crypto3:amd64 (1.20.1-2+deb12u5) ...
build-containers (ubuntu-latest, amd64)	Build and Push Image	2026-06-30T06:14:30.7945666Z #7 5.864 Selecting previously unselected package libkeyutils1:amd64.
build-containers (ubuntu-latest, amd64)	Build and Push Image	2026-06-30T06:14:30.7946579Z #7 5.865 Preparing to unpack .../05-libkeyutils1_1.6.3-2_amd64.deb ...
build-containers (ubuntu-latest, amd64)	Build and Push Image	2026-06-30T06:14:30.7947175Z #7 5.866 Unpacking libkeyutils1:amd64 (1.6.3-2) ...
build-containers (ubuntu-latest, amd64)	Build and Push Image	2026-06-30T06:14:30.7947908Z #7 5.879 Selecting previously unselected package libkrb5-3:amd64.
build-containers (ubuntu-latest, amd64)	Build and Push Image	2026-06-30T06:14:30.9051799Z #7 5.880 Preparing to unpack .../06-libkrb5-3_1.20.1-2+deb12u5_amd64.deb ...
build-containers (ubuntu-latest, amd64)	Build and Push Image	2026-06-30T06:14:30.9052776Z #7 5.881 Unpacking libkrb5-3:amd64 (1.20.1-2+deb12u5) ...
build-containers (ubuntu-latest, amd64)	Build and Push Image	2026-06-30T06:14:30.9053729Z #7 5.916 Selecting previously unselected package libgssapi-krb5-2:amd64.
build-containers (ubuntu-latest, amd64)	Build and Push Image	2026-06-30T06:14:30.9054572Z #7 5.918 Preparing to unpack .../07-libgssapi-krb5-2_1.20.1-2+deb12u5_amd64.deb ...
build-containers (ubuntu-latest, amd64)	Build and Push Image	2026-06-30T06:14:30.9055176Z #7 5.919 Unpacking libgssapi-krb5-2:amd64 (1.20.1-2+deb12u5) ...
build-containers (ubuntu-latest, amd64)	Build and Push Image	2026-06-30T06:14:30.9055593Z #7 5.939 Selecting previously unselected package libtirpc-common.
build-containers (ubuntu-latest, amd64)	Build and Push Image	2026-06-30T06:14:30.9056057Z #7 5.941 Preparing to unpack .../08-libtirpc-common_1.3.3+ds-1_all.deb ...
build-containers (ubuntu-latest, amd64)	Build and Push Image	2026-06-30T06:14:30.9056491Z #7 5.942 Unpacking libtirpc-common (1.3.3+ds-1) ...
build-containers (ubuntu-latest, amd64)	Build and Push Image	2026-06-30T06:14:30.9057168Z #7 5.955 Selecting previously unselected package libtirpc3:amd64.
build-containers (ubuntu-latest, amd64)	Build and Push Image	2026-06-30T06:14:30.9057600Z #7 5.956 Preparing to unpack .../09-libtirpc3_1.3.3+ds-1_amd64.deb ...
build-containers (ubuntu-latest, amd64)	Build and Push Image	2026-06-30T06:14:30.9058001Z #7 5.956 Unpacking libtirpc3:amd64 (1.3.3+ds-1) ...
build-containers (ubuntu-latest, amd64)	Build and Push Image	2026-06-30T06:14:30.9058377Z #7 5.974 Selecting previously unselected package libnsl2:amd64.
build-containers (ubuntu-latest, amd64)	Build and Push Image	2026-06-30T06:14:30.9058780Z #7 5.975 Preparing to unpack .../10-libnsl2_1.3.0-2_amd64.deb ...
build-containers (ubuntu-latest, amd64)	Build and Push Image	2026-06-30T06:14:30.9059132Z #7 5.976 Unpacking libnsl2:amd64 (1.3.0-2) ...
build-containers (ubuntu-latest, amd64)	Build and Push Image	2026-06-30T06:14:30.9059934Z #7 5.991 Selecting previously unselected package readline-common.
build-containers (ubuntu-latest, amd64)	Build and Push Image	2026-06-30T06:14:31.0060778Z #7 5.993 Preparing to unpack .../11-readline-common_8.2-1.3_all.deb ...
build-containers (ubuntu-latest, amd64)	Build and Push Image	2026-06-30T06:14:31.0061998Z #7 5.994 Unpacking readline-common (8.2-1.3) ...
build-containers (ubuntu-latest, amd64)	Build and Push Image	2026-06-30T06:14:31.0062666Z #7 6.010 Selecting previously unselected package libreadline8:amd64.
build-containers (ubuntu-latest, amd64)	Build and Push Image	2026-06-30T06:14:31.0063432Z #7 6.011 Preparing to unpack .../12-libreadline8_8.2-1.3_amd64.deb ...
build-containers (ubuntu-latest, amd64)	Build and Push Image	2026-06-30T06:14:31.0063950Z #7 6.012 Unpacking libreadline8:amd64 (8.2-1.3) ...
build-containers (ubuntu-latest, amd64)	Build and Push Image	2026-06-30T06:14:31.0064462Z #7 6.036 Selecting previously unselected package libsqlite3-0:amd64.
build-containers (ubuntu-latest, amd64)	Build and Push Image	2026-06-30T06:14:31.0065206Z #7 6.037 Preparing to unpack .../13-libsqlite3-0_3.40.1-2+deb12u2_amd64.deb ...
build-containers (ubuntu-latest, amd64)	Build and Push Image	2026-06-30T06:14:31.0066175Z #7 6.038 Unpacking libsqlite3-0:amd64 (3.40.1-2+deb12u2) ...
build-containers (ubuntu-latest, amd64)	Build and Push Image	2026-06-30T06:14:31.0067326Z #7 6.091 Selecting previously unselected package libpython3.11-stdlib:amd64.
build-containers (ubuntu-latest, amd64)	Build and Push Image	2026-06-30T06:14:31.0068347Z #7 6.092 Preparing to unpack .../14-libpython3.11-stdlib_3.11.2-6+deb12u7_amd64.deb ...
build-containers (ubuntu-latest, amd64)	Build and Push Image	2026-06-30T06:14:31.1354415Z #7 6.093 Unpacking libpython3.11-stdlib:amd64 (3.11.2-6+deb12u7) ...
build-containers (ubuntu-latest, amd64)	Build and Push Image	2026-06-30T06:14:31.1355332Z #7 6.221 Selecting previously unselected package python3.11.
build-containers (ubuntu-latest, amd64)	Build and Push Image	2026-06-30T06:14:31.2900988Z #7 6.223 Preparing to unpack .../15-python3.11_3.11.2-6+deb12u7_amd64.deb ...
build-containers (ubuntu-latest, amd64)	Build and Push Image	2026-06-30T06:14:31.2902021Z #7 6.224 Unpacking python3.11 (3.11.2-6+deb12u7) ...
build-containers (ubuntu-latest, amd64)	Build and Push Image	2026-06-30T06:14:31.2902457Z #7 6.247 Selecting previously unselected package libpython3-stdlib:amd64.
build-containers (ubuntu-latest, amd64)	Build and Push Image	2026-06-30T06:14:31.2902956Z #7 6.248 Preparing to unpack .../16-libpython3-stdlib_3.11.2-1+b1_amd64.deb ...
build-containers (ubuntu-latest, amd64)	Build and Push Image	2026-06-30T06:14:31.2903384Z #7 6.249 Unpacking libpython3-stdlib:amd64 (3.11.2-1+b1) ...
build-containers (ubuntu-latest, amd64)	Build and Push Image	2026-06-30T06:14:31.2903749Z #7 6.265 Setting up python3-minimal (3.11.2-1+b1) ...
build-containers (ubuntu-latest, amd64)	Build and Push Image	2026-06-30T06:14:31.2904126Z #7 6.376 Selecting previously unselected package python3.
build-containers (ubuntu-latest, amd64)	Build and Push Image	2026-06-30T06:14:31.4075068Z #7 6.376 (Reading database ... 
build-containers (ubuntu-latest, amd64)	Build and Push Image	2026-06-30T06:14:31.4075909Z (Reading database ... 5%
build-containers (ubuntu-latest, amd64)	Build and Push Image	2026-06-30T06:14:31.4076775Z (Reading database ... 10%
build-containers (ubuntu-latest, amd64)	Build and Push Image	2026-06-30T06:14:31.4077215Z (Reading database ... 15%
build-containers (ubuntu-latest, amd64)	Build and Push Image	2026-06-30T06:14:31.4077577Z (Reading database ... 20%
build-containers (ubuntu-latest, amd64)	Build and Push Image	2026-06-30T06:14:31.4077935Z (Reading database ... 25%
build-containers (ubuntu-latest, amd64)	Build and Push Image	2026-06-30T06:14:31.4078277Z (Reading database ... 30%
build-containers (ubuntu-latest, amd64)	Build and Push Image	2026-06-30T06:14:31.4079141Z (Reading database ... 35%
build-containers (ubuntu-latest, amd64)	Build and Push Image	2026-06-30T06:14:31.4079640Z (Reading database ... 40%
build-containers (ubuntu-latest, amd64)	Build and Push Image	2026-06-30T06:14:31.4079974Z (Reading database ... 45%
build-containers (ubuntu-latest, amd64)	Build and Push Image	2026-06-30T06:14:31.4080334Z (Reading database ... 50%
build-containers (ubuntu-latest, amd64)	Build and Push Image	2026-06-30T06:14:31.4080660Z (Reading database ... 55%
build-containers (ubuntu-latest, amd64)	Build and Push Image	2026-06-30T06:14:31.4080877Z (Reading database ... 60%
build-containers (ubuntu-latest, amd64)	Build and Push Image	2026-06-30T06:14:31.4081159Z (Reading database ... 65%
build-containers (ubuntu-latest, amd64)	Build and Push Image	2026-06-30T06:14:31.4081448Z (Reading database ... 70%
build-containers (ubuntu-latest, amd64)	Build and Push Image	2026-06-30T06:14:31.4081665Z (Reading database ... 75%
build-containers (ubuntu-latest, amd64)	Build and Push Image	2026-06-30T06:14:31.4081879Z (Reading database ... 80%
build-containers (ubuntu-latest, amd64)	Build and Push Image	2026-06-30T06:14:31.4082216Z (Reading database ... 85%
build-containers (ubuntu-latest, amd64)	Build and Push Image	2026-06-30T06:14:31.4082426Z (Reading database ... 90%
build-containers (ubuntu-latest, amd64)	Build and Push Image	2026-06-30T06:14:31.4082639Z (Reading database ... 95%
build-containers (ubuntu-latest, amd64)	Build and Push Image	2026-06-30T06:14:31.4082961Z (Reading database ... 100%
build-containers (ubuntu-latest, amd64)	Build and Push Image	2026-06-30T06:14:31.4083301Z (Reading database ... 6931 files and directories currently installed.)
build-containers (ubuntu-latest, amd64)	Build and Push Image	2026-06-30T06:14:31.4083874Z #7 6.381 Preparing to unpack .../python3_3.11.2-1+b1_amd64.deb ...
build-containers (ubuntu-latest, amd64)	Build and Push Image	2026-06-30T06:14:31.4084236Z #7 6.385 Unpacking python3 (3.11.2-1+b1) ...
build-containers (ubuntu-latest, amd64)	Build and Push Image	2026-06-30T06:14:31.4084742Z #7 6.402 Preparing to unpack .../libcap2_1%3a2.66-4+deb12u3+b1_amd64.deb ...
build-containers (ubuntu-latest, amd64)	Build and Push Image	2026-06-30T06:14:31.4085493Z #7 6.404 Unpacking libcap2:amd64 (1:2.66-4+deb12u3+b1) over (1:2.66-4+deb12u2) ...
build-containers (ubuntu-latest, amd64)	Build and Push Image	2026-06-30T06:14:31.4086567Z #7 6.423 Setting up libcap2:amd64 (1:2.66-4+deb12u3+b1) ...
build-containers (ubuntu-latest, amd64)	Build and Push Image	2026-06-30T06:14:31.4087194Z #7 6.439 Selecting previously unselected package libelf1:amd64.
build-containers (ubuntu-latest, amd64)	Build and Push Image	2026-06-30T06:14:31.4087975Z #7 6.439 (Reading database ... 
build-containers (ubuntu-latest, amd64)	Build and Push Image	2026-06-30T06:14:31.4088375Z (Reading database ... 5%
build-containers (ubuntu-latest, amd64)	Build and Push Image	2026-06-30T06:14:31.4088753Z (Reading database ... 10%
build-containers (ubuntu-latest, amd64)	Build and Push Image	2026-06-30T06:14:31.4089583Z (Reading database ... 15%
build-containers (ubuntu-latest, amd64)	Build and Push Image	2026-06-30T06:14:31.4089924Z (Reading database ... 20%
build-containers (ubuntu-latest, amd64)	Build and Push Image	2026-06-30T06:14:31.4090330Z (Reading database ... 25%
build-containers (ubuntu-latest, amd64)	Build and Push Image	2026-06-30T06:14:31.4090678Z (Reading database ... 30%
build-containers (ubuntu-latest, amd64)	Build and Push Image	2026-06-30T06:14:31.4091155Z (Reading database ... 35%
build-containers (ubuntu-latest, amd64)	Build and Push Image	2026-06-30T06:14:31.4091653Z (Reading database ... 40%
build-containers (ubuntu-latest, amd64)	Build and Push Image	2026-06-30T06:14:31.4092007Z (Reading database ... 45%
build-containers (ubuntu-latest, amd64)	Build and Push Image	2026-06-30T06:14:31.4092354Z (Reading database ... 50%
build-containers (ubuntu-latest, amd64)	Build and Push Image	2026-06-30T06:14:31.4092583Z (Reading database ... 55%
build-containers (ubuntu-latest, amd64)	Build and Push Image	2026-06-30T06:14:31.4093016Z (Reading database ... 60%
build-containers (ubuntu-latest, amd64)	Build and Push Image	2026-06-30T06:14:31.4093413Z (Reading database ... 65%
build-containers (ubuntu-latest, amd64)	Build and Push Image	2026-06-30T06:14:31.4093649Z (Reading database ... 70%
build-containers (ubuntu-latest, amd64)	Build and Push Image	2026-06-30T06:14:31.4093885Z (Reading database ... 75%
build-containers (ubuntu-latest, amd64)	Build and Push Image	2026-06-30T06:14:31.4094102Z (Reading database ... 80%
build-containers (ubuntu-latest, amd64)	Build and Push Image	2026-06-30T06:14:31.4094396Z (Reading database ... 85%
build-containers (ubuntu-latest, amd64)	Build and Push Image	2026-06-30T06:14:31.4094611Z (Reading database ... 90%
build-containers (ubuntu-latest, amd64)	Build and Push Image	2026-06-30T06:14:31.4094925Z (Reading database ... 95%
build-containers (ubuntu-latest, amd64)	Build and Push Image	2026-06-30T06:14:31.4095147Z (Reading database ... 100%
build-containers (ubuntu-latest, amd64)	Build and Push Image	2026-06-30T06:14:31.4095473Z (Reading database ... 6954 files and directories currently installed.)
build-containers (ubuntu-latest, amd64)	Build and Push Image	2026-06-30T06:14:31.4096015Z #7 6.446 Preparing to unpack .../00-libelf1_0.188-2.1_amd64.deb ...
build-containers (ubuntu-latest, amd64)	Build and Push Image	2026-06-30T06:14:31.4096632Z #7 6.447 Unpacking libelf1:amd64 (0.188-2.1) ...
build-containers (ubuntu-latest, amd64)	Build and Push Image	2026-06-30T06:14:31.4097191Z #7 6.472 Selecting previously unselected package libbpf1:amd64.
build-containers (ubuntu-latest, amd64)	Build and Push Image	2026-06-30T06:14:31.4097902Z #7 6.472 Preparing to unpack .../01-libbpf1_1%3a1.1.2-0+deb12u1_amd64.deb ...
build-containers (ubuntu-latest, amd64)	Build and Push Image	2026-06-30T06:14:31.4098899Z #7 6.473 Unpacking libbpf1:amd64 (1:1.1.2-0+deb12u1) ...
build-containers (ubuntu-latest, amd64)	Build and Push Image	2026-06-30T06:14:31.4099716Z #7 6.494 Selecting previously unselected package libbsd0:amd64.
build-containers (ubuntu-latest, amd64)	Build and Push Image	2026-06-30T06:14:31.5673808Z #7 6.495 Preparing to unpack .../02-libbsd0_0.11.7-2_amd64.deb ...
build-containers (ubuntu-latest, amd64)	Build and Push Image	2026-06-30T06:14:31.5675005Z #7 6.496 Unpacking libbsd0:amd64 (0.11.7-2) ...
build-containers (ubuntu-latest, amd64)	Build and Push Image	2026-06-30T06:14:31.5676238Z #7 6.518 Selecting previously unselected package libmnl0:amd64.
build-containers (ubuntu-latest, amd64)	Build and Push Image	2026-06-30T06:14:31.5677062Z #7 6.519 Preparing to unpack .../03-libmnl0_1.0.4-3_amd64.deb ...
build-containers (ubuntu-latest, amd64)	Build and Push Image	2026-06-30T06:14:31.5677816Z #7 6.520 Unpacking libmnl0:amd64 (1.0.4-3) ...
build-containers (ubuntu-latest, amd64)	Build and Push Image	2026-06-30T06:14:31.5678521Z #7 6.533 Selecting previously unselected package libxtables12:amd64.
build-containers (ubuntu-latest, amd64)	Build and Push Image	2026-06-30T06:14:31.5679795Z #7 6.534 Preparing to unpack .../04-libxtables12_1.8.9-2_amd64.deb ...
build-containers (ubuntu-latest, amd64)	Build and Push Image	2026-06-30T06:14:31.5680540Z #7 6.535 Unpacking libxtables12:amd64 (1.8.9-2) ...
build-containers (ubuntu-latest, amd64)	Build and Push Image	2026-06-30T06:14:31.5681248Z #7 6.548 Selecting previously unselected package libcap2-bin.
build-containers (ubuntu-latest, amd64)	Build and Push Image	2026-06-30T06:14:31.5682076Z #7 6.549 Preparing to unpack .../05-libcap2-bin_1%3a2.66-4+deb12u3+b1_amd64.deb ...
build-containers (ubuntu-latest, amd64)	Build and Push Image	2026-06-30T06:14:31.5682948Z #7 6.550 Unpacking libcap2-bin (1:2.66-4+deb12u3+b1) ...
build-containers (ubuntu-latest, amd64)	Build and Push Image	2026-06-30T06:14:31.5683749Z #7 6.565 Selecting previously unselected package iproute2.
build-containers (ubuntu-latest, amd64)	Build and Push Image	2026-06-30T06:14:31.5684606Z #7 6.567 Preparing to unpack .../06-iproute2_6.1.0-3_amd64.deb ...
build-containers (ubuntu-latest, amd64)	Build and Push Image	2026-06-30T06:14:31.5685338Z #7 6.568 Unpacking iproute2 (6.1.0-3) ...
build-containers (ubuntu-latest, amd64)	Build and Push Image	2026-06-30T06:14:31.5685860Z #7 6.653 Selecting previously unselected package openssl.
build-containers (ubuntu-latest, amd64)	Build and Push Image	2026-06-30T06:14:31.6680840Z #7 6.655 Preparing to unpack .../07-openssl_3.0.20-1~deb12u2_amd64.deb ...
build-containers (ubuntu-latest, amd64)	Build and Push Image	2026-06-30T06:14:31.6681639Z #7 6.656 Unpacking openssl (3.0.20-1~deb12u2) ...
build-containers (ubuntu-latest, amd64)	Build and Push Image	2026-06-30T06:14:31.6682275Z #7 6.754 Selecting previously unselected package ca-certificates.
build-containers (ubuntu-latest, amd64)	Build and Push Image	2026-06-30T06:14:31.8631658Z #7 6.756 Preparing to unpack .../08-ca-certificates_20230311+deb12u1_all.deb ...
build-containers (ubuntu-latest, amd64)	Build and Push Image	2026-06-30T06:14:31.8632520Z #7 6.757 Unpacking ca-certificates (20230311+deb12u1) ...
build-containers (ubuntu-latest, amd64)	Build and Push Image	2026-06-30T06:14:31.8633229Z #7 6.796 Selecting previously unselected package binutils-common:amd64.
build-containers (ubuntu-latest, amd64)	Build and Push Image	2026-06-30T06:14:31.8634048Z #7 6.798 Preparing to unpack .../09-binutils-common_2.40-2_amd64.deb ...
build-containers (ubuntu-latest, amd64)	Build and Push Image	2026-06-30T06:14:31.8635273Z #7 6.799 Unpacking binutils-common:amd64 (2.40-2) ...
build-containers (ubuntu-latest, amd64)	Build and Push Image	2026-06-30T06:14:31.8837913Z #7 6.970 Selecting previously unselected package libbinutils:amd64.
build-containers (ubuntu-latest, amd64)	Build and Push Image	2026-06-30T06:14:32.0458349Z #7 6.971 Preparing to unpack .../10-libbinutils_2.40-2_amd64.deb ...
build-containers (ubuntu-latest, amd64)	Build and Push Image	2026-06-30T06:14:32.0459400Z #7 6.972 Unpacking libbinutils:amd64 (2.40-2) ...
build-containers (ubuntu-latest, amd64)	Build and Push Image	2026-06-30T06:14:32.0459957Z #7 7.020 Selecting previously unselected package libctf-nobfd0:amd64.
build-containers (ubuntu-latest, amd64)	Build and Push Image	2026-06-30T06:14:32.0460582Z #7 7.021 Preparing to unpack .../11-libctf-nobfd0_2.40-2_amd64.deb ...
build-containers (ubuntu-latest, amd64)	Build and Push Image	2026-06-30T06:14:32.0461111Z #7 7.022 Unpacking libctf-nobfd0:amd64 (2.40-2) ...
build-containers (ubuntu-latest, amd64)	Build and Push Image	2026-06-30T06:14:32.0461619Z #7 7.044 Selecting previously unselected package libctf0:amd64.
build-containers (ubuntu-latest, amd64)	Build and Push Image	2026-06-30T06:14:32.0462176Z #7 7.045 Preparing to unpack .../12-libctf0_2.40-2_amd64.deb ...
build-containers (ubuntu-latest, amd64)	Build and Push Image	2026-06-30T06:14:32.0462664Z #7 7.046 Unpacking libctf0:amd64 (2.40-2) ...
build-containers (ubuntu-latest, amd64)	Build and Push Image	2026-06-30T06:14:32.0463210Z #7 7.064 Selecting previously unselected package libgprofng0:amd64.
build-containers (ubuntu-latest, amd64)	Build and Push Image	2026-06-30T06:14:32.0463809Z #7 7.065 Preparing to unpack .../13-libgprofng0_2.40-2_amd64.deb ...
build-containers (ubuntu-latest, amd64)	Build and Push Image	2026-06-30T06:14:32.0464367Z #7 7.066 Unpacking libgprofng0:amd64 (2.40-2) ...
build-containers (ubuntu-latest, amd64)	Build and Push Image	2026-06-30T06:14:32.0464887Z #7 7.132 Selecting previously unselected package libjansson4:amd64.
build-containers (ubuntu-latest, amd64)	Build and Push Image	2026-06-30T06:14:32.2157325Z #7 7.134 Preparing to unpack .../14-libjansson4_2.14-2_amd64.deb ...
build-containers (ubuntu-latest, amd64)	Build and Push Image	2026-06-30T06:14:32.2157921Z #7 7.135 Unpacking libjansson4:amd64 (2.14-2) ...
build-containers (ubuntu-latest, amd64)	Build and Push Image	2026-06-30T06:14:32.2158363Z #7 7.149 Selecting previously unselected package binutils-x86-64-linux-gnu.
build-containers (ubuntu-latest, amd64)	Build and Push Image	2026-06-30T06:14:32.2158898Z #7 7.150 Preparing to unpack .../15-binutils-x86-64-linux-gnu_2.40-2_amd64.deb ...
build-containers (ubuntu-latest, amd64)	Build and Push Image	2026-06-30T06:14:32.2390789Z #7 7.151 Unpacking binutils-x86-64-linux-gnu (2.40-2) ...
build-containers (ubuntu-latest, amd64)	Build and Push Image	2026-06-30T06:14:32.2391431Z #7 7.325 Selecting previously unselected package binutils.
build-containers (ubuntu-latest, amd64)	Build and Push Image	2026-06-30T06:14:32.3614356Z #7 7.327 Preparing to unpack .../16-binutils_2.40-2_amd64.deb ...
build-containers (ubuntu-latest, amd64)	Build and Push Image	2026-06-30T06:14:32.3615560Z #7 7.328 Unpacking binutils (2.40-2) ...
build-containers (ubuntu-latest, amd64)	Build and Push Image	2026-06-30T06:14:32.3616059Z #7 7.348 Selecting previously unselected package libisl23:amd64.
build-containers (ubuntu-latest, amd64)	Build and Push Image	2026-06-30T06:14:32.3616682Z #7 7.350 Preparing to unpack .../17-libisl23_0.25-1.1_amd64.deb ...
build-containers (ubuntu-latest, amd64)	Build and Push Image	2026-06-30T06:14:32.3617217Z #7 7.351 Unpacking libisl23:amd64 (0.25-1.1) ...
build-containers (ubuntu-latest, amd64)	Build and Push Image	2026-06-30T06:14:32.3617730Z #7 7.408 Selecting previously unselected package libmpfr6:amd64.
build-containers (ubuntu-latest, amd64)	Build and Push Image	2026-06-30T06:14:32.3618316Z #7 7.409 Preparing to unpack .../18-libmpfr6_4.2.0-1_amd64.deb ...
build-containers (ubuntu-latest, amd64)	Build and Push Image	2026-06-30T06:14:32.3618823Z #7 7.410 Unpacking libmpfr6:amd64 (4.2.0-1) ...
build-containers (ubuntu-latest, amd64)	Build and Push Image	2026-06-30T06:14:32.3619759Z #7 7.447 Selecting previously unselected package libmpc3:amd64.
build-containers (ubuntu-latest, amd64)	Build and Push Image	2026-06-30T06:14:32.5314410Z #7 7.449 Preparing to unpack .../19-libmpc3_1.3.1-1_amd64.deb ...
build-containers (ubuntu-latest, amd64)	Build and Push Image	2026-06-30T06:14:32.5314915Z #7 7.450 Unpacking libmpc3:amd64 (1.3.1-1) ...
build-containers (ubuntu-latest, amd64)	Build and Push Image	2026-06-30T06:14:32.5315282Z #7 7.464 Selecting previously unselected package cpp-12.
build-containers (ubuntu-latest, amd64)	Build and Push Image	2026-06-30T06:14:32.5315700Z #7 7.466 Preparing to unpack .../20-cpp-12_12.2.0-14+deb12u1_amd64.deb ...
build-containers (ubuntu-latest, amd64)	Build and Push Image	2026-06-30T06:14:32.5316145Z #7 7.467 Unpacking cpp-12 (12.2.0-14+deb12u1) ...
build-containers (ubuntu-latest, amd64)	Build and Push Image	2026-06-30T06:14:32.9047794Z #7 7.991 Selecting previously unselected package cpp.
build-containers (ubuntu-latest, amd64)	Build and Push Image	2026-06-30T06:14:33.1398707Z #7 7.992 Preparing to unpack .../21-cpp_4%3a12.2.0-3_amd64.deb ...
build-containers (ubuntu-latest, amd64)	Build and Push Image	2026-06-30T06:14:33.1399911Z #7 7.993 Unpacking cpp (4:12.2.0-3) ...
build-containers (ubuntu-latest, amd64)	Build and Push Image	2026-06-30T06:14:33.1400491Z #7 8.006 Selecting previously unselected package libcc1-0:amd64.
build-containers (ubuntu-latest, amd64)	Build and Push Image	2026-06-30T06:14:33.1401205Z #7 8.007 Preparing to unpack .../22-libcc1-0_12.2.0-14+deb12u1_amd64.deb ...
build-containers (ubuntu-latest, amd64)	Build and Push Image	2026-06-30T06:14:33.1401879Z #7 8.008 Unpacking libcc1-0:amd64 (12.2.0-14+deb12u1) ...
build-containers (ubuntu-latest, amd64)	Build and Push Image	2026-06-30T06:14:33.1402498Z #7 8.023 Selecting previously unselected package libgomp1:amd64.
build-containers (ubuntu-latest, amd64)	Build and Push Image	2026-06-30T06:14:33.1403220Z #7 8.024 Preparing to unpack .../23-libgomp1_12.2.0-14+deb12u1_amd64.deb ...
build-containers (ubuntu-latest, amd64)	Build and Push Image	2026-06-30T06:14:33.1403894Z #7 8.025 Unpacking libgomp1:amd64 (12.2.0-14+deb12u1) ...
build-containers (ubuntu-latest, amd64)	Build and Push Image	2026-06-30T06:14:33.1404478Z #7 8.044 Selecting previously unselected package libitm1:amd64.
build-containers (ubuntu-latest, amd64)	Build and Push Image	2026-06-30T06:14:33.1405195Z #7 8.045 Preparing to unpack .../24-libitm1_12.2.0-14+deb12u1_amd64.deb ...
build-containers (ubuntu-latest, amd64)	Build and Push Image	2026-06-30T06:14:33.1406131Z #7 8.046 Unpacking libitm1:amd64 (12.2.0-14+deb12u1) ...
build-containers (ubuntu-latest, amd64)	Build and Push Image	2026-06-30T06:14:33.1406761Z #7 8.060 Selecting previously unselected package libatomic1:amd64.
build-containers (ubuntu-latest, amd64)	Build and Push Image	2026-06-30T06:14:33.1407449Z #7 8.061 Preparing to unpack .../25-libatomic1_12.2.0-14+deb12u1_amd64.deb ...
build-containers (ubuntu-latest, amd64)	Build and Push Image	2026-06-30T06:14:33.1408090Z #7 8.062 Unpacking libatomic1:amd64 (12.2.0-14+deb12u1) ...
build-containers (ubuntu-latest, amd64)	Build and Push Image	2026-06-30T06:14:33.1408663Z #7 8.074 Selecting previously unselected package libasan8:amd64.
build-containers (ubuntu-latest, amd64)	Build and Push Image	2026-06-30T06:14:33.1409811Z #7 8.075 Preparing to unpack .../26-libasan8_12.2.0-14+deb12u1_amd64.deb ...
build-containers (ubuntu-latest, amd64)	Build and Push Image	2026-06-30T06:14:33.1410419Z #7 8.076 Unpacking libasan8:amd64 (12.2.0-14+deb12u1) ...
build-containers (ubuntu-latest, amd64)	Build and Push Image	2026-06-30T06:14:33.1422729Z #7 8.228 Selecting previously unselected package liblsan0:amd64.
build-containers (ubuntu-latest, amd64)	Build and Push Image	2026-06-30T06:14:33.3724195Z #7 8.230 Preparing to unpack .../27-liblsan0_12.2.0-14+deb12u1_amd64.deb ...
build-containers (ubuntu-latest, amd64)	Build and Push Image	2026-06-30T06:14:33.3724775Z #7 8.231 Unpacking liblsan0:amd64 (12.2.0-14+deb12u1) ...
build-containers (ubuntu-latest, amd64)	Build and Push Image	2026-06-30T06:14:33.3725281Z #7 8.306 Selecting previously unselected package libtsan2:amd64.
build-containers (ubuntu-latest, amd64)	Build and Push Image	2026-06-30T06:14:33.3725935Z #7 8.307 Preparing to unpack .../28-libtsan2_12.2.0-14+deb12u1_amd64.deb ...
build-containers (ubuntu-latest, amd64)	Build and Push Image	2026-06-30T06:14:33.3726347Z #7 8.308 Unpacking libtsan2:amd64 (12.2.0-14+deb12u1) ...
build-containers (ubuntu-latest, amd64)	Build and Push Image	2026-06-30T06:14:33.3769692Z #7 8.463 Selecting previously unselected package libubsan1:amd64.
build-containers (ubuntu-latest, amd64)	Build and Push Image	2026-06-30T06:14:33.6246264Z #7 8.465 Preparing to unpack .../29-libubsan1_12.2.0-14+deb12u1_amd64.deb ...
build-containers (ubuntu-latest, amd64)	Build and Push Image	2026-06-30T06:14:33.6247192Z #7 8.466 Unpacking libubsan1:amd64 (12.2.0-14+deb12u1) ...
build-containers (ubuntu-latest, amd64)	Build and Push Image	2026-06-30T06:14:33.6248326Z #7 8.534 Selecting previously unselected package libquadmath0:amd64.
build-containers (ubuntu-latest, amd64)	Build and Push Image	2026-06-30T06:14:33.6249625Z #7 8.535 Preparing to unpack .../30-libquadmath0_12.2.0-14+deb12u1_amd64.deb ...
build-containers (ubuntu-latest, amd64)	Build and Push Image	2026-06-30T06:14:33.6251061Z #7 8.536 Unpacking libquadmath0:amd64 (12.2.0-14+deb12u1) ...
build-containers (ubuntu-latest, amd64)	Build and Push Image	2026-06-30T06:14:33.6251783Z #7 8.557 Selecting previously unselected package libgcc-12-dev:amd64.
build-containers (ubuntu-latest, amd64)	Build and Push Image	2026-06-30T06:14:33.6252774Z #7 8.559 Preparing to unpack .../31-libgcc-12-dev_12.2.0-14+deb12u1_amd64.deb ...
build-containers (ubuntu-latest, amd64)	Build and Push Image	2026-06-30T06:14:33.6253502Z #7 8.560 Unpacking libgcc-12-dev:amd64 (12.2.0-14+deb12u1) ...
build-containers (ubuntu-latest, amd64)	Build and Push Image	2026-06-30T06:14:33.6254187Z #7 8.711 Selecting previously unselected package gcc-12.
build-containers (ubuntu-latest, amd64)	Build and Push Image	2026-06-30T06:14:33.7776976Z #7 8.712 Preparing to unpack .../32-gcc-12_12.2.0-14+deb12u1_amd64.deb ...
build-containers (ubuntu-latest, amd64)	Build and Push Image	2026-06-30T06:14:33.7777710Z #7 8.713 Unpacking gcc-12 (12.2.0-14+deb12u1) ...
build-containers (ubuntu-latest, amd64)	Build and Push Image	2026-06-30T06:14:34.2416191Z #7 9.328 Selecting previously unselected package gcc.
build-containers (ubuntu-latest, amd64)	Build and Push Image	2026-06-30T06:14:34.4294930Z #7 9.329 Preparing to unpack .../33-gcc_4%3a12.2.0-3_amd64.deb ...
build-containers (ubuntu-latest, amd64)	Build and Push Image	2026-06-30T06:14:34.4295564Z #7 9.330 Unpacking gcc (4:12.2.0-3) ...
build-containers (ubuntu-latest, amd64)	Build and Push Image	2026-06-30T06:14:34.4295930Z #7 9.345 Selecting previously unselected package libc-dev-bin.
build-containers (ubuntu-latest, amd64)	Build and Push Image	2026-06-30T06:14:34.4296403Z #7 9.347 Preparing to unpack .../34-libc-dev-bin_2.36-9+deb12u14_amd64.deb ...
build-containers (ubuntu-latest, amd64)	Build and Push Image	2026-06-30T06:14:34.4296824Z #7 9.347 Unpacking libc-dev-bin (2.36-9+deb12u14) ...
build-containers (ubuntu-latest, amd64)	Build and Push Image	2026-06-30T06:14:34.4297247Z #7 9.363 Selecting previously unselected package linux-libc-dev:amd64.
build-containers (ubuntu-latest, amd64)	Build and Push Image	2026-06-30T06:14:34.4297763Z #7 9.364 Preparing to unpack .../35-linux-libc-dev_6.1.174-1_amd64.deb ...
build-containers (ubuntu-latest, amd64)	Build and Push Image	2026-06-30T06:14:34.4298401Z #7 9.365 Unpacking linux-libc-dev:amd64 (6.1.174-1) ...
build-containers (ubuntu-latest, amd64)	Build and Push Image	2026-06-30T06:14:34.4426739Z #7 9.529 Selecting previously unselected package libcrypt-dev:amd64.
build-containers (ubuntu-latest, amd64)	Build and Push Image	2026-06-30T06:14:34.6893057Z #7 9.531 Preparing to unpack .../36-libcrypt-dev_1%3a4.4.33-2_amd64.deb ...
build-containers (ubuntu-latest, amd64)	Build and Push Image	2026-06-30T06:14:34.6893683Z #7 9.536 Unpacking libcrypt-dev:amd64 (1:4.4.33-2) ...
build-containers (ubuntu-latest, amd64)	Build and Push Image	2026-06-30T06:14:34.6894098Z #7 9.556 Selecting previously unselected package libtirpc-dev:amd64.
build-containers (ubuntu-latest, amd64)	Build and Push Image	2026-06-30T06:14:34.6894562Z #7 9.558 Preparing to unpack .../37-libtirpc-dev_1.3.3+ds-1_amd64.deb ...
build-containers (ubuntu-latest, amd64)	Build and Push Image	2026-06-30T06:14:34.6894958Z #7 9.558 Unpacking libtirpc-dev:amd64 (1.3.3+ds-1) ...
build-containers (ubuntu-latest, amd64)	Build and Push Image	2026-06-30T06:14:34.6895331Z #7 9.584 Selecting previously unselected package libnsl-dev:amd64.
build-containers (ubuntu-latest, amd64)	Build and Push Image	2026-06-30T06:14:34.6895751Z #7 9.586 Preparing to unpack .../38-libnsl-dev_1.3.0-2_amd64.deb ...
build-containers (ubuntu-latest, amd64)	Build and Push Image	2026-06-30T06:14:34.6896163Z #7 9.587 Unpacking libnsl-dev:amd64 (1.3.0-2) ...
build-containers (ubuntu-latest, amd64)	Build and Push Image	2026-06-30T06:14:34.6896525Z #7 9.604 Selecting previously unselected package rpcsvc-proto.
build-containers (ubuntu-latest, amd64)	Build and Push Image	2026-06-30T06:14:34.6897255Z #7 9.605 Preparing to unpack .../39-rpcsvc-proto_1.4.3-1_amd64.deb ...
build-containers (ubuntu-latest, amd64)	Build and Push Image	2026-06-30T06:14:34.6897624Z #7 9.606 Unpacking rpcsvc-proto (1.4.3-1) ...
build-containers (ubuntu-latest, amd64)	Build and Push Image	2026-06-30T06:14:34.6897979Z #7 9.625 Selecting previously unselected package libc6-dev:amd64.
build-containers (ubuntu-latest, amd64)	Build and Push Image	2026-06-30T06:14:34.6898404Z #7 9.627 Preparing to unpack .../40-libc6-dev_2.36-9+deb12u14_amd64.deb ...
build-containers (ubuntu-latest, amd64)	Build and Push Image	2026-06-30T06:14:34.6898806Z #7 9.628 Unpacking libc6-dev:amd64 (2.36-9+deb12u14) ...
build-containers (ubuntu-latest, amd64)	Build and Push Image	2026-06-30T06:14:34.6899429Z #7 9.775 Selecting previously unselected package libstdc++-12-dev:amd64.
build-containers (ubuntu-latest, amd64)	Build and Push Image	2026-06-30T06:14:34.8421409Z #7 9.777 Preparing to unpack .../41-libstdc++-12-dev_12.2.0-14+deb12u1_amd64.deb ...
build-containers (ubuntu-latest, amd64)	Build and Push Image	2026-06-30T06:14:34.8422031Z #7 9.778 Unpacking libstdc++-12-dev:amd64 (12.2.0-14+deb12u1) ...
build-containers (ubuntu-latest, amd64)	Build and Push Image	2026-06-30T06:14:34.8678003Z #7 9.954 Selecting previously unselected package g++-12.
build-containers (ubuntu-latest, amd64)	Build and Push Image	2026-06-30T06:14:35.0213128Z #7 9.956 Preparing to unpack .../42-g++-12_12.2.0-14+deb12u1_amd64.deb ...
build-containers (ubuntu-latest, amd64)	Build and Push Image	2026-06-30T06:14:35.0214245Z #7 9.957 Unpacking g++-12 (12.2.0-14+deb12u1) ...
build-containers (ubuntu-latest, amd64)	Build and Push Image	2026-06-30T06:14:35.4214268Z #7 10.51 Selecting previously unselected package g++.
build-containers (ubuntu-latest, amd64)	Build and Push Image	2026-06-30T06:14:35.5554036Z #7 10.51 Preparing to unpack .../43-g++_4%3a12.2.0-3_amd64.deb ...
build-containers (ubuntu-latest, amd64)	Build and Push Image	2026-06-30T06:14:35.5554760Z #7 10.51 Unpacking g++ (4:12.2.0-3) ...
build-containers (ubuntu-latest, amd64)	Build and Push Image	2026-06-30T06:14:35.5555208Z #7 10.52 Selecting previously unselected package make.
build-containers (ubuntu-latest, amd64)	Build and Push Image	2026-06-30T06:14:35.5555726Z #7 10.52 Preparing to unpack .../44-make_4.3-4.1_amd64.deb ...
build-containers (ubuntu-latest, amd64)	Build and Push Image	2026-06-30T06:14:35.5556194Z #7 10.52 Unpacking make (4.3-4.1) ...
build-containers (ubuntu-latest, amd64)	Build and Push Image	2026-06-30T06:14:35.5556656Z #7 10.57 Selecting previously unselected package nginx-common.
build-containers (ubuntu-latest, amd64)	Build and Push Image	2026-06-30T06:14:35.5557262Z #7 10.57 Preparing to unpack .../45-nginx-common_1.22.1-9+deb12u8_all.deb ...
build-containers (ubuntu-latest, amd64)	Build and Push Image	2026-06-30T06:14:35.5557833Z #7 10.57 Unpacking nginx-common (1.22.1-9+deb12u8) ...
build-containers (ubuntu-latest, amd64)	Build and Push Image	2026-06-30T06:14:35.5558313Z #7 10.59 Selecting previously unselected package nginx.
build-containers (ubuntu-latest, amd64)	Build and Push Image	2026-06-30T06:14:35.5559456Z #7 10.60 Preparing to unpack .../46-nginx_1.22.1-9+deb12u8_amd64.deb ...
build-containers (ubuntu-latest, amd64)	Build and Push Image	2026-06-30T06:14:35.5559995Z #7 10.60 Unpacking nginx (1.22.1-9+deb12u8) ...
build-containers (ubuntu-latest, amd64)	Build and Push Image	2026-06-30T06:14:35.5560490Z #7 10.64 Selecting previously unselected package python3-lib2to3.
build-containers (ubuntu-latest, amd64)	Build and Push Image	2026-06-30T06:14:35.7005503Z #7 10.64 Preparing to unpack .../47-python3-lib2to3_3.11.2-3_all.deb ...
build-containers (ubuntu-latest, amd64)	Build and Push Image	2026-06-30T06:14:35.7006719Z #7 10.64 Unpacking python3-lib2to3 (3.11.2-3) ...
build-containers (ubuntu-latest, amd64)	Build and Push Image	2026-06-30T06:14:35.7007291Z #7 10.67 Selecting previously unselected package python3-distutils.
build-containers (ubuntu-latest, amd64)	Build and Push Image	2026-06-30T06:14:35.7007938Z #7 10.67 Preparing to unpack .../48-python3-distutils_3.11.2-3_all.deb ...
build-containers (ubuntu-latest, amd64)	Build and Push Image	2026-06-30T06:14:35.7008494Z #7 10.67 Unpacking python3-distutils (3.11.2-3) ...
build-containers (ubuntu-latest, amd64)	Build and Push Image	2026-06-30T06:14:35.7009040Z #7 10.69 Selecting previously unselected package python3-pkg-resources.
build-containers (ubuntu-latest, amd64)	Build and Push Image	2026-06-30T06:14:35.7009931Z #7 10.70 Preparing to unpack .../49-python3-pkg-resources_66.1.1-1+deb12u2_all.deb ...
build-containers (ubuntu-latest, amd64)	Build and Push Image	2026-06-30T06:14:35.7010615Z #7 10.70 Unpacking python3-pkg-resources (66.1.1-1+deb12u2) ...
build-containers (ubuntu-latest, amd64)	Build and Push Image	2026-06-30T06:14:35.7011190Z #7 10.73 Selecting previously unselected package python3-setuptools.
build-containers (ubuntu-latest, amd64)	Build and Push Image	2026-06-30T06:14:35.7011875Z #7 10.73 Preparing to unpack .../50-python3-setuptools_66.1.1-1+deb12u2_all.deb ...
build-containers (ubuntu-latest, amd64)	Build and Push Image	2026-06-30T06:14:35.7012506Z #7 10.73 Unpacking python3-setuptools (66.1.1-1+deb12u2) ...
build-containers (ubuntu-latest, amd64)	Build and Push Image	2026-06-30T06:14:35.7013035Z #7 10.79 Selecting previously unselected package python3-wheel.
build-containers (ubuntu-latest, amd64)	Build and Push Image	2026-06-30T06:14:35.8383279Z #7 10.79 Preparing to unpack .../51-python3-wheel_0.38.4-2_all.deb ...
build-containers (ubuntu-latest, amd64)	Build and Push Image	2026-06-30T06:14:35.8385366Z #7 10.79 Unpacking python3-wheel (0.38.4-2) ...
build-containers (ubuntu-latest, amd64)	Build and Push Image	2026-06-30T06:14:35.8385982Z #7 10.81 Selecting previously unselected package python3-pip.
build-containers (ubuntu-latest, amd64)	Build and Push Image	2026-06-30T06:14:35.8386508Z #7 10.81 Preparing to unpack .../52-python3-pip_23.0.1+dfsg-1_all.deb ...
build-containers (ubuntu-latest, amd64)	Build and Push Image	2026-06-30T06:14:35.8386954Z #7 10.81 Unpacking python3-pip (23.0.1+dfsg-1) ...
build-containers (ubuntu-latest, amd64)	Build and Push Image	2026-06-30T06:14:35.8387398Z #7 10.92 Selecting previously unselected package zip.
build-containers (ubuntu-latest, amd64)	Build and Push Image	2026-06-30T06:14:35.9612585Z #7 10.93 Preparing to unpack .../53-zip_3.0-13_amd64.deb ...
build-containers (ubuntu-latest, amd64)	Build and Push Image	2026-06-30T06:14:35.9613251Z #7 10.93 Unpacking zip (3.0-13) ...
build-containers (ubuntu-latest, amd64)	Build and Push Image	2026-06-30T06:14:35.9614562Z #7 10.96 Setting up media-types (10.0.0) ...
build-containers (ubuntu-latest, amd64)	Build and Push Image	2026-06-30T06:14:35.9615087Z #7 10.96 Setting up libkeyutils1:amd64 (1.6.3-2) ...
build-containers (ubuntu-latest, amd64)	Build and Push Image	2026-06-30T06:14:35.9615541Z #7 10.97 Setting up libtirpc-common (1.3.3+ds-1) ...
build-containers (ubuntu-latest, amd64)	Build and Push Image	2026-06-30T06:14:35.9616126Z #7 10.97 Setting up libsqlite3-0:amd64 (3.40.1-2+deb12u2) ...
build-containers (ubuntu-latest, amd64)	Build and Push Image	2026-06-30T06:14:35.9616681Z #7 10.97 Setting up binutils-common:amd64 (2.40-2) ...
build-containers (ubuntu-latest, amd64)	Build and Push Image	2026-06-30T06:14:35.9617209Z #7 10.97 Setting up linux-libc-dev:amd64 (6.1.174-1) ...
build-containers (ubuntu-latest, amd64)	Build and Push Image	2026-06-30T06:14:35.9617621Z #7 10.97 Setting up libctf-nobfd0:amd64 (2.40-2) ...
build-containers (ubuntu-latest, amd64)	Build and Push Image	2026-06-30T06:14:35.9617949Z #7 10.98 Setting up nginx-common (1.22.1-9+deb12u8) ...
build-containers (ubuntu-latest, amd64)	Build and Push Image	2026-06-30T06:14:35.9618462Z #7 11.05 debconf: unable to initialize frontend: Dialog
build-containers (ubuntu-latest, amd64)	Build and Push Image	2026-06-30T06:14:35.9618934Z #7 11.05 debconf: (TERM is not set, so the dialog frontend is not usable.)
build-containers (ubuntu-latest, amd64)	Build and Push Image	2026-06-30T06:14:35.9619717Z #7 11.05 debconf: falling back to frontend: Readline
build-containers (ubuntu-latest, amd64)	Build and Push Image	2026-06-30T06:14:36.0880766Z #7 11.05 debconf: unable to initialize frontend: Readline
build-containers (ubuntu-latest, amd64)	Build and Push Image	2026-06-30T06:14:36.0883526Z #7 11.05 debconf: (Can't locate Term/ReadLine.pm in @INC (you may need to install the Term::ReadLine module) (@INC contains: /etc/perl /usr/local/lib/x86_64-linux-gnu/perl/5.36.0 /usr/local/share/perl/5.36.0 /usr/lib/x86_64-linux-gnu/perl5/5.36 /usr/share/perl5 /usr/lib/x86_64-linux-gnu/perl-base /usr/lib/x86_64-linux-gnu/perl/5.36 /usr/share/perl/5.36 /usr/local/lib/site_perl) at /usr/share/perl5/Debconf/FrontEnd/Readline.pm line 7.)
build-containers (ubuntu-latest, amd64)	Build and Push Image	2026-06-30T06:14:36.0886177Z #7 11.05 debconf: falling back to frontend: Teletype
build-containers (ubuntu-latest, amd64)	Build and Push Image	2026-06-30T06:14:36.0886689Z #7 11.17 Setting up libgomp1:amd64 (12.2.0-14+deb12u1) ...
build-containers (ubuntu-latest, amd64)	Build and Push Image	2026-06-30T06:14:36.2268338Z #7 11.18 Setting up libjansson4:amd64 (2.14-2) ...
build-containers (ubuntu-latest, amd64)	Build and Push Image	2026-06-30T06:14:36.2271538Z #7 11.18 Setting up libkrb5support0:amd64 (1.20.1-2+deb12u5) ...
build-containers (ubuntu-latest, amd64)	Build and Push Image	2026-06-30T06:14:36.2272183Z #7 11.18 Setting up libcap2-bin (1:2.66-4+deb12u3+b1) ...
build-containers (ubuntu-latest, amd64)	Build and Push Image	2026-06-30T06:14:36.2272832Z #7 11.18 Setting up zip (3.0-13) ...
build-containers (ubuntu-latest, amd64)	Build and Push Image	2026-06-30T06:14:36.2273135Z #7 11.18 Setting up rpcsvc-proto (1.4.3-1) ...
build-containers (ubuntu-latest, amd64)	Build and Push Image	2026-06-30T06:14:36.2273459Z #7 11.19 Setting up make (4.3-4.1) ...
build-containers (ubuntu-latest, amd64)	Build and Push Image	2026-06-30T06:14:36.2273750Z #7 11.19 Setting up libmpfr6:amd64 (4.2.0-1) ...
build-containers (ubuntu-latest, amd64)	Build and Push Image	2026-06-30T06:14:36.2274097Z #7 11.19 Setting up libquadmath0:amd64 (12.2.0-14+deb12u1) ...
build-containers (ubuntu-latest, amd64)	Build and Push Image	2026-06-30T06:14:36.2274438Z #7 11.19 Setting up libmpc3:amd64 (1.3.1-1) ...
build-containers (ubuntu-latest, amd64)	Build and Push Image	2026-06-30T06:14:36.2274731Z #7 11.19 Setting up libmnl0:amd64 (1.0.4-3) ...
build-containers (ubuntu-latest, amd64)	Build and Push Image	2026-06-30T06:14:36.2275048Z #7 11.20 Setting up libatomic1:amd64 (12.2.0-14+deb12u1) ...
build-containers (ubuntu-latest, amd64)	Build and Push Image	2026-06-30T06:14:36.2275382Z #7 11.20 Setting up libncursesw6:amd64 (6.4-4) ...
build-containers (ubuntu-latest, amd64)	Build and Push Image	2026-06-30T06:14:36.2275721Z #7 11.20 Setting up libk5crypto3:amd64 (1.20.1-2+deb12u5) ...
build-containers (ubuntu-latest, amd64)	Build and Push Image	2026-06-30T06:14:36.2276059Z #7 11.20 Setting up libxtables12:amd64 (1.8.9-2) ...
build-containers (ubuntu-latest, amd64)	Build and Push Image	2026-06-30T06:14:36.2276392Z #7 11.20 Setting up libubsan1:amd64 (12.2.0-14+deb12u1) ...
build-containers (ubuntu-latest, amd64)	Build and Push Image	2026-06-30T06:14:36.2276731Z #7 11.21 Setting up libcrypt-dev:amd64 (1:4.4.33-2) ...
build-containers (ubuntu-latest, amd64)	Build and Push Image	2026-06-30T06:14:36.2277082Z #7 11.21 Setting up libasan8:amd64 (12.2.0-14+deb12u1) ...
build-containers (ubuntu-latest, amd64)	Build and Push Image	2026-06-30T06:14:36.2277433Z #7 11.21 Setting up libkrb5-3:amd64 (1.20.1-2+deb12u5) ...
build-containers (ubuntu-latest, amd64)	Build and Push Image	2026-06-30T06:14:36.2278003Z #7 11.22 Setting up libtsan2:amd64 (12.2.0-14+deb12u1) ...
build-containers (ubuntu-latest, amd64)	Build and Push Image	2026-06-30T06:14:36.2278379Z #7 11.22 Setting up libbinutils:amd64 (2.40-2) ...
build-containers (ubuntu-latest, amd64)	Build and Push Image	2026-06-30T06:14:36.2278692Z #7 11.22 Setting up libisl23:amd64 (0.25-1.1) ...
build-containers (ubuntu-latest, amd64)	Build and Push Image	2026-06-30T06:14:36.2279014Z #7 11.22 Setting up libc-dev-bin (2.36-9+deb12u14) ...
build-containers (ubuntu-latest, amd64)	Build and Push Image	2026-06-30T06:14:36.2279812Z #7 11.22 Setting up openssl (3.0.20-1~deb12u2) ...
build-containers (ubuntu-latest, amd64)	Build and Push Image	2026-06-30T06:14:36.2280140Z #7 11.23 Setting up libbsd0:amd64 (0.11.7-2) ...
build-containers (ubuntu-latest, amd64)	Build and Push Image	2026-06-30T06:14:36.2280445Z #7 11.23 Setting up libelf1:amd64 (0.188-2.1) ...
build-containers (ubuntu-latest, amd64)	Build and Push Image	2026-06-30T06:14:36.2280744Z #7 11.23 Setting up readline-common (8.2-1.3) ...
build-containers (ubuntu-latest, amd64)	Build and Push Image	2026-06-30T06:14:36.2281052Z #7 11.24 Setting up libcc1-0:amd64 (12.2.0-14+deb12u1) ...
build-containers (ubuntu-latest, amd64)	Build and Push Image	2026-06-30T06:14:36.2281387Z #7 11.24 Setting up libbpf1:amd64 (1:1.1.2-0+deb12u1) ...
build-containers (ubuntu-latest, amd64)	Build and Push Image	2026-06-30T06:14:36.2281727Z #7 11.24 Setting up liblsan0:amd64 (12.2.0-14+deb12u1) ...
build-containers (ubuntu-latest, amd64)	Build and Push Image	2026-06-30T06:14:36.2282056Z #7 11.24 Setting up libitm1:amd64 (12.2.0-14+deb12u1) ...
build-containers (ubuntu-latest, amd64)	Build and Push Image	2026-06-30T06:14:36.2282603Z #7 11.24 Setting up libctf0:amd64 (2.40-2) ...
build-containers (ubuntu-latest, amd64)	Build and Push Image	2026-06-30T06:14:36.2283053Z #7 11.25 Setting up cpp-12 (12.2.0-14+deb12u1) ...
build-containers (ubuntu-latest, amd64)	Build and Push Image	2026-06-30T06:14:36.2283575Z #7 11.25 Setting up libreadline8:amd64 (8.2-1.3) ...
build-containers (ubuntu-latest, amd64)	Build and Push Image	2026-06-30T06:14:36.2283976Z #7 11.25 Setting up ca-certificates (20230311+deb12u1) ...
build-containers (ubuntu-latest, amd64)	Build and Push Image	2026-06-30T06:14:36.2284379Z #7 11.31 debconf: unable to initialize frontend: Dialog
build-containers (ubuntu-latest, amd64)	Build and Push Image	2026-06-30T06:14:36.2284853Z #7 11.31 debconf: (TERM is not set, so the dialog frontend is not usable.)
build-containers (ubuntu-latest, amd64)	Build and Push Image	2026-06-30T06:14:36.2285343Z #7 11.31 debconf: falling back to frontend: Readline
build-containers (ubuntu-latest, amd64)	Build and Push Image	2026-06-30T06:14:36.3778976Z #7 11.31 debconf: unable to initialize frontend: Readline
build-containers (ubuntu-latest, amd64)	Build and Push Image	2026-06-30T06:14:36.3780875Z #7 11.31 debconf: (Can't locate Term/ReadLine.pm in @INC (you may need to install the Term::ReadLine module) (@INC contains: /etc/perl /usr/local/lib/x86_64-linux-gnu/perl/5.36.0 /usr/local/share/perl/5.36.0 /usr/lib/x86_64-linux-gnu/perl5/5.36 /usr/share/perl5 /usr/lib/x86_64-linux-gnu/perl-base /usr/lib/x86_64-linux-gnu/perl/5.36 /usr/share/perl/5.36 /usr/local/lib/site_perl) at /usr/share/perl5/Debconf/FrontEnd/Readline.pm line 7.)
build-containers (ubuntu-latest, amd64)	Build and Push Image	2026-06-30T06:14:36.3783003Z #7 11.31 debconf: falling back to frontend: Teletype
build-containers (ubuntu-latest, amd64)	Build and Push Image	2026-06-30T06:14:36.5904241Z #7 11.68 Updating certificates in /etc/ssl/certs...
build-containers (ubuntu-latest, amd64)	Build and Push Image	2026-06-30T06:14:37.1170074Z #7 12.20 142 added, 0 removed; done.
build-containers (ubuntu-latest, amd64)	Build and Push Image	2026-06-30T06:14:37.2343866Z #7 12.22 Setting up libgprofng0:amd64 (2.40-2) ...
build-containers (ubuntu-latest, amd64)	Build and Push Image	2026-06-30T06:14:37.2344617Z #7 12.22 Setting up libgcc-12-dev:amd64 (12.2.0-14+deb12u1) ...
build-containers (ubuntu-latest, amd64)	Build and Push Image	2026-06-30T06:14:37.2345149Z #7 12.22 Setting up libgssapi-krb5-2:amd64 (1.20.1-2+deb12u5) ...
build-containers (ubuntu-latest, amd64)	Build and Push Image	2026-06-30T06:14:37.2345708Z #7 12.22 Setting up cpp (4:12.2.0-3) ...
build-containers (ubuntu-latest, amd64)	Build and Push Image	2026-06-30T06:14:37.2346215Z #7 12.23 Setting up binutils-x86-64-linux-gnu (2.40-2) ...
build-containers (ubuntu-latest, amd64)	Build and Push Image	2026-06-30T06:14:37.2346792Z #7 12.23 Setting up libtirpc3:amd64 (1.3.3+ds-1) ...
build-containers (ubuntu-latest, amd64)	Build and Push Image	2026-06-30T06:14:37.2347591Z #7 12.23 Setting up iproute2 (6.1.0-3) ...
build-containers (ubuntu-latest, amd64)	Build and Push Image	2026-06-30T06:14:37.2348002Z #7 12.30 debconf: unable to initialize frontend: Dialog
build-containers (ubuntu-latest, amd64)	Build and Push Image	2026-06-30T06:14:37.2348490Z #7 12.30 debconf: (TERM is not set, so the dialog frontend is not usable.)
build-containers (ubuntu-latest, amd64)	Build and Push Image	2026-06-30T06:14:37.2348971Z #7 12.30 debconf: falling back to frontend: Readline
build-containers (ubuntu-latest, amd64)	Build and Push Image	2026-06-30T06:14:37.2349656Z #7 12.30 debconf: unable to initialize frontend: Readline
build-containers (ubuntu-latest, amd64)	Build and Push Image	2026-06-30T06:14:37.2351486Z #7 12.30 debconf: (Can't locate Term/ReadLine.pm in @INC (you may need to install the Term::ReadLine module) (@INC contains: /etc/perl /usr/local/lib/x86_64-linux-gnu/perl/5.36.0 /usr/local/share/perl/5.36.0 /usr/lib/x86_64-linux-gnu/perl5/5.36 /usr/share/perl5 /usr/lib/x86_64-linux-gnu/perl-base /usr/lib/x86_64-linux-gnu/perl/5.36 /usr/share/perl/5.36 /usr/local/lib/site_perl) at /usr/share/perl5/Debconf/FrontEnd/Readline.pm line 7.)
build-containers (ubuntu-latest, amd64)	Build and Push Image	2026-06-30T06:14:37.2353236Z #7 12.30 debconf: falling back to frontend: Teletype
build-containers (ubuntu-latest, amd64)	Build and Push Image	2026-06-30T06:14:37.2353563Z #7 12.32 Setting up binutils (2.40-2) ...
build-containers (ubuntu-latest, amd64)	Build and Push Image	2026-06-30T06:14:37.4409355Z #7 12.32 Setting up libtirpc-dev:amd64 (1.3.3+ds-1) ...
build-containers (ubuntu-latest, amd64)	Build and Push Image	2026-06-30T06:14:37.4410125Z #7 12.33 Setting up gcc-12 (12.2.0-14+deb12u1) ...
build-containers (ubuntu-latest, amd64)	Build and Push Image	2026-06-30T06:14:37.4410664Z #7 12.33 Setting up libnsl2:amd64 (1.3.0-2) ...
build-containers (ubuntu-latest, amd64)	Build and Push Image	2026-06-30T06:14:37.4411169Z #7 12.33 Setting up nginx (1.22.1-9+deb12u8) ...
build-containers (ubuntu-latest, amd64)	Build and Push Image	2026-06-30T06:14:37.4411731Z #7 12.36 invoke-rc.d: could not determine current runlevel
build-containers (ubuntu-latest, amd64)	Build and Push Image	2026-06-30T06:14:37.4412366Z #7 12.36 invoke-rc.d: policy-rc.d denied execution of start.
build-containers (ubuntu-latest, amd64)	Build and Push Image	2026-06-30T06:14:37.4413018Z #7 12.36 Setting up libpython3.11-stdlib:amd64 (3.11.2-6+deb12u7) ...
build-containers (ubuntu-latest, amd64)	Build and Push Image	2026-06-30T06:14:37.4413596Z #7 12.36 Setting up gcc (4:12.2.0-3) ...
build-containers (ubuntu-latest, amd64)	Build and Push Image	2026-06-30T06:14:37.4414064Z #7 12.37 Setting up libnsl-dev:amd64 (1.3.0-2) ...
build-containers (ubuntu-latest, amd64)	Build and Push Image	2026-06-30T06:14:37.4414634Z #7 12.37 Setting up libc6-dev:amd64 (2.36-9+deb12u14) ...
build-containers (ubuntu-latest, amd64)	Build and Push Image	2026-06-30T06:14:37.4415221Z #7 12.37 Setting up libpython3-stdlib:amd64 (3.11.2-1+b1) ...
build-containers (ubuntu-latest, amd64)	Build and Push Image	2026-06-30T06:14:37.4415789Z #7 12.38 Setting up python3.11 (3.11.2-6+deb12u7) ...
build-containers (ubuntu-latest, amd64)	Build and Push Image	2026-06-30T06:14:37.8703110Z #7 12.96 Setting up libstdc++-12-dev:amd64 (12.2.0-14+deb12u1) ...
build-containers (ubuntu-latest, amd64)	Build and Push Image	2026-06-30T06:14:38.0422751Z #7 12.96 Setting up python3 (3.11.2-1+b1) ...
build-containers (ubuntu-latest, amd64)	Build and Push Image	2026-06-30T06:14:38.0423428Z #7 12.96 running python rtupdate hooks for python3.11...
build-containers (ubuntu-latest, amd64)	Build and Push Image	2026-06-30T06:14:38.0424054Z #7 12.96 running python post-rtupdate hooks for python3.11...
build-containers (ubuntu-latest, amd64)	Build and Push Image	2026-06-30T06:14:38.0424788Z #7 13.04 Setting up python3-lib2to3 (3.11.2-3) ...
build-containers (ubuntu-latest, amd64)	Build and Push Image	2026-06-30T06:14:38.0425283Z #7 13.13 Setting up g++-12 (12.2.0-14+deb12u1) ...
build-containers (ubuntu-latest, amd64)	Build and Push Image	2026-06-30T06:14:38.1950725Z #7 13.13 Setting up python3-pkg-resources (66.1.1-1+deb12u2) ...
build-containers (ubuntu-latest, amd64)	Build and Push Image	2026-06-30T06:14:38.2474433Z #7 13.33 Setting up python3-distutils (3.11.2-3) ...
build-containers (ubuntu-latest, amd64)	Build and Push Image	2026-06-30T06:14:38.3501621Z #7 13.44 Setting up python3-setuptools (66.1.1-1+deb12u2) ...
build-containers (ubuntu-latest, amd64)	Build and Push Image	2026-06-30T06:14:38.7289818Z #7 13.81 Setting up python3-wheel (0.38.4-2) ...
build-containers (ubuntu-latest, amd64)	Build and Push Image	2026-06-30T06:14:38.8403726Z #7 13.93 Setting up python3-pip (23.0.1+dfsg-1) ...
build-containers (ubuntu-latest, amd64)	Build and Push Image	2026-06-30T06:14:39.7027015Z #7 14.79 Setting up g++ (4:12.2.0-3) ...
build-containers (ubuntu-latest, amd64)	Build and Push Image	2026-06-30T06:14:39.9067521Z #7 14.79 update-alternatives: using /usr/bin/g++ to provide /usr/bin/c++ (c++) in auto mode
build-containers (ubuntu-latest, amd64)	Build and Push Image	2026-06-30T06:14:39.9068314Z #7 14.79 Processing triggers for libc-bin (2.36-9+deb12u14) ...
build-containers (ubuntu-latest, amd64)	Build and Push Image	2026-06-30T06:14:39.9068785Z #7 14.80 Processing triggers for debianutils (5.7-0.5~deb12u1) ...
build-containers (ubuntu-latest, amd64)	Build and Push Image	2026-06-30T06:14:39.9071397Z #7 14.83 Processing triggers for ca-certificates (20230311+deb12u1) ...
build-containers (ubuntu-latest, amd64)	Build and Push Image	2026-06-30T06:14:39.9072094Z #7 14.84 Updating certificates in /etc/ssl/certs...
build-containers (ubuntu-latest, amd64)	Build and Push Image	2026-06-30T06:14:40.1688565Z #7 15.25 0 added, 0 removed; done.
build-containers (ubuntu-latest, amd64)	Build and Push Image	2026-06-30T06:14:40.1689364Z #7 15.25 Running hooks in /etc/ca-certificates/update.d...
build-containers (ubuntu-latest, amd64)	Build and Push Image	2026-06-30T06:14:40.3204932Z #7 15.26 done.
build-containers (ubuntu-latest, amd64)	Build and Push Image	2026-06-30T06:14:40.8318432Z #7 DONE 15.9s
build-containers (ubuntu-latest, amd64)	Build and Push Image	2026-06-30T06:14:40.9533077Z 
build-containers (ubuntu-latest, amd64)	Build and Push Image	2026-06-30T06:14:40.9535173Z #8 [3/9] RUN addgroup --system www  && adduser --system --ingroup www --home /www --shell /usr/sbin/nologin www  && mkdir -p /www  && chown -R www:www /www /var/lib/nginx
build-containers (ubuntu-latest, amd64)	Build and Push Image	2026-06-30T06:14:40.9536245Z #8 0.121 Adding group `www' (GID 101) ...
build-containers (ubuntu-latest, amd64)	Build and Push Image	2026-06-30T06:14:41.1549952Z #8 0.129 Done.
build-containers (ubuntu-latest, amd64)	Build and Push Image	2026-06-30T06:14:41.1550626Z #8 0.154 Adding system user `www' (UID 100) ...
build-containers (ubuntu-latest, amd64)	Build and Push Image	2026-06-30T06:14:41.1551364Z #8 0.154 Adding new user `www' (UID 100) with group `www' ...
build-containers (ubuntu-latest, amd64)	Build and Push Image	2026-06-30T06:14:41.1551998Z #8 0.163 Creating home directory `/www' ...
build-containers (ubuntu-latest, amd64)	Build and Push Image	2026-06-30T06:14:41.1552507Z #8 DONE 0.2s
build-containers (ubuntu-latest, amd64)	Build and Push Image	2026-06-30T06:14:41.1552726Z 
build-containers (ubuntu-latest, amd64)	Build and Push Image	2026-06-30T06:14:41.1553284Z #9 [4/9] RUN npm --no-update-notifier --no-fund --global install pnpm@10.6.1 pm2
build-containers (ubuntu-latest, amd64)	Build and Push Image	2026-06-30T06:14:44.3226082Z #9 3.319 
build-containers (ubuntu-latest, amd64)	Build and Push Image	2026-06-30T06:14:44.3227006Z #9 3.319 added 78 packages in 3s
build-containers (ubuntu-latest, amd64)	Build and Push Image	2026-06-30T06:14:44.4918994Z #9 DONE 3.5s
build-containers (ubuntu-latest, amd64)	Build and Push Image	2026-06-30T06:14:44.6964730Z 
build-containers (ubuntu-latest, amd64)	Build and Push Image	2026-06-30T06:14:44.6966986Z #10 [5/9] WORKDIR /app
build-containers (ubuntu-latest, amd64)	Build and Push Image	2026-06-30T06:14:44.6967381Z #10 DONE 0.1s
build-containers (ubuntu-latest, amd64)	Build and Push Image	2026-06-30T06:14:44.6967561Z 
build-containers (ubuntu-latest, amd64)	Build and Push Image	2026-06-30T06:14:44.6967843Z #11 [6/9] COPY . /app
build-containers (ubuntu-latest, amd64)	Build and Push Image	2026-06-30T06:14:44.6968074Z #11 DONE 0.1s
build-containers (ubuntu-latest, amd64)	Build and Push Image	2026-06-30T06:14:44.8678075Z 
build-containers (ubuntu-latest, amd64)	Build and Push Image	2026-06-30T06:14:44.8678756Z #12 [7/9] COPY var/docker/nginx.conf /etc/nginx/nginx.conf
build-containers (ubuntu-latest, amd64)	Build and Push Image	2026-06-30T06:14:44.8679592Z #12 DONE 0.0s
build-containers (ubuntu-latest, amd64)	Build and Push Image	2026-06-30T06:14:44.8679791Z 
build-containers (ubuntu-latest, amd64)	Build and Push Image	2026-06-30T06:14:44.8679952Z #13 [8/9] RUN pnpm install
build-containers (ubuntu-latest, amd64)	Build and Push Image	2026-06-30T06:14:45.1834353Z #13 0.462 Scope: all 8 workspace projects
build-containers (ubuntu-latest, amd64)	Build and Push Image	2026-06-30T06:14:45.3550396Z #13 0.638 Lockfile is up to date, resolution step is skipped
build-containers (ubuntu-latest, amd64)	Build and Push Image	2026-06-30T06:14:45.8703971Z #13 1.153 Packages: +4050
build-containers (ubuntu-latest, amd64)	Build and Push Image	2026-06-30T06:14:45.8706078Z #13 1.153 ++++++++++++++++++++++++++++++++++++++++++++++++++++++++++++++++++++++++++++++++
build-containers (ubuntu-latest, amd64)	Build and Push Image	2026-06-30T06:14:46.0157195Z #13 1.299 
build-containers (ubuntu-latest, amd64)	Build and Push Image	2026-06-30T06:14:46.0160724Z #13 1.299    Γò¡ΓöÇΓöÇΓöÇΓöÇΓöÇΓöÇΓöÇΓöÇΓöÇΓöÇΓöÇΓöÇΓöÇΓöÇΓöÇΓöÇΓöÇΓöÇΓöÇΓöÇΓöÇΓöÇΓöÇΓöÇΓöÇΓöÇΓöÇΓöÇΓöÇΓöÇΓöÇΓöÇΓöÇΓöÇΓöÇΓöÇΓöÇΓöÇΓöÇΓöÇΓöÇΓöÇΓöÇΓöÇΓöÇΓöÇΓöÇΓöÇΓöÇΓöÇΓöÇΓöÇΓöÇΓöÇΓöÇΓöÇΓöÇΓöÇΓöÇΓöÇΓöÇΓöÇΓöÇΓöÇΓöÇΓöÇΓò«
build-containers (ubuntu-latest, amd64)	Build and Push Image	2026-06-30T06:14:46.0161408Z #13 1.299    Γöé                                                                  Γöé
build-containers (ubuntu-latest, amd64)	Build and Push Image	2026-06-30T06:14:46.0161996Z #13 1.299    Γöé                Update available! 10.6.1 ΓåÆ 11.9.0.                Γöé
build-containers (ubuntu-latest, amd64)	Build and Push Image	2026-06-30T06:14:46.0162865Z #13 1.299    Γöé   Changelog: https://github.com/pnpm/pnpm/releases/tag/v11.9.0   Γöé
build-containers (ubuntu-latest, amd64)	Build and Push Image	2026-06-30T06:14:46.0163694Z #13 1.299    Γöé                Run "pnpm add -g pnpm" to update.                 Γöé
build-containers (ubuntu-latest, amd64)	Build and Push Image	2026-06-30T06:14:46.0164444Z #13 1.299    Γöé                                                                  Γöé
build-containers (ubuntu-latest, amd64)	Build and Push Image	2026-06-30T06:14:46.0165641Z #13 1.299    Γò░ΓöÇΓöÇΓöÇΓöÇΓöÇΓöÇΓöÇΓöÇΓöÇΓöÇΓöÇΓöÇΓöÇΓöÇΓöÇΓöÇΓöÇΓöÇΓöÇΓöÇΓöÇΓöÇΓöÇΓöÇΓöÇΓöÇΓöÇΓöÇΓöÇΓöÇΓöÇΓöÇΓöÇΓöÇΓöÇΓöÇΓöÇΓöÇΓöÇΓöÇΓöÇΓöÇΓöÇΓöÇΓöÇΓöÇΓöÇΓöÇΓöÇΓöÇΓöÇΓöÇΓöÇΓöÇΓöÇΓöÇΓöÇΓöÇΓöÇΓöÇΓöÇΓöÇΓöÇΓöÇΓöÇΓöÇΓò»
build-containers (ubuntu-latest, amd64)	Build and Push Image	2026-06-30T06:14:46.0166110Z #13 1.299 
build-containers (ubuntu-latest, amd64)	Build and Push Image	2026-06-30T06:14:46.1794736Z #13 1.461 Progress: resolved 0, reused 0, downloaded 1, added 0
build-containers (ubuntu-latest, amd64)	Build and Push Image	2026-06-30T06:14:47.1792942Z #13 2.461 Progress: resolved 0, reused 0, downloaded 31, added 12
build-containers (ubuntu-latest, amd64)	Build and Push Image	2026-06-30T06:14:48.1795272Z #13 3.461 Progress: resolved 0, reused 0, downloaded 59, added 44
build-containers (ubuntu-latest, amd64)	Build and Push Image	2026-06-30T06:14:49.1784670Z #13 4.461 Progress: resolved 0, reused 0, downloaded 109, added 87
build-containers (ubuntu-latest, amd64)	Build and Push Image	2026-06-30T06:14:50.1783613Z #13 5.461 Progress: resolved 0, reused 0, downloaded 136, added 127
build-containers (ubuntu-latest, amd64)	Build and Push Image	2026-06-30T06:14:51.1801483Z #13 6.462 Progress: resolved 0, reused 0, downloaded 176, added 181
build-containers (ubuntu-latest, amd64)	Build and Push Image	2026-06-30T06:14:52.1785142Z #13 7.461 Progress: resolved 0, reused 0, downloaded 232, added 232
build-containers (ubuntu-latest, amd64)	Build and Push Image	2026-06-30T06:14:53.1792155Z #13 8.462 Progress: resolved 0, reused 0, downloaded 280, added 283
build-containers (ubuntu-latest, amd64)	Build and Push Image	2026-06-30T06:14:54.1817332Z #13 9.463 Progress: resolved 0, reused 0, downloaded 301, added 314
build-containers (ubuntu-latest, amd64)	Build and Push Image	2026-06-30T06:14:55.1918053Z #13 10.47 Progress: resolved 0, reused 0, downloaded 328, added 338
build-containers (ubuntu-latest, amd64)	Build and Push Image	2026-06-30T06:14:56.1860859Z #13 11.47 Progress: resolved 0, reused 0, downloaded 369, added 389
build-containers (ubuntu-latest, amd64)	Build and Push Image	2026-06-30T06:14:57.1870211Z #13 12.47 Progress: resolved 0, reused 0, downloaded 412, added 430
build-containers (ubuntu-latest, amd64)	Build and Push Image	2026-06-30T06:14:58.1872293Z #13 13.47 Progress: resolved 0, reused 0, downloaded 490, added 512
build-containers (ubuntu-latest, amd64)	Build and Push Image	2026-06-30T06:14:59.1863447Z #13 14.47 Progress: resolved 0, reused 0, downloaded 649, added 718
build-containers (ubuntu-latest, amd64)	Build and Push Image	2026-06-30T06:15:00.1865953Z #13 15.47 Progress: resolved 0, reused 0, downloaded 701, added 768
build-containers (ubuntu-latest, amd64)	Build and Push Image	2026-06-30T06:15:01.1892457Z #13 16.47 Progress: resolved 0, reused 0, downloaded 814, added 925
build-containers (ubuntu-latest, amd64)	Build and Push Image	2026-06-30T06:15:02.1878357Z #13 17.47 Progress: resolved 0, reused 0, downloaded 971, added 1133
build-containers (ubuntu-latest, amd64)	Build and Push Image	2026-06-30T06:15:03.1891088Z #13 18.47 Progress: resolved 0, reused 0, downloaded 1111, added 1285
build-containers (ubuntu-latest, amd64)	Build and Push Image	2026-06-30T06:15:04.1943004Z #13 19.48 Progress: resolved 0, reused 0, downloaded 1215, added 1390
build-containers (ubuntu-latest, amd64)	Build and Push Image	2026-06-30T06:15:05.1921732Z #13 20.47 Progress: resolved 0, reused 0, downloaded 1240, added 1414
build-containers (ubuntu-latest, amd64)	Build and Push Image	2026-06-30T06:15:06.1932938Z #13 21.48 Progress: resolved 0, reused 0, downloaded 1256, added 1430
build-containers (ubuntu-latest, amd64)	Build and Push Image	2026-06-30T06:15:07.1921327Z #13 22.47 Progress: resolved 0, reused 0, downloaded 1270, added 1444
build-containers (ubuntu-latest, amd64)	Build and Push Image	2026-06-30T06:15:08.1933129Z #13 23.47 Progress: resolved 0, reused 0, downloaded 1330, added 1513
build-containers (ubuntu-latest, amd64)	Build and Push Image	2026-06-30T06:15:09.1926195Z #13 24.48 Progress: resolved 0, reused 0, downloaded 1437, added 1642
build-containers (ubuntu-latest, amd64)	Build and Push Image	2026-06-30T06:15:10.1937825Z #13 25.48 Progress: resolved 0, reused 0, downloaded 1610, added 1830
build-containers (ubuntu-latest, amd64)	Build and Push Image	2026-06-30T06:15:11.1948242Z #13 26.48 Progress: resolved 0, reused 0, downloaded 1709, added 1952
build-containers (ubuntu-latest, amd64)	Build and Push Image	2026-06-30T06:15:12.1944244Z #13 27.48 Progress: resolved 0, reused 0, downloaded 1973, added 2267
build-containers (ubuntu-latest, amd64)	Build and Push Image	2026-06-30T06:15:13.1982095Z #13 28.48 Progress: resolved 0, reused 0, downloaded 2189, added 2518
build-containers (ubuntu-latest, amd64)	Build and Push Image	2026-06-30T06:15:14.1957795Z #13 29.48 Progress: resolved 0, reused 0, downloaded 2456, added 2810
build-containers (ubuntu-latest, amd64)	Build and Push Image	2026-06-30T06:15:15.1978456Z #13 30.48 Progress: resolved 0, reused 0, downloaded 2670, added 3067
build-containers (ubuntu-latest, amd64)	Build and Push Image	2026-06-30T06:15:16.1984946Z #13 31.48 Progress: resolved 0, reused 0, downloaded 2758, added 3149
build-containers (ubuntu-latest, amd64)	Build and Push Image	2026-06-30T06:15:17.1993689Z #13 32.48 Progress: resolved 0, reused 0, downloaded 3028, added 3436
build-containers (ubuntu-latest, amd64)	Build and Push Image	2026-06-30T06:15:18.2010412Z #13 33.48 Progress: resolved 0, reused 0, downloaded 3185, added 3614
build-containers (ubuntu-latest, amd64)	Build and Push Image	2026-06-30T06:15:19.2038110Z #13 34.48 Progress: resolved 0, reused 0, downloaded 3276, added 3739
build-containers (ubuntu-latest, amd64)	Build and Push Image	2026-06-30T06:15:20.2024755Z #13 35.49 Progress: resolved 0, reused 0, downloaded 3307, added 3785
build-containers (ubuntu-latest, amd64)	Build and Push Image	2026-06-30T06:15:21.2030509Z #13 36.49 Progress: resolved 0, reused 0, downloaded 3460, added 4027
build-containers (ubuntu-latest, amd64)	Build and Push Image	2026-06-30T06:15:21.8844696Z #13 37.17 Progress: resolved 0, reused 0, downloaded 3472, added 4050, done
build-containers (ubuntu-latest, amd64)	Build and Push Image	2026-06-30T06:15:21.9932626Z #13 37.21 node_modules/bcrypt install$ node-pre-gyp install --fallback-to-build
build-containers (ubuntu-latest, amd64)	Build and Push Image	2026-06-30T06:15:21.9933544Z #13 37.28 node_modules/bcrypt install: node-pre-gyp info it worked if it ends with ok
build-containers (ubuntu-latest, amd64)	Build and Push Image	2026-06-30T06:15:22.1145652Z #13 37.28 node_modules/bcrypt install: node-pre-gyp info using node-pre-gyp@1.0.11
build-containers (ubuntu-latest, amd64)	Build and Push Image	2026-06-30T06:15:22.1148076Z #13 37.28 node_modules/bcrypt install: node-pre-gyp info using node@22.20.0 | linux | x64
build-containers (ubuntu-latest, amd64)	Build and Push Image	2026-06-30T06:15:22.1149522Z #13 37.33 node_modules/bcrypt install: node-pre-gyp info check checked for "/app/node_modules/bcrypt/lib/binding/napi-v3/bcrypt_lib.node" (not found)
build-containers (ubuntu-latest, amd64)	Build and Push Image	2026-06-30T06:15:22.1150909Z #13 37.33 node_modules/bcrypt install: node-pre-gyp http GET https://github.com/kelektiv/node.bcrypt.js/releases/download/v5.1.1/bcrypt_lib-v5.1.1-napi-v3-linux-x64-glibc.tar.gz
build-containers (ubuntu-latest, amd64)	Build and Push Image	2026-06-30T06:15:22.1151922Z #13 37.40 node_modules/bcrypt install: node-pre-gyp info install unpacking napi-v3/bcrypt_lib.node
build-containers (ubuntu-latest, amd64)	Build and Push Image	2026-06-30T06:15:22.2816020Z #13 37.41 node_modules/bcrypt install: node-pre-gyp info extracted file count: 1 
build-containers (ubuntu-latest, amd64)	Build and Push Image	2026-06-30T06:15:22.2816789Z #13 37.41 node_modules/bcrypt install: node-pre-gyp info ok 
build-containers (ubuntu-latest, amd64)	Build and Push Image	2026-06-30T06:15:22.2817701Z #13 37.41 node_modules/bcrypt install: [bcrypt] Success: "/app/node_modules/bcrypt/lib/binding/napi-v3/bcrypt_lib.node" is installed via remote
build-containers (ubuntu-latest, amd64)	Build and Push Image	2026-06-30T06:15:22.2818617Z #13 37.41 node_modules/bcrypt install: Done
build-containers (ubuntu-latest, amd64)	Build and Push Image	2026-06-30T06:15:22.9064475Z #13 38.19 
build-containers (ubuntu-latest, amd64)	Build and Push Image	2026-06-30T06:15:22.9069345Z #13 38.19 Γò¡ Warning ΓöÇΓöÇΓöÇΓöÇΓöÇΓöÇΓöÇΓöÇΓöÇΓöÇΓöÇΓöÇΓöÇΓöÇΓöÇΓöÇΓöÇΓöÇΓöÇΓöÇΓöÇΓöÇΓöÇΓöÇΓöÇΓöÇΓöÇΓöÇΓöÇΓöÇΓöÇΓöÇΓöÇΓöÇΓöÇΓöÇΓöÇΓöÇΓöÇΓöÇΓöÇΓöÇΓöÇΓöÇΓöÇΓöÇΓöÇΓöÇΓöÇΓöÇΓöÇΓöÇΓöÇΓöÇΓöÇΓöÇΓöÇΓöÇΓöÇΓöÇΓöÇΓöÇΓöÇΓöÇΓöÇΓöÇΓöÇΓöÇΓöÇΓò«Γöé                                                                              ΓöéΓöé   Ignored build scripts: @nestjs/core,                                       ΓöéΓöé   @openapitools/openapi-generator-cli, @parcel/watcher, @prisma/client,      ΓöéΓöé   @prisma/engines, @scarf/scarf, @sentry-internal/node-cpu-profiler,         ΓöéΓöé   @sentry/cli, @swc/core, bufferutil, canvas, core-js, core-js-pure,         ΓöéΓöé   esbuild, prisma, protobufjs, sharp, unrs-resolver, utf-8-validate.         ΓöéΓöé   Run "pnpm approve-builds" to pick which dependencies should be allowed     ΓöéΓöé   to run scripts.                                                            ΓöéΓöé                                                                              ΓöéΓò░ΓöÇΓöÇΓöÇΓöÇΓöÇΓöÇΓöÇΓöÇΓöÇΓöÇΓöÇΓöÇΓöÇΓöÇΓöÇΓöÇΓöÇΓöÇΓöÇΓöÇΓöÇΓöÇΓöÇΓöÇΓöÇΓöÇΓöÇΓöÇΓöÇΓöÇΓöÇΓöÇΓöÇΓöÇΓöÇΓöÇΓöÇΓöÇΓöÇΓöÇΓöÇΓöÇΓöÇΓöÇΓöÇΓöÇΓöÇΓöÇΓöÇΓöÇΓöÇΓöÇΓöÇΓöÇΓöÇΓöÇΓöÇΓöÇΓöÇΓöÇΓöÇΓöÇΓöÇΓöÇΓöÇΓöÇΓöÇΓöÇΓöÇΓöÇΓöÇΓöÇΓöÇΓöÇΓöÇΓöÇΓöÇΓöÇΓò»
build-containers (ubuntu-latest, amd64)	Build and Push Image	2026-06-30T06:15:22.9073980Z #13 38.19 
build-containers (ubuntu-latest, amd64)	Build and Push Image	2026-06-30T06:15:23.3032711Z #13 38.59 . postinstall$ pnpm run prisma-generate
build-containers (ubuntu-latest, amd64)	Build and Push Image	2026-06-30T06:15:23.6992673Z #13 38.98 . postinstall: > gitroom@1.0.0 prisma-generate /app
build-containers (ubuntu-latest, amd64)	Build and Push Image	2026-06-30T06:15:23.8501897Z #13 38.98 . postinstall: > pnpm dlx prisma@6.5.0 generate --schema ./libraries/nestjs-libraries/src/database/prisma/schema.prisma
build-containers (ubuntu-latest, amd64)	Build and Push Image	2026-06-30T06:15:24.8164137Z #13 40.10 . postinstall: Progress: resolved 1, reused 0, downloaded 0, added 0
build-containers (ubuntu-latest, amd64)	Build and Push Image	2026-06-30T06:15:25.9182675Z #13 41.20 . postinstall: Progress: resolved 38, reused 0, downloaded 0, added 0
build-containers (ubuntu-latest, amd64)	Build and Push Image	2026-06-30T06:15:26.0890643Z #13 41.22 . postinstall: Packages: +12
build-containers (ubuntu-latest, amd64)	Build and Push Image	2026-06-30T06:15:26.0891452Z #13 41.22 . postinstall: ++++++++++++
build-containers (ubuntu-latest, amd64)	Build and Push Image	2026-06-30T06:15:26.1974182Z #13 41.48 . postinstall: Progress: resolved 38, reused 10, downloaded 2, added 12, done
build-containers (ubuntu-latest, amd64)	Build and Push Image	2026-06-30T06:15:26.4033246Z #13 41.49 . postinstall: .../19f172b0b06-2e/node_modules/prisma preinstall$ node scripts/preinstall-entry.js
build-containers (ubuntu-latest, amd64)	Build and Push Image	2026-06-30T06:15:26.4034055Z #13 41.54 . postinstall: .../19f172b0b06-2e/node_modules/prisma preinstall: Done
build-containers (ubuntu-latest, amd64)	Build and Push Image	2026-06-30T06:15:27.2198256Z #13 42.50 . postinstall: Prisma schema loaded from libraries/nestjs-libraries/src/database/prisma/schema.prisma
build-containers (ubuntu-latest, amd64)	Build and Push Image	2026-06-30T06:15:28.2079118Z #13 43.49 . postinstall: Γ£ö Generated Prisma Client (v6.5.0) to ./node_modules/@prisma/client in 526ms
build-containers (ubuntu-latest, amd64)	Build and Push Image	2026-06-30T06:15:28.3584178Z #13 43.49 . postinstall: Start by importing your Prisma Client (See: https://pris.ly/d/importing-client)
build-containers (ubuntu-latest, amd64)	Build and Push Image	2026-06-30T06:15:28.3585103Z #13 43.49 . postinstall: Tip: Want real-time updates to your database without manual polling? Discover how with Pulse: https://pris.ly/tip-0-pulse
build-containers (ubuntu-latest, amd64)	Build and Push Image	2026-06-30T06:15:28.4533927Z #13 43.74 . postinstall: Done
build-containers (ubuntu-latest, amd64)	Build and Push Image	2026-06-30T06:15:28.6330717Z #13 43.77 Done in 43.6s using pnpm v10.6.1
build-containers (ubuntu-latest, amd64)	Build and Push Image	2026-06-30T06:15:31.1281220Z #13 DONE 46.4s
build-containers (ubuntu-latest, amd64)	Build and Push Image	2026-06-30T06:15:31.2791322Z 
build-containers (ubuntu-latest, amd64)	Build and Push Image	2026-06-30T06:15:31.2791912Z #14 [9/9] RUN NODE_OPTIONS="--max-old-space-size=4096" pnpm run build
build-containers (ubuntu-latest, amd64)	Build and Push Image	2026-06-30T06:15:35.7827008Z #14 4.654 
build-containers (ubuntu-latest, amd64)	Build and Push Image	2026-06-30T06:15:35.7827442Z #14 4.654 > gitroom@1.0.0 build /app
build-containers (ubuntu-latest, amd64)	Build and Push Image	2026-06-30T06:15:35.7829064Z #14 4.654 > pnpm -r --workspace-concurrency=1 --filter ./apps/frontend --filter ./apps/backend --filter ./apps/orchestrator --filter ./apps/extension run build
build-containers (ubuntu-latest, amd64)	Build and Push Image	2026-06-30T06:15:35.7830427Z #14 4.654 
build-containers (ubuntu-latest, amd64)	Build and Push Image	2026-06-30T06:15:36.2245408Z #14 5.095 Scope: 4 of 8 workspace projects
build-containers (ubuntu-latest, amd64)	Build and Push Image	2026-06-30T06:15:36.3828936Z #14 5.104 
build-containers (ubuntu-latest, amd64)	Build and Push Image	2026-06-30T06:15:36.3829702Z #14 5.104 > postiz-frontend@1.0.0 build /app/apps/frontend
build-containers (ubuntu-latest, amd64)	Build and Push Image	2026-06-30T06:15:36.3830255Z #14 5.104 > next build
build-containers (ubuntu-latest, amd64)	Build and Push Image	2026-06-30T06:15:36.3830612Z #14 5.104 
build-containers (ubuntu-latest, amd64)	Build and Push Image	2026-06-30T06:15:36.9282377Z #14 5.800 Attention: Next.js now collects completely anonymous telemetry regarding usage.
build-containers (ubuntu-latest, amd64)	Build and Push Image	2026-06-30T06:15:37.1534543Z #14 5.800 This information is used to shape Next.js' roadmap and prioritize features.
build-containers (ubuntu-latest, amd64)	Build and Push Image	2026-06-30T06:15:37.1535580Z #14 5.800 You can learn more, including how to opt-out if you'd not like to participate in this anonymous program, by visiting the following URL:
build-containers (ubuntu-latest, amd64)	Build and Push Image	2026-06-30T06:15:37.1536268Z #14 5.800 https://nextjs.org/telemetry
build-containers (ubuntu-latest, amd64)	Build and Push Image	2026-06-30T06:15:37.1536569Z #14 5.800 
build-containers (ubuntu-latest, amd64)	Build and Push Image	2026-06-30T06:15:37.1537073Z #14 5.825 Γû▓ Next.js 16.2.1 (Turbopack)
build-containers (ubuntu-latest, amd64)	Build and Push Image	2026-06-30T06:15:37.1537373Z #14 5.825 - Experiments (use with caution):
build-containers (ubuntu-latest, amd64)	Build and Push Image	2026-06-30T06:15:37.1537761Z #14 5.825   ┬╖ clientTraceMetadata
build-containers (ubuntu-latest, amd64)	Build and Push Image	2026-06-30T06:15:37.1538066Z #14 5.826   ┬╖ proxyTimeout: 90000
build-containers (ubuntu-latest, amd64)	Build and Push Image	2026-06-30T06:15:37.1538311Z #14 5.826 
build-containers (ubuntu-latest, amd64)	Build and Push Image	2026-06-30T06:15:37.1538557Z #14 5.874   Creating an optimized production build ...
build-containers (ubuntu-latest, amd64)	Build and Push Image	2026-06-30T06:16:23.7464945Z #14 52.62 Γ£ô Compiled successfully in 46s
build-containers (ubuntu-latest, amd64)	Build and Push Image	2026-06-30T06:16:23.8968858Z #14 52.62   Running next.config.js provided runAfterProductionCompile ...
build-containers (ubuntu-latest, amd64)	Build and Push Image	2026-06-30T06:16:24.6455314Z #14 53.52 Γ£ô Completed runAfterProductionCompile in 899ms
build-containers (ubuntu-latest, amd64)	Build and Push Image	2026-06-30T06:16:24.7965979Z #14 53.52   Running TypeScript ...
build-containers (ubuntu-latest, amd64)	Build and Push Image	2026-06-30T06:16:39.1437969Z #14 68.01   Finished TypeScript in 14.5s ...
build-containers (ubuntu-latest, amd64)	Build and Push Image	2026-06-30T06:16:39.3003819Z #14 68.02   Collecting page data using 3 workers ...
build-containers (ubuntu-latest, amd64)	Build and Push Image	2026-06-30T06:16:39.5971874Z #14 68.47 ≡ƒîÉ i18next is maintained with support from Locize ΓÇö consider powering your project with managed localization (AI, CDN, integrations): https://locize.com ≡ƒÆÖ
build-containers (ubuntu-latest, amd64)	Build and Push Image	2026-06-30T06:16:39.7570180Z #14 68.54 ≡ƒîÉ i18next is maintained with support from Locize ΓÇö consider powering your project with managed localization (AI, CDN, integrations): https://locize.com ≡ƒÆÖ
build-containers (ubuntu-latest, amd64)	Build and Push Image	2026-06-30T06:16:39.7573540Z #14 68.55 ≡ƒîÉ i18next is maintained with support from Locize ΓÇö consider powering your project with managed localization (AI, CDN, integrations): https://locize.com ≡ƒÆÖ
build-containers (ubuntu-latest, amd64)	Build and Push Image	2026-06-30T06:16:39.7574788Z #14 68.63   Generating static pages using 3 workers (0/5) ...
build-containers (ubuntu-latest, amd64)	Build and Push Image	2026-06-30T06:16:40.0243913Z #14 68.90   Generating static pages using 3 workers (1/5) 
build-containers (ubuntu-latest, amd64)	Build and Push Image	2026-06-30T06:16:40.1922315Z #14 68.90   Generating static pages using 3 workers (2/5) 
build-containers (ubuntu-latest, amd64)	Build and Push Image	2026-06-30T06:16:40.1923023Z #14 68.90   Generating static pages using 3 workers (3/5) 
build-containers (ubuntu-latest, amd64)	Build and Push Image	2026-06-30T06:16:40.1924000Z #14 68.90 Γ£ô Generating static pages using 3 workers (5/5) in 268ms
build-containers (ubuntu-latest, amd64)	Build and Push Image	2026-06-30T06:16:40.1924629Z #14 68.90   Finalizing page optimization ...
build-containers (ubuntu-latest, amd64)	Build and Push Image	2026-06-30T06:16:40.1925038Z #14 68.91 
build-containers (ubuntu-latest, amd64)	Build and Push Image	2026-06-30T06:16:40.1925356Z #14 68.91 Route (app)
build-containers (ubuntu-latest, amd64)	Build and Push Image	2026-06-30T06:16:40.1925722Z #14 68.91 Γöî Γùï /
build-containers (ubuntu-latest, amd64)	Build and Push Image	2026-06-30T06:16:40.1926069Z #14 68.91 Γö£ Γùï /_not-found
build-containers (ubuntu-latest, amd64)	Build and Push Image	2026-06-30T06:16:40.1926438Z #14 68.91 Γö£ ╞Æ /admin
build-containers (ubuntu-latest, amd64)	Build and Push Image	2026-06-30T06:16:40.1926801Z #14 68.91 Γö£ ╞Æ /admin/audit-log
build-containers (ubuntu-latest, amd64)	Build and Push Image	2026-06-30T06:16:40.1927189Z #14 68.91 Γö£ ╞Æ /admin/errors
build-containers (ubuntu-latest, amd64)	Build and Push Image	2026-06-30T06:16:40.1927595Z #14 68.91 Γö£ ╞Æ /admin/integrations
build-containers (ubuntu-latest, amd64)	Build and Push Image	2026-06-30T06:16:40.1928019Z #14 68.91 Γö£ ╞Æ /admin/organizations
build-containers (ubuntu-latest, amd64)	Build and Push Image	2026-06-30T06:16:40.1928438Z #14 68.91 Γö£ ╞Æ /admin/plans
build-containers (ubuntu-latest, amd64)	Build and Push Image	2026-06-30T06:16:40.1928837Z #14 68.91 Γö£ ╞Æ /admin/settings
build-containers (ubuntu-latest, amd64)	Build and Push Image	2026-06-30T06:16:40.1929483Z #14 68.91 Γö£ ╞Æ /admin/subscriptions
build-containers (ubuntu-latest, amd64)	Build and Push Image	2026-06-30T06:16:40.1929916Z #14 68.91 Γö£ ╞Æ /admin/users
build-containers (ubuntu-latest, amd64)	Build and Push Image	2026-06-30T06:16:40.1930291Z #14 68.91 Γö£ ╞Æ /agents
build-containers (ubuntu-latest, amd64)	Build and Push Image	2026-06-30T06:16:40.1930647Z #14 68.91 Γö£ ╞Æ /agents/[id]
build-containers (ubuntu-latest, amd64)	Build and Push Image	2026-06-30T06:16:40.1931012Z #14 68.91 Γö£ ╞Æ /analytics
build-containers (ubuntu-latest, amd64)	Build and Push Image	2026-06-30T06:16:40.1931412Z #14 68.91 Γö£ ╞Æ /api/uploads/[[...path]]
build-containers (ubuntu-latest, amd64)	Build and Push Image	2026-06-30T06:16:40.1931861Z #14 68.91 Γö£ ╞Æ /auth
build-containers (ubuntu-latest, amd64)	Build and Push Image	2026-06-30T06:16:40.1932218Z #14 68.91 Γö£ ╞Æ /auth/activate
build-containers (ubuntu-latest, amd64)	Build and Push Image	2026-06-30T06:16:40.1933118Z #14 68.91 Γö£ ╞Æ /auth/activate/[code]
build-containers (ubuntu-latest, amd64)	Build and Push Image	2026-06-30T06:16:40.1933553Z #14 68.91 Γö£ ╞Æ /auth/forgot
build-containers (ubuntu-latest, amd64)	Build and Push Image	2026-06-30T06:16:40.1933956Z #14 68.91 Γö£ ╞Æ /auth/forgot/[token]
build-containers (ubuntu-latest, amd64)	Build and Push Image	2026-06-30T06:16:40.1934381Z #14 68.91 Γö£ ╞Æ /auth/login
build-containers (ubuntu-latest, amd64)	Build and Push Image	2026-06-30T06:16:40.1934783Z #14 68.91 Γö£ ╞Æ /auth/login-required
build-containers (ubuntu-latest, amd64)	Build and Push Image	2026-06-30T06:16:40.1935202Z #14 68.91 Γö£ ╞Æ /billing
build-containers (ubuntu-latest, amd64)	Build and Push Image	2026-06-30T06:16:40.1935583Z #14 68.91 Γö£ ╞Æ /billing/lifetime
build-containers (ubuntu-latest, amd64)	Build and Push Image	2026-06-30T06:16:40.1935993Z #14 68.91 Γö£ ╞Æ /campaigns
build-containers (ubuntu-latest, amd64)	Build and Push Image	2026-06-30T06:16:40.1936367Z #14 68.91 Γö£ ╞Æ /comments
build-containers (ubuntu-latest, amd64)	Build and Push Image	2026-06-30T06:16:40.1936726Z #14 68.91 Γö£ ╞Æ /err
build-containers (ubuntu-latest, amd64)	Build and Push Image	2026-06-30T06:16:40.1937066Z #14 68.91 Γö£ ╞Æ /home
build-containers (ubuntu-latest, amd64)	Build and Push Image	2026-06-30T06:16:40.1937407Z #14 68.91 Γö£ ╞Æ /inbox
build-containers (ubuntu-latest, amd64)	Build and Push Image	2026-06-30T06:16:40.1937840Z #14 68.91 Γö£ ╞Æ /integrations/social/[provider]
build-containers (ubuntu-latest, amd64)	Build and Push Image	2026-06-30T06:16:40.1938320Z #14 68.91 Γö£ ╞Æ /launches
build-containers (ubuntu-latest, amd64)	Build and Push Image	2026-06-30T06:16:40.1938678Z #14 68.91 Γö£ ╞Æ /leads
build-containers (ubuntu-latest, amd64)	Build and Push Image	2026-06-30T06:16:40.1939019Z #14 68.91 Γö£ ╞Æ /media
build-containers (ubuntu-latest, amd64)	Build and Push Image	2026-06-30T06:16:40.1939608Z #14 68.91 Γö£ ╞Æ /modal/[style]/[platform]
build-containers (ubuntu-latest, amd64)	Build and Push Image	2026-06-30T06:16:40.1940080Z #14 68.91 Γö£ ╞Æ /oauth/authorize
build-containers (ubuntu-latest, amd64)	Build and Push Image	2026-06-30T06:16:40.1940503Z #14 68.91 Γö£ ╞Æ /p/[id]
build-containers (ubuntu-latest, amd64)	Build and Push Image	2026-06-30T06:16:40.1940861Z #14 68.91 Γö£ ╞Æ /plugs
build-containers (ubuntu-latest, amd64)	Build and Push Image	2026-06-30T06:16:40.1941235Z #14 68.91 Γö£ Γùï /privacy-policy
build-containers (ubuntu-latest, amd64)	Build and Push Image	2026-06-30T06:16:40.1941638Z #14 68.91 Γö£ ╞Æ /settings
build-containers (ubuntu-latest, amd64)	Build and Push Image	2026-06-30T06:16:40.1942020Z #14 68.91 Γö£ Γùï /terms-of-service
build-containers (ubuntu-latest, amd64)	Build and Push Image	2026-06-30T06:16:40.1942442Z #14 68.91 Γöö ╞Æ /third-party
build-containers (ubuntu-latest, amd64)	Build and Push Image	2026-06-30T06:16:40.1942781Z #14 68.91 
build-containers (ubuntu-latest, amd64)	Build and Push Image	2026-06-30T06:16:40.1943047Z #14 68.91 
build-containers (ubuntu-latest, amd64)	Build and Push Image	2026-06-30T06:16:40.1943375Z #14 68.91 ╞Æ Proxy (Middleware)
build-containers (ubuntu-latest, amd64)	Build and Push Image	2026-06-30T06:16:40.1943712Z #14 68.91 
build-containers (ubuntu-latest, amd64)	Build and Push Image	2026-06-30T06:16:40.1944135Z #14 68.91 Γùï  (Static)   prerendered as static content
build-containers (ubuntu-latest, amd64)	Build and Push Image	2026-06-30T06:16:40.1944711Z #14 68.91 ╞Æ  (Dynamic)  server-rendered on demand
build-containers (ubuntu-latest, amd64)	Build and Push Image	2026-06-30T06:16:40.1945146Z #14 68.91 
build-containers (ubuntu-latest, amd64)	Build and Push Image	2026-06-30T06:16:40.2495335Z #14 69.12 
build-containers (ubuntu-latest, amd64)	Build and Push Image	2026-06-30T06:16:40.2495880Z #14 69.12 > postiz-backend@1.0.0 build /app/apps/backend
build-containers (ubuntu-latest, amd64)	Build and Push Image	2026-06-30T06:16:40.2496448Z #14 69.12 > cross-env NODE_ENV=production nest build
build-containers (ubuntu-latest, amd64)	Build and Push Image	2026-06-30T06:16:40.2497477Z #14 69.12 
build-containers (ubuntu-latest, amd64)	Build and Push Image	2026-06-30T06:17:04.9634368Z #14 93.83 [96m../../libraries/nestjs-libraries/src/agent/agent.graph.insert.service.ts[0m:[93m83[0m:[93m31[0m - [91merror[0m[90m TS1308: [0m'await' expressions are only allowed within async functions and at the top levels of modules.
build-containers (ubuntu-latest, amd64)	Build and Push Image	2026-06-30T06:17:04.9635948Z #14 93.83 
build-containers (ubuntu-latest, amd64)	Build and Push Image	2026-06-30T06:17:04.9636738Z #14 93.83 [7m83[0m     const structuredOutput = (await this.getModel()).withStructuredOutput(topic);
build-containers (ubuntu-latest, amd64)	Build and Push Image	2026-06-30T06:17:04.9637616Z #14 93.83 [7m  [0m [91m                              ~~~~~[0m
build-containers (ubuntu-latest, amd64)	Build and Push Image	2026-06-30T06:17:04.9637955Z #14 93.83 
build-containers (ubuntu-latest, amd64)	Build and Push Image	2026-06-30T06:17:04.9638557Z #14 93.83   [96m../../libraries/nestjs-libraries/src/agent/agent.graph.insert.service.ts[0m:[93m81[0m:[93m3[0m
build-containers (ubuntu-latest, amd64)	Build and Push Image	2026-06-30T06:17:04.9639583Z #14 93.83     [7m81[0m   findTopic(state: WorkflowChannelsState) {
build-containers (ubuntu-latest, amd64)	Build and Push Image	2026-06-30T06:17:04.9639997Z #14 93.83     [7m  [0m [96m  ~~~~~~~~~[0m
build-containers (ubuntu-latest, amd64)	Build and Push Image	2026-06-30T06:17:04.9640315Z #14 93.83     Did you mean to mark this function as 'async'?
build-containers (ubuntu-latest, amd64)	Build and Push Image	2026-06-30T06:17:04.9641399Z #14 93.83 [96m../../libraries/nestjs-libraries/src/agent/agent.graph.insert.service.ts[0m:[93m101[0m:[93m31[0m - [91merror[0m[90m TS1308: [0m'await' expressions are only allowed within async functions and at the top levels of modules.
build-containers (ubuntu-latest, amd64)	Build and Push Image	2026-06-30T06:17:04.9642291Z #14 93.83 
build-containers (ubuntu-latest, amd64)	Build and Push Image	2026-06-30T06:17:04.9642741Z #14 93.83 [7m101[0m     const structuredOutput = (await this.getModel()).withStructuredOutput(hook);
build-containers (ubuntu-latest, amd64)	Build and Push Image	2026-06-30T06:17:04.9643275Z #14 93.83 [7m   [0m [91m                              ~~~~~[0m
build-containers (ubuntu-latest, amd64)	Build and Push Image	2026-06-30T06:17:04.9643570Z #14 93.83 
build-containers (ubuntu-latest, amd64)	Build and Push Image	2026-06-30T06:17:04.9644067Z #14 93.83   [96m../../libraries/nestjs-libraries/src/agent/agent.graph.insert.service.ts[0m:[93m99[0m:[93m3[0m
build-containers (ubuntu-latest, amd64)	Build and Push Image	2026-06-30T06:17:04.9644663Z #14 93.83     [7m99[0m   findHook(state: WorkflowChannelsState) {
build-containers (ubuntu-latest, amd64)	Build and Push Image	2026-06-30T06:17:04.9645027Z #14 93.83     [7m  [0m [96m  ~~~~~~~~[0m
build-containers (ubuntu-latest, amd64)	Build and Push Image	2026-06-30T06:17:04.9645339Z #14 93.83     Did you mean to mark this function as 'async'?
build-containers (ubuntu-latest, amd64)	Build and Push Image	2026-06-30T06:17:04.9646203Z #14 93.83 [96m../../libraries/nestjs-libraries/src/agent/agent.graph.service.ts[0m:[93m167[0m:[93m13[0m - [91merror[0m[90m TS2339: [0mProperty 'category' does not exist on type '{}'.
build-containers (ubuntu-latest, amd64)	Build and Push Image	2026-06-30T06:17:04.9647305Z #14 93.83 
build-containers (ubuntu-latest, amd64)	Build and Push Image	2026-06-30T06:17:04.9647749Z #14 93.83 [7m167[0m     const { category: outputCategory } = await ChatPromptTemplate.fromTemplate(
build-containers (ubuntu-latest, amd64)	Build and Push Image	2026-06-30T06:17:04.9648242Z #14 93.83 [7m   [0m [91m            ~~~~~~~~[0m
build-containers (ubuntu-latest, amd64)	Build and Push Image	2026-06-30T06:17:04.9649040Z #14 93.83 [96m../../libraries/nestjs-libraries/src/agent/agent.graph.service.ts[0m:[93m194[0m:[93m13[0m - [91merror[0m[90m TS2339: [0mProperty 'topic' does not exist on type '{}'.
build-containers (ubuntu-latest, amd64)	Build and Push Image	2026-06-30T06:17:04.9650184Z #14 93.83 
build-containers (ubuntu-latest, amd64)	Build and Push Image	2026-06-30T06:17:04.9650709Z #14 93.83 [7m194[0m     const { topic: outputTopic } = await ChatPromptTemplate.fromTemplate(
build-containers (ubuntu-latest, amd64)	Build and Push Image	2026-06-30T06:17:04.9651215Z #14 93.83 [7m   [0m [91m            ~~~~~[0m
build-containers (ubuntu-latest, amd64)	Build and Push Image	2026-06-30T06:17:04.9652021Z #14 93.83 [96m../../libraries/nestjs-libraries/src/agent/agent.graph.service.ts[0m:[93m222[0m:[93m13[0m - [91merror[0m[90m TS2339: [0mProperty 'hook' does not exist on type '{}'.
build-containers (ubuntu-latest, amd64)	Build and Push Image	2026-06-30T06:17:04.9652694Z #14 93.83 
build-containers (ubuntu-latest, amd64)	Build and Push Image	2026-06-30T06:17:04.9653096Z #14 93.83 [7m222[0m     const { hook: outputHook } = await ChatPromptTemplate.fromTemplate(
build-containers (ubuntu-latest, amd64)	Build and Push Image	2026-06-30T06:17:04.9653550Z #14 93.83 [7m   [0m [91m            ~~~~[0m
build-containers (ubuntu-latest, amd64)	Build and Push Image	2026-06-30T06:17:04.9654333Z #14 93.83 [96m../../libraries/nestjs-libraries/src/agent/agent.graph.service.ts[0m:[93m266[0m:[93m13[0m - [91merror[0m[90m TS2339: [0mProperty 'content' does not exist on type '{}'.
build-containers (ubuntu-latest, amd64)	Build and Push Image	2026-06-30T06:17:04.9654972Z #14 93.83 
build-containers (ubuntu-latest, amd64)	Build and Push Image	2026-06-30T06:17:04.9655374Z #14 93.83 [7m266[0m     const { content: outputContent } = await ChatPromptTemplate.fromTemplate(
build-containers (ubuntu-latest, amd64)	Build and Push Image	2026-06-30T06:17:04.9655845Z #14 93.83 [7m   [0m [91m            ~~~~~~~[0m
build-containers (ubuntu-latest, amd64)	Build and Push Image	2026-06-30T06:17:04.9656944Z #14 93.83 [96m../../libraries/nestjs-libraries/src/chat/load.tools.service.ts[0m:[93m96[0m:[93m7[0m - [91merror[0m[90m TS2322: [0mType 'LanguageModelV4' is not assignable to type 'DynamicArgument<MastraModelConfig | ModelWithRetries[], unknown>'.
build-containers (ubuntu-latest, amd64)	Build and Push Image	2026-06-30T06:17:04.9658932Z #14 93.83   Type 'LanguageModelV4' is not assignable to type '(string & {}) | LanguageModelV1 | LanguageModelV2 | LanguageModelV3 | { id: `${string}/${string}`; url?: string; apiKey?: string; headers?: Record<...>; } | ... 4 more ... | (({ requestContext, mastra, }: { ...; }) => MastraModelConfig | ... 1 more ... | Promise<...>)'.
build-containers (ubuntu-latest, amd64)	Build and Push Image	2026-06-30T06:17:04.9660375Z #14 93.83     Type 'LanguageModelV4' is not assignable to type 'MastraLanguageModelV3'.
build-containers (ubuntu-latest, amd64)	Build and Push Image	2026-06-30T06:17:04.9660983Z #14 93.83       Type 'LanguageModelV4' is not assignable to type 'Omit<LanguageModelV3, "doGenerate" | "doStream">'.
build-containers (ubuntu-latest, amd64)	Build and Push Image	2026-06-30T06:17:04.9661549Z #14 93.83         Types of property 'specificationVersion' are incompatible.
build-containers (ubuntu-latest, amd64)	Build and Push Image	2026-06-30T06:17:04.9661962Z #14 93.83           Type '"v4"' is not assignable to type '"v3"'.
build-containers (ubuntu-latest, amd64)	Build and Push Image	2026-06-30T06:17:04.9662260Z #14 93.83 
build-containers (ubuntu-latest, amd64)	Build and Push Image	2026-06-30T06:17:04.9662538Z #14 93.83 [7m96[0m       model: modelProvider,
build-containers (ubuntu-latest, amd64)	Build and Push Image	2026-06-30T06:17:04.9662872Z #14 93.83 [7m  [0m [91m      ~~~~~[0m
build-containers (ubuntu-latest, amd64)	Build and Push Image	2026-06-30T06:17:04.9663112Z #14 93.83 
build-containers (ubuntu-latest, amd64)	Build and Push Image	2026-06-30T06:17:04.9663524Z #14 93.83   [96m../../node_modules/@mastra/core/dist/agent/types.d.ts[0m:[93m186[0m:[93m5[0m
build-containers (ubuntu-latest, amd64)	Build and Push Image	2026-06-30T06:17:04.9664205Z #14 93.83     [7m186[0m     model: DynamicArgument<MastraModelConfig | ModelWithRetries[], TRequestContext>;
build-containers (ubuntu-latest, amd64)	Build and Push Image	2026-06-30T06:17:04.9664710Z #14 93.83     [7m   [0m [96m    ~~~~~[0m
build-containers (ubuntu-latest, amd64)	Build and Push Image	2026-06-30T06:17:04.9665309Z #14 93.83     The expected type comes from property 'model' which is declared here on type 'AgentConfig<"postiz", Record<string, any>, undefined, unknown>'
build-containers (ubuntu-latest, amd64)	Build and Push Image	2026-06-30T06:17:04.9666970Z #14 93.83 [96m../../libraries/nestjs-libraries/src/services/ai-provider.service.ts[0m:[93m65[0m:[93m3[0m - [91merror[0m[90m TS2742: [0mThe inferred type of 'getAISDKProvider' cannot be named without a reference to '@ai-sdk/openai/node_modules/@ai-sdk/provider'. This is likely not portable. A type annotation is necessary.
build-containers (ubuntu-latest, amd64)	Build and Push Image	2026-06-30T06:17:04.9668058Z #14 93.83 
build-containers (ubuntu-latest, amd64)	Build and Push Image	2026-06-30T06:17:04.9668414Z #14 93.83 [7m65[0m   getAISDKProvider(provider: AIProvider, model: string) {
build-containers (ubuntu-latest, amd64)	Build and Push Image	2026-06-30T06:17:04.9669062Z #14 93.83 [7m  [0m [91m  ~~~~~~~~~~~~~~~~[0m
build-containers (ubuntu-latest, amd64)	Build and Push Image	2026-06-30T06:17:04.9670515Z #14 93.83 [96m../../libraries/nestjs-libraries/src/services/ai-provider.service.ts[0m:[93m65[0m:[93m3[0m - [91merror[0m[90m TS2742: [0mThe inferred type of 'getAISDKProvider' cannot be named without a reference to '@ai-sdk/openai/node_modules/@ai-sdk/provider'. This is likely not portable. A type annotation is necessary.
build-containers (ubuntu-latest, amd64)	Build and Push Image	2026-06-30T06:17:04.9671601Z #14 93.83 
build-containers (ubuntu-latest, amd64)	Build and Push Image	2026-06-30T06:17:04.9671941Z #14 93.83 [7m65[0m   getAISDKProvider(provider: AIProvider, model: string) {
build-containers (ubuntu-latest, amd64)	Build and Push Image	2026-06-30T06:17:04.9672341Z #14 93.83 [7m  [0m [91m  ~~~~~~~~~~~~~~~~[0m
build-containers (ubuntu-latest, amd64)	Build and Push Image	2026-06-30T06:17:04.9672595Z #14 93.83 
build-containers (ubuntu-latest, amd64)	Build and Push Image	2026-06-30T06:17:05.1143264Z #14 93.83 Found 9 error(s).
build-containers (ubuntu-latest, amd64)	Build and Push Image	2026-06-30T06:17:05.1143966Z #14 93.83 
build-containers (ubuntu-latest, amd64)	Build and Push Image	2026-06-30T06:17:05.1902949Z #14 94.06 /app/apps/backend:
build-containers (ubuntu-latest, amd64)	Build and Push Image	2026-06-30T06:17:05.1906706Z #14 94.06 ΓÇëERR_PNPM_RECURSIVE_RUN_FIRST_FAILΓÇë postiz-backend@1.0.0 build: `cross-env NODE_ENV=production nest build`
build-containers (ubuntu-latest, amd64)	Build and Push Image	2026-06-30T06:17:05.1908159Z #14 94.06 Exit status 1
build-containers (ubuntu-latest, amd64)	Build and Push Image	2026-06-30T06:17:05.3435295Z #14 94.06 ΓÇëWARNΓÇë  Local package.json exists, but node_modules missing, did you mean to install?
build-containers (ubuntu-latest, amd64)	Build and Push Image	2026-06-30T06:17:05.3436687Z #14 94.08 ΓÇëELIFECYCLEΓÇë Command failed with exit code 1.
build-containers (ubuntu-latest, amd64)	Build and Push Image	2026-06-30T06:17:05.3437604Z #14 ERROR: process "/bin/sh -c NODE_OPTIONS=\"--max-old-space-size=4096\" pnpm run build" did not complete successfully: exit code: 1
build-containers (ubuntu-latest, amd64)	Build and Push Image	2026-06-30T06:17:05.3536287Z ------
build-containers (ubuntu-latest, amd64)	Build and Push Image	2026-06-30T06:17:05.3536871Z  > [9/9] RUN NODE_OPTIONS="--max-old-space-size=4096" pnpm run build:
build-containers (ubuntu-latest, amd64)	Build and Push Image	2026-06-30T06:17:05.3537820Z 93.83 [7m65[0m   getAISDKProvider(provider: AIProvider, model: string) {
build-containers (ubuntu-latest, amd64)	Build and Push Image	2026-06-30T06:17:05.3538648Z 93.83 [7m  [0m [91m  ~~~~~~~~~~~~~~~~[0m
build-containers (ubuntu-latest, amd64)	Build and Push Image	2026-06-30T06:17:05.3539066Z 93.83 
build-containers (ubuntu-latest, amd64)	Build and Push Image	2026-06-30T06:17:05.3539542Z 93.83 Found 9 error(s).
build-containers (ubuntu-latest, amd64)	Build and Push Image	2026-06-30T06:17:05.3539845Z 93.83 
build-containers (ubuntu-latest, amd64)	Build and Push Image	2026-06-30T06:17:05.3540760Z 94.06 /app/apps/backend:
build-containers (ubuntu-latest, amd64)	Build and Push Image	2026-06-30T06:17:05.3541728Z 94.06 ΓÇëERR_PNPM_RECURSIVE_RUN_FIRST_FAILΓÇë postiz-backend@1.0.0 build: `cross-env NODE_ENV=production nest build`
build-containers (ubuntu-latest, amd64)	Build and Push Image	2026-06-30T06:17:05.3542727Z 94.06 Exit status 1
build-containers (ubuntu-latest, amd64)	Build and Push Image	2026-06-30T06:17:05.3543469Z 94.06 ΓÇëWARNΓÇë  Local package.json exists, but node_modules missing, did you mean to install?
build-containers (ubuntu-latest, amd64)	Build and Push Image	2026-06-30T06:17:05.3544525Z 94.08 ΓÇëELIFECYCLEΓÇë Command failed with exit code 1.
build-containers (ubuntu-latest, amd64)	Build and Push Image	2026-06-30T06:17:05.3544947Z ------
build-containers (ubuntu-latest, amd64)	Build and Push Image	2026-06-30T06:17:05.3614942Z Dockerfile.dev:27
build-containers (ubuntu-latest, amd64)	Build and Push Image	2026-06-30T06:17:05.3615312Z --------------------
build-containers (ubuntu-latest, amd64)	Build and Push Image	2026-06-30T06:17:05.3615543Z   25 |     
build-containers (ubuntu-latest, amd64)	Build and Push Image	2026-06-30T06:17:05.3615757Z   26 |     RUN pnpm install
build-containers (ubuntu-latest, amd64)	Build and Push Image	2026-06-30T06:17:05.3616121Z   27 | >>> RUN NODE_OPTIONS="--max-old-space-size=4096" pnpm run build
build-containers (ubuntu-latest, amd64)	Build and Push Image	2026-06-30T06:17:05.3616465Z   28 |     
build-containers (ubuntu-latest, amd64)	Build and Push Image	2026-06-30T06:17:05.3616692Z   29 |     CMD ["sh", "-c", "nginx && pnpm run pm2"]
build-containers (ubuntu-latest, amd64)	Build and Push Image	2026-06-30T06:17:05.3616975Z --------------------
build-containers (ubuntu-latest, amd64)	Build and Push Image	2026-06-30T06:17:05.3617579Z ERROR: failed to build: failed to solve: process "/bin/sh -c NODE_OPTIONS=\"--max-old-space-size=4096\" pnpm run build" did not complete successfully: exit code: 1
build-containers (ubuntu-latest, amd64)	Build and Push Image	2026-06-30T06:17:05.3671882Z ##[error]Process completed with exit code 1.
build-containers (ubuntu-latest, amd64)	Post Login to ghcr	∩╗┐2026-06-30T06:17:05.3759134Z Node 20 is being deprecated. This workflow is running with Node 24 by default. If you need to temporarily use Node 20, you can set the ACTIONS_ALLOW_USE_UNSECURE_NODE_VERSION=true environment variable. For more information see: https://github.blog/changelog/2025-09-19-deprecation-of-node-20-on-github-actions-runners/
build-containers (ubuntu-latest, amd64)	Post Login to ghcr	2026-06-30T06:17:05.3760556Z Post job cleanup.
build-containers (ubuntu-latest, amd64)	Post Login to ghcr	2026-06-30T06:17:05.6976302Z ##[group]Logout from ghcr.io
build-containers (ubuntu-latest, amd64)	Post Login to ghcr	2026-06-30T06:17:05.6998628Z (node:7291) [DEP0040] DeprecationWarning: The `punycode` module is deprecated. Please use a userland alternative instead.
build-containers (ubuntu-latest, amd64)	Post Login to ghcr	2026-06-30T06:17:05.6999618Z (Use `node --trace-deprecation ...` to show where the warning was created)
build-containers (ubuntu-latest, amd64)	Post Login to ghcr	2026-06-30T06:17:05.7018039Z [command]/usr/bin/docker logout ghcr.io
build-containers (ubuntu-latest, amd64)	Post Login to ghcr	2026-06-30T06:17:05.7154198Z Removing login credentials for ghcr.io
build-containers (ubuntu-latest, amd64)	Post Login to ghcr	2026-06-30T06:17:05.7178624Z ##[endgroup]
build-containers (ubuntu-latest, amd64)	Post Login to ghcr	2026-06-30T06:17:05.7179479Z ##[group]Post cache
build-containers (ubuntu-latest, amd64)	Post Login to ghcr	2026-06-30T06:17:05.7180495Z State not set
build-containers (ubuntu-latest, amd64)	Post Login to ghcr	2026-06-30T06:17:05.7181423Z ##[endgroup]
build-containers (ubuntu-latest, amd64)	Post Set up Docker Buildx	∩╗┐2026-06-30T06:17:05.7352057Z Node 20 is being deprecated. This workflow is running with Node 24 by default. If you need to temporarily use Node 20, you can set the ACTIONS_ALLOW_USE_UNSECURE_NODE_VERSION=true environment variable. For more information see: https://github.blog/changelog/2025-09-19-deprecation-of-node-20-on-github-actions-runners/
build-containers (ubuntu-latest, amd64)	Post Set up Docker Buildx	2026-06-30T06:17:05.7353267Z Post job cleanup.
build-containers (ubuntu-latest, amd64)	Post Set up Docker Buildx	2026-06-30T06:17:05.9934121Z ##[group]Removing builder
build-containers (ubuntu-latest, amd64)	Post Set up Docker Buildx	2026-06-30T06:17:05.9940869Z (node:7312) [DEP0040] DeprecationWarning: The `punycode` module is deprecated. Please use a userland alternative instead.
build-containers (ubuntu-latest, amd64)	Post Set up Docker Buildx	2026-06-30T06:17:05.9941697Z (Use `node --trace-deprecation ...` to show where the warning was created)
build-containers (ubuntu-latest, amd64)	Post Set up Docker Buildx	2026-06-30T06:17:06.0915801Z [command]/usr/bin/docker buildx rm builder-a91ad41a-5790-4d6f-9df4-f2ab119678dc
build-containers (ubuntu-latest, amd64)	Post Set up Docker Buildx	2026-06-30T06:17:22.5560716Z builder-a91ad41a-5790-4d6f-9df4-f2ab119678dc removed
build-containers (ubuntu-latest, amd64)	Post Set up Docker Buildx	2026-06-30T06:17:22.5598096Z ##[endgroup]
build-containers (ubuntu-latest, amd64)	Post Set up Docker Buildx	2026-06-30T06:17:22.5620455Z ##[group]Cleaning up certificates
build-containers (ubuntu-latest, amd64)	Post Set up Docker Buildx	2026-06-30T06:17:22.5650237Z ##[endgroup]
build-containers (ubuntu-latest, amd64)	Post Set up Docker Buildx	2026-06-30T06:17:22.5660145Z ##[group]Post cache
build-containers (ubuntu-latest, amd64)	Post Set up Docker Buildx	2026-06-30T06:17:22.5660382Z State not set
build-containers (ubuntu-latest, amd64)	Post Set up Docker Buildx	2026-06-30T06:17:22.5660944Z ##[endgroup]
build-containers (ubuntu-latest, amd64)	Post Checkout	∩╗┐2026-06-30T06:17:22.5842428Z Node 20 is being deprecated. This workflow is running with Node 24 by default. If you need to temporarily use Node 20, you can set the ACTIONS_ALLOW_USE_UNSECURE_NODE_VERSION=true environment variable. For more information see: https://github.blog/changelog/2025-09-19-deprecation-of-node-20-on-github-actions-runners/
build-containers (ubuntu-latest, amd64)	Post Checkout	2026-06-30T06:17:22.5843601Z Post job cleanup.
build-containers (ubuntu-latest, amd64)	Post Checkout	2026-06-30T06:17:22.6687888Z [command]/usr/bin/git version
build-containers (ubuntu-latest, amd64)	Post Checkout	2026-06-30T06:17:22.6724769Z git version 2.54.0
build-containers (ubuntu-latest, amd64)	Post Checkout	2026-06-30T06:17:22.6759776Z Temporarily overriding HOME='/home/runner/work/_temp/5a1dbe2e-cb0b-4709-92a8-6352456f2344' before making global git config changes
build-containers (ubuntu-latest, amd64)	Post Checkout	2026-06-30T06:17:22.6761011Z Adding repository directory to the temporary git global config as a safe directory
build-containers (ubuntu-latest, amd64)	Post Checkout	2026-06-30T06:17:22.6764530Z [command]/usr/bin/git config --global --add safe.directory /home/runner/work/Swiftsai-app/Swiftsai-app
build-containers (ubuntu-latest, amd64)	Post Checkout	2026-06-30T06:17:22.6802263Z [command]/usr/bin/git config --local --name-only --get-regexp core\.sshCommand
build-containers (ubuntu-latest, amd64)	Post Checkout	2026-06-30T06:17:22.6860280Z [command]/usr/bin/git submodule foreach --recursive sh -c "git config --local --name-only --get-regexp 'core\.sshCommand' && git config --local --unset-all 'core.sshCommand' || :"
build-containers (ubuntu-latest, amd64)	Post Checkout	2026-06-30T06:17:22.7100624Z [command]/usr/bin/git config --local --name-only --get-regexp http\.https\:\/\/github\.com\/\.extraheader
build-containers (ubuntu-latest, amd64)	Post Checkout	2026-06-30T06:17:22.7126745Z http.https://github.com/.extraheader
build-containers (ubuntu-latest, amd64)	Post Checkout	2026-06-30T06:17:22.7137037Z [command]/usr/bin/git config --local --unset-all http.https://github.com/.extraheader
build-containers (ubuntu-latest, amd64)	Post Checkout	2026-06-30T06:17:22.7168980Z [command]/usr/bin/git submodule foreach --recursive sh -c "git config --local --name-only --get-regexp 'http\.https\:\/\/github\.com\/\.extraheader' && git config --local --unset-all 'http.https://github.com/.extraheader' || :"
build-containers (ubuntu-latest, amd64)	Post Checkout	2026-06-30T06:17:22.7403469Z [command]/usr/bin/git config --local --name-only --get-regexp ^includeIf\.gitdir:
build-containers (ubuntu-latest, amd64)	Post Checkout	2026-06-30T06:17:22.7436128Z [command]/usr/bin/git submodule foreach --recursive git config --local --show-origin --name-only --get-regexp remote.origin.url
build-containers (ubuntu-latest, amd64)	Complete job	∩╗┐2026-06-30T06:17:22.7818992Z Cleaning up orphan processes
build-containers (ubuntu-latest, amd64)	Complete job	2026-06-30T06:17:22.8132254Z ##[warning]Node.js 20 is deprecated. The following actions target Node.js 20 but are being forced to run on Node.js 24: actions/checkout@v4, docker/login-action@v3, docker/setup-buildx-action@v3. For more information see: https://github.blog/changelog/2025-09-19-deprecation-of-node-20-on-github-actions-runners/
